name	payload	total	polygon	base	row	tag	occurrence	vertices	polygons	descriptor	indices	vt_indices	df_indices
synthetic_0_0	0000a5a5000000000000000000000000000000000000000000000000000000000000000000000000090000000200000000000000730000000000000000000000000000002d00000000000300000001000000000030010000000000000000ffff0000000000000000000001000000ffff0000000000000000000002000000ffff0000000000000000000004000000ffff0000000000000000000005000000ffff0000000000000000000006000000ffff0000000000000000000062610000ffff111111110d0000002222222249000000c5eb7c8ebb3f25cdb8b731fcd46ee75b15bafe59e54a14f938f0e2c9a0760d9e0a67a780777ac2321ac5bfbe57d4af2fbb7a17e3da7578bfe1d3c7610bf9f0d5e14588de4271b409455d6e2e5326c594aa6a9b7bb2116d0dfb1a11db182e176cf92c8ed2c130af5cd1a5d0821a482a8ae0f35793d98b4ff8823d56aed972f14a6a63c7b54a62aa611d62a3e5cf90be9a6c1c20380dad84b66a321a2a0560a1c7278ed727bb340e9cdcb4eafe01dc37d0020555f9851de6ae733432265098448ce4b3ee71ce8b1bd5f63edb75772ad29ac9c9d6aadd105ebcb70faa64570733488f6b07351389ab7aa6941562ce5729ac78240eb9c714789d0b2db2044a1614ba	0	7	0	0	1987321888	0	0	1	48	-	-	-
synthetic_0_1	0000a5a5000000000000000000000000000000000000000000000000000000000000000000000000090000000200000000000000730000000000000000000000000000002d00000000000300000001000000000030010000000000000000ffff0000000000000000000001000000ffff0000000000000000000002000000ffff0000000000000000000004000000ffff0000000000000000000005000000ffff0000000000000000000006000000ffff0000000000000000000062610000ffff111111110d00000022222222490000003fb0d4e37a1058f949b6468f475698570601800a28e245928900679cc7a5a3ea54f5217540bb74b4c0ebc3cfe1c38c0ba8c79699dbb6730b86b486a4316ad238569a39f34ec9c041d3bedff63be71256e956ee52b3a386cd7a5a2e848dee8b7e8359e646a9026802e9c7e9ddfbc1bad02ad4d78baca38c7b9404280e0e8e107a650d1b2b6bfdb6820c1347c250e110c91036604b1e9c1904ae8727556bfce46a8c35736366fcc359f126aca4b1f15ff11f4f0b0444a41406d27fc56dbd519c0e24f29b332f9369b039bf01d7ba9666435b1b87e2a973a50b63acc410b3a85991e638ff99b1be115ac6988f5f3036cc584e834a98ad22953aa28928d808299675	1	9	7	1	1852645408	1	0	2	-	-	-	-
synthetic_0_2	0000a5a500000000000000000000000000000000000000000000000000000000000000000000000009000000020000000000000073000000000000000000ffff000000002d000000000003000000ffff0000000030010000000000000000ffff0000000000000000000001000000ffff0000000000000000000002000000ffff0000000000000000000004000000ffff0000000000000000000005000000ffff0000000000000000000006000000ffff0000000000000000000062610000ffff111111110d00000022222222490000003fb0d4e37a1058f949b6468f475698570601800a28e245928900679cc7a5a3ea54f5217540bb74b4c0ebc3cfe1c38c0ba8c79699dbb6730b86b486a4316ad238569a39f34ec9c041d3bedff63be71256e956ee52b3a386cd7a5a2e848dee8b7e8359e646a9026802e9c7e9ddfbc1bad02ad4d78baca38c7b9404280e0e8e107a650d1b2b6bfdb6820c1347c250e110c91036604b1e9c1904ae8727556bfce46a8c35736366fcc359f126aca4b1f15ff11f4f0b0444a41406d27fc56dbd519c0e24f29b332f9369b039bf01d7ba9666435b1b87e2a973a50b63acc410b3a85991e638ff99b1be115ac6988f5f3036cc584e834a98ad22953aa28928d808299675	2	2147483647	4294967294	65535	1970675744	2	0	3	-	-	-	-
synthetic_0_3	0000a5a5000000000000000000000000000000000000000000000000000000000000000000000000090000000200000000000000730000000000000000000000000000002d00000000000300000001000000000030010000000000000000ffff0000000000000000000001000000ffff0000000000000000000002000000ffff0000000000000000000004000000ffff0000000000000000000005000000ffff0000000000000000000006000000ffff0000000000000000000062610000ffff111111110d0000002222222249000000f83f8853e3032af4858f3e727a607001c44139c4959517e514b613e6c698b025a62e68bb3eef8a9145c984e92fc146e6afd09e73221389f4978471e942f839b910895129d5a07aa992b8155eae43e01c9f9339222df0dae91dce9b139fa29123d2e82d3271c9fc19b96685da474d4f5ddafec8bc8daab563733f147917c5aa6b7ba65000ca2472b14ab51453e582e9f1b66f2fba82fd932bddd4441a5f3d9894534f974b9627d11044318990c8dd765cbcb8eff726955d1c10c7669deccead0d0d6adeec3e1b9d3c5dc466fbd7232e96ce53b8f653bcb7fe8b204b19bfc6ba1ee0df29db4ed415ce66572d3517e5a2b7f71b126a3b3fa2b9179d6cafe4f38f77	3	9	4294967295	0	1684414496	0	0	4	64	-	-	-
synthetic_0_4	0000a5a5000000000000000000000000000000000000000000000000000000000000000000000000090000000200000000000000730000000000000000000000000000002d00000000000300000001000000000030010000000000000000ffff0000000000000000000001000000ffff0000000000000000000002000000ffff0000000000000000000004000000ffff0000000000000000000005000000ffff0000000000000000000006000000ffff0000000000000000000062610000ffff111111110d0000002222222249000000eb71e3d50a35af665982b22825d501a92748d640e43356823e183d9b392d5e90976e081c2e01d1c88b14e698e5046de68b0d0bbc53b50dbafb6cfd7fb808adf03be9179e49f61a76b1075967648fd2bf8ecd8ddabf07b286cdb97c090a02f739aaf957cd67ca3cbc08079a012aff3004af6e717cc63334547c7c39809c1ba6fe4bcf669141423bf52e52ea9e599a62660eb8ff66d894708773b250e1660fa2bbf109da08ce3095a148a43e844e11f8af2f6c668412b309a765df97451ab45970c6548b4f74f36c25d9f4cfab44fcef09a27527ccc92aff5ffaccb1265509a133d96e851c25cda9b8b8d9a6170899daff4262ae32fe4cc15d649b2c02a3731790	4	14	0	1	1113682789	1	0	5	-	-	-	-
synthetic_0_5	0000a5a5000000000000000000000000000000000000000000000000000000000000000000000000090000000200000000000000730000000000000000000000000000002d00000000000300000001000000000030010000000000000000ffff0000000000000000000001000000ffff0000000000000000000002000000ffff0000000000000000000004000000ffff0000000000000000000005000000ffff0000000000000000000006000000ffff0000000000000000000062610000ffff111111110d0000002222222249000000f99b5adf03add21d1ce53a4dc1e4a3cb05925121af67a3ad849cec19010330246ac1cbdff15aadffb986aaa26523380faba4a3c295ba4e566b6abe5030011cd65ad676c69f9f2383dc940404a5c557519770092d060850d93eb47f54592c5ae97c213734fee8e4d32c43451967aee6b2ec26db0a11be032fea2f74e9ac1c0134922949b6f43d78cb6d44653b00776c6fda5436edaa94585f233e71d4de9385ab17f0ffe14b561e5cc7b6115df4197b93b4895a8e4feb3aa187caa54aa6f37a58dffa0b6d740c0d5ec862a24eedea30ad6b048a5cfeb730ab3a1d5239c1b914c26f127836c825599baa3784474609ae156bc94344d669700f44941fd9809db083	5	1	7	65535	1886527520	2	0	6	-	-	-	-
synthetic_0_6	0000a5a5000000000000000000000000000000000000000000000000000000000000000000000000090000000200000000000000730000000000000000000000000000002d00000000000300000001000000000030010000000000000000ffff0000000000000000000001000000ffff0000000000000000000002000000ffff0000000000000000000004000000ffff0000000000000000000005000000ffff0000000000000000000006000000ffff0000000000000000000062610000ffff111111110d000000222222224900000038769ade42d5a32954bf9115de10b3c0b6399406412b0d60b8a854e083bd84ee1e3fd516aabe652feb050ab268291c30b2da23b14278bdef36e45f30c8e328744002dd07d122e4915cb0ca63ec2b7ba4a76dffcb42b164681417dce5828fa8b4ebeb6bf54121692252d2beed2786e9d869e40d99e66aeef417c724bf240129e01a12caaa03227419318fbc8c372348be4e85239571c7490a5a70bec62c1965a2e32e420f12fa1d67aef4482f97604b43db924ef2c757dfc665361935d6d24cbf163d4a29fa7f545139e07c69bacce32f21e7c05f6dd7776a5733e0a4e418475923b8b06aeb6b2a9061cd9c64838964b3db6d54dbe273015f461f6b2d7a945683	12	7	4294967294	0	1701191712	0	0	13	160	-	-	-
synthetic_0_7	0000a5a5000000000000000000000000000000000000000000000000000000000000000000000000090000000200000000000000730000000000000000000000000000002d00000000000300000001000000000030010000000000000000ffff0000000000000000000001000000ffff0000000000000000000002000000ffff0000000000000000000004000000ffff0000000000000000000005000000ffff0000000000000000000006000000ffff0000000000000000000062610000ffff111111110d00000022222222490000008a05ad840d94496a75cda69ee186da507ea37d19a6438c0064f16ce74e0153048ad8ecb2e7ffb1eaa7d72d8a5807b499520d3071672059526785177865bdff33146ccdaa937b0fdf2c4eb6aedb323bbc7722e48ed90be150123f0e49128eabf925c6f47e817d34b1d5e9fd123a9290dd8798247a2d62bf37cb51994bbbe3cb919173d99c1a9d291dbaf9074c912b8fe04a1faf28477b767d7e86d078daedb1ca6a04f463c5a71e18034de48a985c66c8703c9d3ba2c7b704b27fa37e36665ec2736334c0c6d0571d0544c2e6e3923ebcb9ad87286aa9b1bba2cb8f0c7865dac3005108843736c129ea76ca400a3c2c5480254f9eecf6cc1607818d65ffd3ebcf	255	1	4294967295	1	1633820704	1	0	256	-	-	-	-
synthetic_0_8	0000a5a5000000000000000000000000000000000000000000000000000000000000000000000000090000000200000000000000730000000000000000000000000000002d00000000000300000001000000000030010000000000000000ffff0000000000000000000001000000ffff0000000000000000000002000000ffff0000000000000000000004000000ffff0000000000000000000005000000ffff0000000000000000000006000000ffff0000000000000000000062610000ffff111111110d0000002222222249000000a65a828253cd184284ec46bcf77b9bf15f3bb7c053a81a870a551e6a6fd5e52faa73e2ee438bca974222cd2f8cb8275bd220d65e052109410a0e909ba1842389785e8a1ea6d3fb667986a6c71eb3d9dcb4589c71edab7b8f6f11c107108f04e71b20232304aa47bd27f295346b3351b1d533a1ab342fd42a95f2477776f77867c1da6f934b147e5cd96eb87d4ba9baa76740f14f6ac337fe820f2ae837414e3e8b8d7f20637ffc7c7eb31d5dc8f3afd96105c3057721f2cb832d20d86736e34c19344ad134833ffa49314e97f899f9df63742313c20aa8fafb06fbe5bdccfda804985805487a249d00d131fb8ec4e43faeaf242033e5000fbc1e532f1ba9fdbf	4294967294	0	0	65535	2054823968	2	0	4294967295	-	-	-	-
synthetic_0_9	0000a5a5000000000000000000000000000000000000000000000000000000000000000000000000090000000200000000000000730000000000000000000000000000002d00000000000300000001000000000030010000000000000000ffff0000000000000000000001000000ffff0000000000000000000002000000ffff0000000000000000000004000000ffff0000000000000000000005000000ffff0000000000000000000006000000ffff0000000000000000000062610000ffff111111110d0000002222222249000000d8c926ad0a2fd8ed17451224a1d507a511a3f47616189efd4ba3263fba4e5cec40603218a088f55780ee7b149826b56296daf5425b5e6e88bb246fa47d89236297c7e65dbd18f77c117d6e48e094516b256676ff490e88e2bd711136679e2e2db7c5caba262a1993da0bd2daa446226c940d0ec9bbccfacd72845a7f7337a7a3cda7bd9285c4e21267d98281a47d360481d8a41722c5a006bfaa726c79b235a6011dc2f92f6181fcc97f5fc3b2aa1ebefd06e9368369a51ee710de5796675673bc8ff7b404d031c4909ca890deb1d37e82f4537abf51fa630b789163ed9641a9e3c77a9a666ce79cf83785a4d9084e8be160571d1e97cbdb073ce8ead2aa355c	4294967295	3	7	0	1987321888	0	0	0	48	-	-	-
synthetic_0_10	0000a5a5000000000000000000000000000000000000000000000000000000000000000000000000090000000200000000000000730000000000000000000000000000002d00000000000300000001000000000030010000000000000000ffff0000000000000000000001000000ffff0000000000000000000002000000ffff0000000000000000000004000000ffff0000000000000000000005000000ffff0000000000000000000006000000ffff0000000000000000000062610000ffff111111110d0000002222222249000000085404849b3ac63d361d323eb8ab6af8afe371857e821f48ce45e9420209f0dfd5f9b96d1ef25e4a0200e1cec10e55e2d1fb95ba5838296074fec36fe12a8be705dbd993fc14959728042c953800ec7b4f83576ae1b7f30c83d702286a3d97a9cf3342aa363663273a3ec9265e0fe8f238498ab6aee585a783c17780faf56770733832b362d097309dfc0272874de649a303000b70e71de379be0c7741e49cc94f4f2d087e1be4f6c256b8447e3e06d5f808f3ad452912621a28ed1e23535c54dc958eb99e02b0f0785ab0ed80ae79e0b3c913363853f17cf24c546af06e4bf015513e9b2fef7b1ca7e4490f516ef0afb97cf2a38a159fd5856b1a0bb16450cd	0	3	4294967294	1	1852645408	1	0	1	-	-	-	-
synthetic_0_11	0000a5a500000000000000000000000000000000000000000000000000000000000000000000000009000000020000000000000073000000000000000000ffff000000002d000000000003000000ffff0000000030010000000000000000ffff0000000000000000000001000000ffff0000000000000000000002000000ffff0000000000000000000004000000ffff0000000000000000000005000000ffff0000000000000000000006000000ffff0000000000000000000062610000ffff111111110d0000002222222249000000085404849b3ac63d361d323eb8ab6af8afe371857e821f48ce45e9420209f0dfd5f9b96d1ef25e4a0200e1cec10e55e2d1fb95ba5838296074fec36fe12a8be705dbd993fc14959728042c953800ec7b4f83576ae1b7f30c83d702286a3d97a9cf3342aa363663273a3ec9265e0fe8f238498ab6aee585a783c17780faf56770733832b362d097309dfc0272874de649a303000b70e71de379be0c7741e49cc94f4f2d087e1be4f6c256b8447e3e06d5f808f3ad452912621a28ed1e23535c54dc958eb99e02b0f0785ab0ed80ae79e0b3c913363853f17cf24c546af06e4bf015513e9b2fef7b1ca7e4490f516ef0afb97cf2a38a159fd5856b1a0bb16450cd	1	4294967295	4294967295	65535	1970675744	2	0	2	-	-	-	-
synthetic_0_12	0000a5a5000000000000000000000000000000000000000000000000000000000000000000000000090000000200000000000000730000000000000000000000000000002d00000000000300000001000000000030010000000000000000ffff0000000000000000000001000000ffff0000000000000000000002000000ffff0000000000000000000004000000ffff0000000000000000000005000000ffff0000000000000000000006000000ffff0000000000000000000062610000ffff111111110d00000022222222490000009fbf50c984ee562d6a2c386a2cfb4b2e3e8413617818148cbac14fc54033394bdcfd6098827e6f669c4c18c0d70f2888dd92d4ec43ac0ba17f67044e44ef1050e7dd184daa2c96a6c99c39a2b8ee01cdd8cf68f6e0801ac1f3002babb0b55599206e1a37d189c5acad91db4a7632096c607c789cb3448ff1882d943f8ab4843987e2b08a32896e20674a41e7baaade48b7e17eb51c793f7130f8d6caa7b7eda9bef0bf00404c7a56c5ff42a92b7b29666f820b259ac87008707b3298fa7a6522b7848de23736cf4bdfe200afa207359bd89c73d079080174812bcb57f70ff2987e5a9eff076a569e36b7818aa631e26d549bff20a1b0691cc85a30c90ef9382f	2	11	0	0	1684414496	0	0	3	64	-	-	-
synthetic_0_13	0000a5a5000000000000000000000000000000000000000000000000000000000000000000000000090000000200000000000000730000000000000000000000000000002d00000000000300000001000000000030010000000000000000ffff0000000000000000000001000000ffff0000000000000000000002000000ffff0000000000000000000004000000ffff0000000000000000000005000000ffff0000000000000000000006000000ffff0000000000000000000062610000ffff111111110d00000022222222490000002494ff8e55f7ed098b1d5f7b3eb460b59c50de77ad65603d0a54de4555b07b72944f1f507f9d5a73cfae5ce9a2454cca53128ee05ef83d3f54ef95b3fa9b6d842e14cb7debe3205a9c6ff3dedcdff46a5dbd080b750c827637ec224ee5e7d9bf483bbbe8be4580ffddd0403f24850351819b36dfb6d37120ad260f7bfefb236b6eecc07408bcac899bad04cb9ece7590fb2a7e6d9265c8f06d28ddd4dce3d2d637551baf7ea6acb4d6e9f759a40800a96d47cd74e3fdb0b89e70a0557c0a869e9c0e58a031921a87b3e58bef5ffec02a62a248badef10343e961e5e029420987d20679f141b17787cf96e4286cdb7a531958df0559fef7c073efb77b5108dc23	3	19	7	1	1113682789	1	0	4	-	-	-	-
synthetic_0_14	0000a5a500000000000000000000000000000000000000000000000000000000000000000000000009000000020000000000000073000000000000000000ffff000000002d000000000003000000ffff0000000030010000000000000000ffff0000000000000000000001000000ffff0000000000000000000002000000ffff0000000000000000000004000000ffff0000000000000000000005000000ffff0000000000000000000006000000ffff0000000000000000000062610000ffff111111110d00000022222222490000002494ff8e55f7ed098b1d5f7b3eb460b59c50de77ad65603d0a54de4555b07b72944f1f507f9d5a73cfae5ce9a2454cca53128ee05ef83d3f54ef95b3fa9b6d842e14cb7debe3205a9c6ff3dedcdff46a5dbd080b750c827637ec224ee5e7d9bf483bbbe8be4580ffddd0403f24850351819b36dfb6d37120ad260f7bfefb236b6eecc07408bcac899bad04cb9ece7590fb2a7e6d9265c8f06d28ddd4dce3d2d637551baf7ea6acb4d6e9f759a40800a96d47cd74e3fdb0b89e70a0557c0a869e9c0e58a031921a87b3e58bef5ffec02a62a248badef10343e961e5e029420987d20679f141b17787cf96e4286cdb7a531958df0559fef7c073efb77b5108dc23	4	2147483647	4294967294	65535	1886527520	2	0	5	-	-	-	-
synthetic_0_15	0000a5a5000000000000000000000000000000000000000000000000000000000000000000000000090000000200000000000000730000000000000000000000000000002d00000000000300000001000000000030010000000000000000ffff0000000000000000000001000000ffff0000000000000000000002000000ffff0000000000000000000004000000ffff0000000000000000000005000000ffff0000000000000000000006000000ffff0000000000000000000062610000ffff111111110d00000022222222490000007b89b17ffd41eeadb9139baa9be6b610ab870fa41c9d97f14252b0f3964315551c8c73b2120426d754c669aeedbfad5157d20a5f00cecfb78bca8c02fe1eb4741e53bedd24a57b58f6952eef39e664e377ac192ff139a1bbd5226b7800666175eaa185898fcefebcdd39d407296066843ddfe5ca8f841bc25bebffc72def8c244b883e3742e0cee1478ef790c9890a537c8e24f1faba151b87f97b546aab97a009c481ce75d2d23048025864ae6d404dcae05654d11174c32164ad8fdf5832d2448e0bd7d5b01b4de2729f707cd9596a200c17f6a1ab314ad2da1bb405d13d2a0a3fa6e67b164d5a5bad901aed929f5b8ab7a6a00da892ac442a142c73183571	5	19	4294967295	0	1701191712	0	0	6	160	-	-	-
synthetic_0_16	0000a5a5000000000000000000000000000000000000000000000000000000000000000000000000090000000200000000000000730000000000000000000000000000002d00000000000300000001000000000030010000000000000000ffff0000000000000000000001000000ffff0000000000000000000002000000ffff0000000000000000000004000000ffff0000000000000000000005000000ffff0000000000000000000006000000ffff0000000000000000000062610000ffff111111110d00000022222222490000003c389997e99366075bb06fae7bab6742adb47e3a06773614db32adf1ad9a5778dc1a14bc055f15cec6140f7345f61790cf46450294e265ce2bd4f526dc3427f10b2f6ed58c967f5b9d87a6865d0f6a006cb092a5a2a9d4c2df166f15cef8a97679e933037861788c0a166c8bd70305c1b3b5c8581514d42d83f8ceb3a5dceed15d0190fb85e8ff9bef1e7ea89380e58d042c003561337c11c4dc75d4a8baef9d03b836fc3f5f2753f907d279ae42ec5945c74328fa41f3295532b8ee52b7235428767ee2aa9cba1236cfc0da7d49610fd1ed03f5d386d33e50792849cf55d15c4ec189cbc2be356aa148e1dc0e9fdcb950bf304692ce0cb520ed62b3d6252fa6	12	5	0	1	1633820704	1	0	13	-	-	-	-
synthetic_0_17	0000a5a5000000000000000000000000000000000000000000000000000000000000000000000000090000000200000000000000730000000000000000000000000000002d00000000000300000001000000000030010000000000000000ffff0000000000000000000001000000ffff0000000000000000000002000000ffff0000000000000000000004000000ffff0000000000000000000005000000ffff0000000000000000000006000000ffff0000000000000000000062610000ffff111111110d00000022222222490000007f06815d1abbb64254941f9321346216cfbda12359a7e4c475b602f89693fc2157002cf96f66bb0cece5c8fca2bc70f3a7e8283265a173622f017680d7b7e72f8e92d7d45462012a57feec56e77d91d08921175de1eb40d8b2b34f97de91e72ef094b90edbc7527e38f57e0e424957bc43559864cbe95b5659414b6404026a5e1da90d1950a5850da3bafbf91d6e07748f08bfcf5c77bfbe44acde46403a834e53bab7743bcbc163d1a65ebdb25abbfccdab830a7459c3c24e8e5d61f4408219dfe4764bf3af1aae653c485ba49e6487b928a942796ce3c10d1fba8e2fde341f9a173d16e9f01298496450b63afbe6cb6e91e0377239e113acf9e4f8e7456c83	255	1	7	65535	2054823968	2	0	256	-	-	-	-
synthetic_0_18	0000a5a5000000000000000000000000000000000000000000000000000000000000000000000000090000000200000000000000730000000000000000000000000000002d00000000000300000001000000000030010000000000000000ffff0000000000000000000001000000ffff0000000000000000000002000000ffff0000000000000000000004000000ffff0000000000000000000005000000ffff0000000000000000000006000000ffff0000000000000000000062610000ffff111111110d00000022222222490000001e56a67040defdd9c86cf14e9c257f1bf4a8c84c1efda1ffd5f40fee1b439e6829d1db314c5adc8c66ddfb9fb7b7c05c6b94779f6ba66ca5d9638ae57d50d5dfab383316d76e47c56f22daf3fdc0678f780de97895407bab3ea0d7989f453e547bd3113e5cabc1e834e1f44b80177e1e7bbee4060b4245066e23d96df8a60c685d8e6c42b887b91ee1a38c1bcf665fda9e7ceb63c52093300e10ddea0512bda5bbfaced6988c3ed0be63e17da983d9fd1bd0ca934d8b6f4a177dbee81a7763463c96df6cd49281f6a91c11cb2e54a5329acc1696f9eba1eccbff922774a3f9ec0718038850d31dc0a02c6e9960c9f5096bb8332a7343480e6a0cef716c9fb9fb	4294967294	1	4294967294	0	1987321888	0	0	4294967295	48	-	-	-
synthetic_0_19	0000a5a5000000000000000000000000000000000000000000000000000000000000000000000000090000000200000000000000730000000000000000000000000000002d00000000000300000001000000000030010000000000000000ffff0000000000000000000001000000ffff0000000000000000000002000000ffff0000000000000000000004000000ffff0000000000000000000005000000ffff0000000000000000000006000000ffff0000000000000000000062610000ffff111111110d000000222222224900000058f4dd592795eeb0e803b080ccf3527f52ba4599f83476ec43f0f51473b38c361d3dce21e52f94274b377853c6f7d9d41d017062c74e5a81e646f0e477a3dbec2259f0fb5d84d7672de4c90a4f9ec2b4b89c71623b10563cb456f00c5f809ad827c0aeb157a9de3b6e279d6f3e20cc38ac87966963279c64374b4949603d53a21d38eb0afb3146aeb6ba515471eb066ac7bac4e3466c226eb49b32c2897adb04410792c45404133754ba751f8169ee5614aa33cecc696833d76deb059f704784c09500a1a6bfc5bbd178696558efd170a9be7d815b71a466b44b12d9529611d5b0584521202ca9dece8f31a05f5f227eedd21d9dd1feeeb1eb980c55eef2e299	4294967295	10	4294967295	1	1852645408	1	0	0	-	-	-	-
synthetic_0_20	0000a5a5000000000000000000000000000000000000000000000000000000000000000000000000090000000200000000000000730000000000000000000000000000002d00000000000300000001000000000030010000000000000000ffff0000000000000000000001000000ffff0000000000000000000002000000ffff0000000000000000000004000000ffff0000000000000000000005000000ffff0000000000000000000006000000ffff0000000000000000000062610000ffff111111110d00000022222222490000003eabc42d8fe48b0fd5f2f50a10388623dad441081d315159e5444bf78a53c8ede6e6bf8d0409663d71e70bb7e915fd699d18246c6245c64ce0df8c97200b77154b1acd4e70447519d04c7057cde9ae04610b167b07d7db7e8bf72d68bb5b685b6dd0875d0f6c77454e07a8624608c14e0a80167b74fc6c75318487de6455bbbfca7246554ecdd6b3432aeeaac872ad3711af0f198a33133fb26ab6e67b49587f9b8df0579efb609e65ca47f9724d8116d6c5f98dbff5f8905bc8105eed10dd7a7f978f45697ccf1f11de39778f619f88db9fad581c7c5ffb0d1c845d488fa4d8a65feaec016273bcc37195cceb675515013298a297e0f3554a5bd2f179be29b7	5040	0	0	65535	1970675744	2	0	5041	-	-	-	-
synthetic_0_21	0000a5a5000000000000000000000000000000000000000000000000000000000000000000000000090000000200000000000000730000000000000000000000000000002d00000000000300000001000000000030010000000000000000ffff0000000000000000000001000000ffff0000000000000000000002000000ffff0000000000000000000004000000ffff0000000000000000000005000000ffff0000000000000000000006000000ffff0000000000000000000062610000ffff111111110d0000002222222249000000f71f6d077ba4a3265a0425cdd3157a0232b765835935354f3677df97e4dc8fb705946b009c0d6a88eb6dce999cfd3a2e65435827f7d79f7241d77df215a0f0c6b1ec0aab02ad15fb22fd64a827fd6e0da97b698d3e908164bef315a9ad6a02ca4292106b0cc128f4edd5172096725bbf769bc59017ab2aaa0e90d4c560c1cc2c0b258f54295599bc368dea61cdf678ce8079154aed03a595a764c18b5128c09b911cc7789814990528e9a274f71b1a9f64ba06a370e2404ee06ad61c3067a1c1c03ff15caeedc7e443a895c3f2b0e3322fef66c45817ec487621d3917962a9d92f87d0cedbda39943334f549eb04cab717e7fb28a6aa1be95bee3e2cae746317	8462	18	7	0	1684414496	0	0	8463	64	-	-	-
synthetic_0_22	0000a5a5000000000000000000000000000000000000000000000000000000000000000000000000090000000200000000000000730000000000000000000000000000002d00000000000300000001000000000030010000000000000000ffff0000000000000000000001000000ffff0000000000000000000002000000ffff0000000000000000000004000000ffff0000000000000000000005000000ffff0000000000000000000006000000ffff0000000000000000000062610000ffff111111110d0000002222222249000000f8bdd1e681ffdaa8430238bfe6d5cb26bd515eb5587f0703a42f8b8361000de3c746598c545460f4daa18c20dd76c2803f2894766e02f44ee80f376112a72e572b0391adafd183c7dcea7a6cf1178ce4bf299ddbde4cbbd48aadceb82d57e2600bebc416a0da7f9253fedf02212386046965a78958cba3916756e4fe6cc89d971605efdf7a94857ba912f9541e69c0bd2e14326f5a39398bd5b811a9b48215ed30c4fdabfd50d2d4f93cc1d54014ae59cc23ec4d0cf799e8a10db0370bb83306bce5c56cafe9e6fdf770ab3eea1d8082cc946350e5290dff5abff1e9cc52f4d912b942aa8eba8c5a7eb01eb4fa47d05baea2f8987f3cb3b0ebb0a34ac8e250c6	3731	11	4294967294	1	1113682789	1	0	3732	-	-	-	-
synthetic_0_23	0000a5a500000000000000000000000000000000000000000000000000000000000000000000000009000000020000000000000073000000000000000000ffff000000002d000000000003000000ffff0000000030010000000000000000ffff0000000000000000000001000000ffff0000000000000000000002000000ffff0000000000000000000004000000ffff0000000000000000000005000000ffff0000000000000000000006000000ffff0000000000000000000062610000ffff111111110d0000002222222249000000f8bdd1e681ffdaa8430238bfe6d5cb26bd515eb5587f0703a42f8b8361000de3c746598c545460f4daa18c20dd76c2803f2894766e02f44ee80f376112a72e572b0391adafd183c7dcea7a6cf1178ce4bf299ddbde4cbbd48aadceb82d57e2600bebc416a0da7f9253fedf02212386046965a78958cba3916756e4fe6cc89d971605efdf7a94857ba912f9541e69c0bd2e14326f5a39398bd5b811a9b48215ed30c4fdabfd50d2d4f93cc1d54014ae59cc23ec4d0cf799e8a10db0370bb83306bce5c56cafe9e6fdf770ab3eea1d8082cc946350e5290dff5abff1e9cc52f4d912b942aa8eba8c5a7eb01eb4fa47d05baea2f8987f3cb3b0ebb0a34ac8e250c6	6488	4294967295	4294967295	65535	1886527520	2	0	6489	-	-	-	-
synthetic_0_24	0000a5a5000000000000000000000000000000000000000000000000000000000000000000000000090000000200000000000000730000000000000000000000000000002d00000000000300000001000000000030010000000000000000ffff0000000000000000000001000000ffff0000000000000000000002000000ffff0000000000000000000004000000ffff0000000000000000000005000000ffff0000000000000000000006000000ffff0000000000000000000062610000ffff111111110d0000002222222249000000b632d04db868079aa815b332e5bfa54cc07126879613c23c004b2b06e207bee210cec85ee6eadf321d8ed28fe548be8d17a7f45773284a13473429585a178cf9fdb8ac8a6ec5f79bfba369e2470e9108baa3f5ebdc47b5e1f16dfc25ab86ece13638d65f611d469ea6e42d11597bd6403259cf1f308f3c62490fbd0f25f23ae616394498b03bbe1a847908abe8485823ccc6d2636e6fd10258f98c2451769f31cf4ad922f0fa9371bd64617b47ed6dfac8bf9e0ed1669883edb28f63484ec8746ccec497e75319e8d927d2533150956af495509fdf27cfbc58ebbfc2b983887fa6b46b64fc3781722cb05d7a76969fab3925132eac8613d9bfeda89b0b11c5ea	1343	8	0	0	1701191712	0	0	1344	160	-	-	-
synthetic_0_25	0000a5a5000000000000000000000000000000000000000000000000000000000000000000000000090000000200000000000000730000000000000000000000000000002d00000000000300000001000000000030010000000000000000ffff0000000000000000000001000000ffff0000000000000000000002000000ffff0000000000000000000004000000ffff0000000000000000000005000000ffff0000000000000000000006000000ffff0000000000000000000062610000ffff111111110d0000002222222249000000781dc5b04c8963045a28a77731ebcaf011ae726bcc11c3fc3f9ec364108918373b37ec2a8402792c79a6765ce47a60c922a369cb008473b6102b9536d98cae9e4b853abff236b8a34b1408c5527922fc3bff228f2852ead8caff2e54bed600525967546a9d8f1983eacea33a18676a6c0e75f0f962084d624adefe02bbfca372b621555b48434e0ff42f8ee902111c7471a9e95cf1782e562cbe249940fae4fec1ea3d64c2d16057275167ece77ae65323c519d660a22f2004c90c05175e1f0b8cce94af06a2a9879d1a3025c918d8583bc25b2b8512e0dae09952706f5466cb95136923626dea48a6e0f1b5701fea1fcaa8008a5e4030536415e9854d87262d	9270	13	7	1	1633820704	1	0	9271	-	-	-	-
synthetic_0_26	0000a5a500000000000000000000000000000000000000000000000000000000000000000000000009000000020000000000000073000000000000000000ffff000000002d000000000003000000ffff0000000030010000000000000000ffff0000000000000000000001000000ffff0000000000000000000002000000ffff0000000000000000000004000000ffff0000000000000000000005000000ffff0000000000000000000006000000ffff0000000000000000000062610000ffff111111110d0000002222222249000000781dc5b04c8963045a28a77731ebcaf011ae726bcc11c3fc3f9ec364108918373b37ec2a8402792c79a6765ce47a60c922a369cb008473b6102b9536d98cae9e4b853abff236b8a34b1408c5527922fc3bff228f2852ead8caff2e54bed600525967546a9d8f1983eacea33a18676a6c0e75f0f962084d624adefe02bbfca372b621555b48434e0ff42f8ee902111c7471a9e95cf1782e562cbe249940fae4fec1ea3d64c2d16057275167ece77ae65323c519d660a22f2004c90c05175e1f0b8cce94af06a2a9879d1a3025c918d8583bc25b2b8512e0dae09952706f5466cb95136923626dea48a6e0f1b5701fea1fcaa8008a5e4030536415e9854d87262d	1454	2147483647	4294967294	65535	2054823968	2	0	1455	-	-	-	-
synthetic_0_27	0000a5a5000000000000000000000000000000000000000000000000000000000000000000000000090000000200000000000000730000000000000000000000000000002d00000000000300000001000000000030010000000000000000ffff0000000000000000000001000000ffff0000000000000000000002000000ffff0000000000000000000004000000ffff0000000000000000000005000000ffff0000000000000000000006000000ffff0000000000000000000062610000ffff111111110d00000022222222490000002ffa40c98b8f71819204a861d711ff96ed26b87d28df13e56dcb2e29140068da9b94abc6ed1dede04271fc7f173ef067749abc068f1adad9a6c87e4ee790bdcf9543a628ef3b9297a641a5e8640e520231c8e83ae3941a0a4863e9a1e26e4d36f417c3a98eb6c6819fd5d5ff431769a85396fab4f7e03179361297145b829c6861158ef699f505be78b4afe71002e84d326c7400a2d4b74fa6f45209b713163684d79b6a34d402f64c19a148753ee1aec170fc2dd5e9c3e4a6e73defb2f2c5aa0e312b8979472992e98ad85a3fd961df0e9b35ab13e5700ae513064e41eaef88b9987d64b82e7a76bc5650f5941c89552b40c4cc32cff303f8af4b3b2e8bbdbc	5849	5	4294967295	0	1987321888	0	0	5850	48	-	-	-
synthetic_0_28	0000a5a5000000000000000000000000000000000000000000000000000000000000000000000000090000000200000000000000730000000000000000000000000000002d00000000000300000001000000000030010000000000000000ffff0000000000000000000001000000ffff0000000000000000000002000000ffff0000000000000000000004000000ffff0000000000000000000005000000ffff0000000000000000000006000000ffff0000000000000000000062610000ffff111111110d0000002222222249000000a872d70ce3a84ee487875121c1408d75ac364212a07934759a509ff0d5cbbadf061e4b5946db02e3c3ac2ac6e61531a587186a2da2d717e185d5349cc65929c07a6ab65544ad785860acd8b6a46a7de365ff51c0469fff749388d6712783df550c36b9446d7aa482cf4681b97ceb89fe3a7f350ec866124a59f3f02d4f748d928babc093834268f65f92098c2ab8bdb3f22df032dd6911c213de05f4e612dbb632ef6489aa12323eac66a751eaf9fe413185fa47ce838265ece79be9219b39c3aa952fabaa5a91ef4f24260cfd981aac41386d00785a7d11c8b00c0b13b8663835f4cd38b0ca879573c68525a189ab1070bbaaf7525ade2e42d57dc092f5f51e	1265	14	0	1	1852645408	1	0	1266	-	-	-	-
synthetic_0_29	0000a5a5000000000000000000000000000000000000000000000000000000000000000000000000090000000200000000000000730000000000000000000000000000002d00000000000300000001000000000030010000000000000000ffff0000000000000000000001000000ffff0000000000000000000002000000ffff0000000000000000000004000000ffff0000000000000000000005000000ffff0000000000000000000006000000ffff0000000000000000000062610000ffff111111110d0000002222222249000000ae64236f0ee8e99e8ec1292a50db8b1a7c2423171cccace2b897486b1107852a6baee48ada2306e16336894df5c8b77130d7fe277b35b71a57e0151107f3fa22bf00744f550b2d54ee5b573f36ebd301b1e6ff7640508aee0c11ada3e08279b64f11dcb587c139b91dcb1f4865579a0bc6accc498dd7dcbe2ba5b6fa63ce13388c694adfac397253609772570136f5d1ddc9699cfcfffd0adac33f920200f45c05d75ab4df65838ceb5836162880fbc0afedfa8364a8ed18fce3dc13b7687c215608f39709566668e8ecb19ea30abbaea6d8e6a75a0e15d74688f00bac57045f2138b6ee2885ac5a7d6e1a741ec1cfc31e7393c46172ed393c8de5674c4e6be2	3861	1	7	65535	1970675744	2	0	3862	-	-	-	-
synthetic_0_30	0000a5a5000000000000000000000000000000000000000000000000000000000000000000000000090000000200000000000000730000000000000000000000000000002d00000000000300000001000000000030010000000000000000ffff0000000000000000000001000000ffff0000000000000000000002000000ffff0000000000000000000004000000ffff0000000000000000000005000000ffff0000000000000000000006000000ffff0000000000000000000062610000ffff111111110d0000002222222249000000c060868cd336fcc7292bcbb1d01f5974fc686721ff5a75f647ac84ec46e915437a6b3d8a4fad5558c536c6dc742e8d18d8425c60f575b75b52c18ffcb103eeadd101692fe5cf309b562de0b933d800c73b7bb004c711ea12483f67d29eedd5dc5fe852825cc0611fdbea212113b667d71f500b54edd7a043266729625251d49e33a7197f8b545d1d32c7c29cd053361aae2b5eeb77110729080ca262ea61280e16ba6805970cca2079d1098b6d7f865c7da35f9f6413d67cad33e2ad30718a33ff10d6b83cd35810f6049aefcc86300de01ad5a1db44c783df8e3227821e15b36962c61521d28e9a76ec5732bd74663d88e399c038aefcbae74e3de4774c3961	9004	10	4294967294	0	1684414496	0	0	9005	64	-	-	-
synthetic_0_31	0000a5a5000000000000000000000000000000000000000000000000000000000000000000000000090000000200000000000000730000000000000000000000000000002d00000000000300000001000000000030010000000000000000ffff0000000000000000000001000000ffff0000000000000000000002000000ffff0000000000000000000004000000ffff0000000000000000000005000000ffff0000000000000000000006000000ffff0000000000000000000062610000ffff111111110d00000022222222490000007bf35408a1bb70535f531c2963e26a16d35ce0a8e7dbe4d156c16cca46d9aff09b08d08b5fb0a7edc58bee18016f57dbb52a893a9ed9ab8131223a0b9a7a7b6f72de07dd336f39d67b5ae5b84c4a862987f5362286041b5fe01af4fc18dacf5155fa234880617ce63104ba56e6a020c86723648e9f3b1159e92886bf40717c789557ae23f4bb790e70645fea546e82f91e52dff5ea50ca0c838397072c02e2df43f7435788cdbd4649a5a5b7bb075b4f4a1e6c9227552df8eea500fbf59daa5c6ad83d0c78d4e1abb1b3ac48685cc259f1813f8875da1057dd2c3d7cdc253992942f696da1d8928483954827ec8f54efb745d97f9873530a5f641efc3740534e	6095	8	4294967295	1	1113682789	1	0	6096	-	-	-	-
synthetic_0_32	0000a5a5000000000000000000000000000000000000000000000000000000000000000000000000090000000200000000000000730000000000000000000000000000002d00000000000300000001000000000030010000000000000000ffff0000000000000000000001000000ffff0000000000000000000002000000ffff0000000000000000000004000000ffff0000000000000000000005000000ffff0000000000000000000006000000ffff0000000000000000000062610000ffff111111110d0000002222222249000000256cf8b5a1aa6295ab0e4f62452a285f97a9633b68e4cb056610bc0b77a20401942ff237e17b629e782a0a162832cb00764affd19bde037d03af7d57c7b9770f08fa81f425dc0c889ceacb870c2866e8450966405032f09505d2b69ce6dc559308de9d370cddc8b3570edf823a8852caa7ff189498ef840b859a85d303355a2827806e07565871cea1d5ec7923375fdb60ee679e4f89f59689429ac379143fc237229c29a00652a62ee895b9e04b7d0ad3dee33756f9ec0d3efa112ee99caf3a1d2e86d73b5152b7950a5a0efe14e78a615d3a1c59a352b7b8bff0ed108493da71b52bcb14876555884c2d005abc2e07c19e7c9ee0f4b739587a6afa6d8b3df5	4688	0	0	65535	1886527520	2	0	4689	-	-	-	-
synthetic_0_33	0000a5a5000000000000000000000000000000000000000000000000000000000000000000000000090000000200000000000000730000000000000000000000000000002d00000000000300000001000000000030010000000000000000ffff0000000000000000000001000000ffff0000000000000000000002000000ffff0000000000000000000004000000ffff0000000000000000000005000000ffff0000000000000000000006000000ffff0000000000000000000062610000ffff111111110d0000002222222249000000af095465c4becca100e85c2717f3b683aabab397031ba06600e711dfe0eba38041ffabe9c6646bb8b4790da8afc1d7f927e61341df25fa5862e7d683d6034cda319582fe25de4619f6c40a25685cffe862e52f3d7da3f5530c4f33c5979dcc34b9ef44c8dc9d9f938918aa08f7b7ac1d2751ec73d6120ff8c4eafdcfeb20dec23c87e004a173ebead74f00e339f47d3295724b31536c313876a8cd9586f6737f1b90c9899ec63f3042fcee2af56d018c3ec5b32e149e724daacf050120f1e74e614f1e9ce09bbf777c82ab5757c163bbf3bbf8a70df71774a86bfff4c395bf956ac6deb9154edf144063bc28134d5aacdad3dad056d9900b0222628820d00082	2923	12	7	0	1701191712	0	0	2924	160	-	-	-
synthetic_0_34	0000a5a5000000000000000000000000000000000000000000000000000000000000000000000000090000000200000000000000730000000000000000000000000000002d00000000000300000001000000000030010000000000000000ffff0000000000000000000001000000ffff0000000000000000000002000000ffff0000000000000000000004000000ffff0000000000000000000005000000ffff0000000000000000000006000000ffff0000000000000000000062610000ffff111111110d0000002222222249000000466b4003267224e92058d76283a529b4618a37b113f3314e2d568e5a64961d5c8def717110ca363f154934b2d5e346a3fa27e95eb575e05657945823fd0400d6589f06c248573b03c1165e8405824a90a4619e94d9f1ebf2a27f5208b793dfa3a4e7c2179b85dede3aae7066bcdc2100d3bd67e9a26913f3b6d4eb276ce0ef1c4609d6788270defcfda59b4ae93abe3996640272e415d4cc4241b36ba341dab9ca387460a2b6e6fa7ebd04d1a8f132385fbe7391c662114caf2ec6c8953295f55d3b084a80bf5b9cbf652206ab5fa36ad8b611247b033872f9522629d1510ce1fd3e2a89084d8d791926d0b3d4e66bde6a14a3e8bbd77bd92f5ffb666af595eb	3082	10	4294967294	1	1633820704	1	0	3083	-	-	-	-
synthetic_0_35	0000a5a500000000000000000000000000000000000000000000000000000000000000000000000009000000020000000000000073000000000000000000ffff000000002d000000000003000000ffff0000000030010000000000000000ffff0000000000000000000001000000ffff0000000000000000000002000000ffff0000000000000000000004000000ffff0000000000000000000005000000ffff0000000000000000000006000000ffff0000000000000000000062610000ffff111111110d0000002222222249000000466b4003267224e92058d76283a529b4618a37b113f3314e2d568e5a64961d5c8def717110ca363f154934b2d5e346a3fa27e95eb575e05657945823fd0400d6589f06c248573b03c1165e8405824a90a4619e94d9f1ebf2a27f5208b793dfa3a4e7c2179b85dede3aae7066bcdc2100d3bd67e9a26913f3b6d4eb276ce0ef1c4609d6788270defcfda59b4ae93abe3996640272e415d4cc4241b36ba341dab9ca387460a2b6e6fa7ebd04d1a8f132385fbe7391c662114caf2ec6c8953295f55d3b084a80bf5b9cbf652206ab5fa36ad8b611247b033872f9522629d1510ce1fd3e2a89084d8d791926d0b3d4e66bde6a14a3e8bbd77bd92f5ffb666af595eb	8524	4294967295	4294967295	65535	2054823968	2	0	8525	-	-	-	-
synthetic_0_36	0000a5a5000000000000000000000000000000000000000000000000000000000000000000000000090000000200000000000000730000000000000000000000000000002d00000000000300000001000000000030010000000000000000ffff0000000000000000000001000000ffff0000000000000000000002000000ffff0000000000000000000004000000ffff0000000000000000000005000000ffff0000000000000000000006000000ffff0000000000000000000062610000ffff111111110d000000222222224900000046b2fda42c80953e8b5cdbfe2f72223cc100e8646418213f4ffc123dce653c80a2593c5ec49141efc38b26af12bc0a58f07f1bb8bbf5e4c3333a457a5421ef9cda10fd89ef8042a862fbe88d0cb5c8f6d9f8d201cf9fe4d9ace84604980097a203cff54d42562789d6b8efaf53792cf62bd2b8c195ed5af9f39181508a8473c39c187a022606cea4ea5c6b4d8e74c858c5ec5a8ea3f4cd575bfe36e16c8ab4f634ea32011e6baa9cc75500234af25a553ae759cf12be602931ca57e25da27a4983db7c0e097020e0b880a2c35e1233de6260b614dbc17d4c149bd5553245c1cd5b7acc2c21108a5869ef177c071790e046ee10c1f87dd9290e36a9619c30f837	7515	11	0	0	1987321888	0	0	7516	48	-	-	-
synthetic_0_37	0000a5a5000000000000000000000000000000000000000000000000000000000000000000000000090000000200000000000000730000000000000000000000000000002d00000000000300000001000000000030010000000000000000ffff0000000000000000000001000000ffff0000000000000000000002000000ffff0000000000000000000004000000ffff0000000000000000000005000000ffff0000000000000000000006000000ffff0000000000000000000062610000ffff111111110d0000002222222249000000ecf8e4c5c7dceb8d8c85971ea2e5b3dab38a6b8e12071adcd9f9c59cd147430f98172622c0a41c0c21bdb6f81d4f3770d620bd03846b1f94ae9a8c44f7fecb4f049c031ccd933ff2378b96509e666e3ac7c1a89e498508fc75c5f79a33a91249c477e963ace740a3a8cd546c37b38b4cd0012adc92eaa630b4df588e70958775b01a0c34652c0e948f4a62b9e82d4fb5d08fcb93f114e7c09efabae58ff5cb1c368c3cab7ab0218c4e50f32b61a81502e3d085a3194d31a4d59725c89c53bb46cae7fb0b5d696434b7e20478bf222193a0f93976b1c356eb8594662771a46299252272b297df5c841772675928f844c26953650d2063bc6839e9d06a05ae10a8	7304	11	7	1	1852645408	1	0	7305	-	-	-	-
synthetic_0_38	0000a5a500000000000000000000000000000000000000000000000000000000000000000000000009000000020000000000000073000000000000000000ffff000000002d000000000003000000ffff0000000030010000000000000000ffff0000000000000000000001000000ffff0000000000000000000002000000ffff0000000000000000000004000000ffff0000000000000000000005000000ffff0000000000000000000006000000ffff0000000000000000000062610000ffff111111110d0000002222222249000000ecf8e4c5c7dceb8d8c85971ea2e5b3dab38a6b8e12071adcd9f9c59cd147430f98172622c0a41c0c21bdb6f81d4f3770d620bd03846b1f94ae9a8c44f7fecb4f049c031ccd933ff2378b96509e666e3ac7c1a89e498508fc75c5f79a33a91249c477e963ace740a3a8cd546c37b38b4cd0012adc92eaa630b4df588e70958775b01a0c34652c0e948f4a62b9e82d4fb5d08fcb93f114e7c09efabae58ff5cb1c368c3cab7ab0218c4e50f32b61a81502e3d085a3194d31a4d59725c89c53bb46cae7fb0b5d696434b7e20478bf222193a0f93976b1c356eb8594662771a46299252272b297df5c841772675928f844c26953650d2063bc6839e9d06a05ae10a8	4516	2147483647	4294967294	65535	1970675744	2	0	4517	-	-	-	-
synthetic_0_39	0000a5a5000000000000000000000000000000000000000000000000000000000000000000000000090000000200000000000000730000000000000000000000000000002d00000000000300000001000000000030010000000000000000ffff0000000000000000000001000000ffff0000000000000000000002000000ffff0000000000000000000004000000ffff0000000000000000000005000000ffff0000000000000000000006000000ffff0000000000000000000062610000ffff111111110d00000022222222490000005c029f0ede28a36580f17c17f34e05bdc47fb3a4ab8ef76a0a50213f6b601a84c06d9cbcde9e1dc1890fabdb0ae054c5373e21af6053642ad98a4c35f0889a3d8cd4dab2a5b1e2ab549adeeeea701e6c0727b3f28eabfcdca3754d68f71cf896fea5414c6e988a38dee66e39573cc1bb5bd37050314ca9c4a21e5bd473795d252b304f979834d32951b7f3fdb77733ce450c8fd6f74bb5b3a293b8ff6b6bf7ca71f6a92136abaeb687ba0c6ed59079d5f2497fc394567a73516881cb3b74a5d7d8c9bfb8230abb50190f406be99dea879bb90027b5c7afae394a647f90f786051a457ca508e2ba53c57b9503b44eb94f410894226ee62150c7af4bc2d322cc77	909	1	4294967295	0	1684414496	0	0	910	64	-	-	-
synthetic_1_0	0100a5a5000000000000000000000000000000000000000000000000000000000000000000000000090000000200000000000000730000000000000000000000000000002d00000000000300000001000000000030010000000000000000ffff0000000000000000000001000000ffff0000000000000000000002000000ffff0000000000000000000004000000ffff0000000000000000000005000000ffff0000000000000000000006000000ffff0000000000000000000062610000ffff111111110d00000022222222490000003b8b784be5f62bb051e9ee452f1b1048d982c19ac6ebab9651f3c11e9d00008c113865e615d0f776622b9e209cf660b09a895354a6985810d65cb3a814730419d083c65c2645d75c84f7f2b58e3b94df1a71536ad88191123288d83949b0a235b16acadac55e88cf14c8c653b9c26193061f264e0e84b5bf0f323ff437570eb0cb1089300b712b6ab3dd1e9e80b7599cc995c86f714ca6d1dbab570e05e9f76d2a42002057b00d240567816808766fc92e330a6692f88df93e712b199cfb1fbbac48eff50a457eab7dcd26720590bd0199820c387f9859eeb0b8ba01fb6997a66a43babea33bd6dfe140939aeb86767b9c4a6ed7d76210c02247e924f91bae5d	0	16	0	0	1987321888	0	3	4294967294	48	0,0,140	7,7,147	147,227,68
synthetic_1_1	0100a5a5000000000000000000000000000000000000000000000000000000000000000000000000090000000200000000000000730000000000000000000000000000002d00000000000300000001000000000030010000000000000000ffff0000000000000000000001000000ffff0000000000000000000002000000ffff0000000000000000000004000000ffff0000000000000000000005000000ffff0000000000000000000006000000ffff0000000000000000000062610000ffff111111110d000000222222224900000080d9c14ad03a7899a30c59ec9eae043720dbaf3f56f01fcaa17c74e00aa437b3cd6f872af18a2b0ba3aa5bf0bc7f5e989642e82cf445d905d1a1345a6ec60ad2097728bb971c9f527729c31b856b9e11406daaecf843bc80894aecb3174b05a7ba239fb13def5190501393d7a7d2247d5a51778226cb67d76aa155f8d9238790dac9320a7ce27b60fe8e666f19ed106c01e8ce7df303e2e6f26779fd9b4984fc761e3bf1c58107ec23e6af366620bac403de9b1b4ceec17197f56a8e701f7af7755842d1905d5041c5d365633f5556d617d955f52e257261df7e20e0f13ba68ecd5100d7018ec0e84cd9af086df45ac9e7cdea90f6b89468263b8c8b2ac86235	1	18	7	1	1852645408	1	3	4294967295	-	186,30,82	186,212,118	190,34,86
synthetic_1_2	0100a5a500000000000000000000000000000000000000000000000000000000000000000000000009000000020000000000000073000000000000000000ffff000000002d000000000003000000ffff0000000030010000000000000000ffff0000000000000000000001000000ffff0000000000000000000002000000ffff0000000000000000000004000000ffff0000000000000000000005000000ffff0000000000000000000006000000ffff0000000000000000000062610000ffff111111110d000000222222224900000080d9c14ad03a7899a30c59ec9eae043720dbaf3f56f01fcaa17c74e00aa437b3cd6f872af18a2b0ba3aa5bf0bc7f5e989642e82cf445d905d1a1345a6ec60ad2097728bb971c9f527729c31b856b9e11406daaecf843bc80894aecb3174b05a7ba239fb13def5190501393d7a7d2247d5a51778226cb67d76aa155f8d9238790dac9320a7ce27b60fe8e666f19ed106c01e8ce7df303e2e6f26779fd9b4984fc761e3bf1c58107ec23e6af366620bac403de9b1b4ceec17197f56a8e701f7af7755842d1905d5041c5d365633f5556d617d955f52e257261df7e20e0f13ba68ecd5100d7018ec0e84cd9af086df45ac9e7cdea90f6b89468263b8c8b2ac86235	2	2147483647	4294967294	65535	1970675744	2	3	0	-	2147483645,2147483646,2147483647	2147483654,2147483655,2147483656	2147483658,2147483659,2147483660
synthetic_1_3	0100a5a5000000000000000000000000000000000000000000000000000000000000000000000000090000000200000000000000730000000000000000000000000000002d00000000000300000001000000000030010000000000000000ffff0000000000000000000001000000ffff0000000000000000000002000000ffff0000000000000000000004000000ffff0000000000000000000005000000ffff0000000000000000000006000000ffff0000000000000000000062610000ffff111111110d000000222222224900000059020dfd2e0e40baff5b3b8f33950d063d7f246f578ca8f69339524a96d9d4a282d8e4574a79317db61fdad02ba63d0f7d23679f51d40647d3122c1bf105ee13e0514eaef909a2f1bf746fba80393a178148c439aae3f4db71ff526d1f179ac1d7e4d472cfee1898384d44405126e34a1e7037576678a0562d9411f9373ebb7c1b2d5e59c9c9c13b72487c8d304afc6d985cf278cdae9c14d8b80d2ff75b63fe709838ac6c0e97329037f8f0f0a978131d2a3d62dad131d4ac2e0fb99ac2d346d195612dad3ad94c5dc2353abe5b56abd1b6d30f2e27ff453a0aa805336a1fbc4967a36363d3ee2f8d265857306e119497fa0448591a3f27843dd7707edf1ec7	3	7	4294967295	0	1684414496	0	3	1	64	86,139,167	94,147,175	140,83,207
synthetic_1_4	0100a5a5000000000000000000000000000000000000000000000000000000000000000000000000090000000200000000000000730000000000000000000000000000002d00000000000300000001000000000030010000000000000000ffff0000000000000000000001000000ffff0000000000000000000002000000ffff0000000000000000000004000000ffff0000000000000000000005000000ffff0000000000000000000006000000ffff0000000000000000000062610000ffff111111110d0000002222222249000000c68a25d5ec6f6e60176f293f4584f6dcfcb4fab4df2ec157c5b981ad8c594c527f913bcc3146a6d2a69a9e242b9191a92a7862c73d2ab74bb324d591df48493eea507d3e1d84cfbacacbe5ac0881b7e6d74f8b6207071d8577462bbbafe92bc31b5bf341b61aef8a1ea9e51b39ca138396cdd2443ec0961bb08ed79c358fa905886c33d63bbfb4862c54917ce2bac37a1585840f5ccaddd33f1d87263ccf47cce0663aad58d8fcaa357d4d7265347674c3964b844f2261f6892d47357325a104826b14d7e65e1602aa3ee9683a3ca0421a90aab994c2c30779d2b03c73c50f1e66bddf5c76d55ecb89b2bed0d94527f195d13bd0d0f8c98dced2e10e7f272549	4	2	0	1	1113682789	1	3	2	-	172,8,129	227,259,187	183,19,140
synthetic_1_5	0100a5a5000000000000000000000000000000000000000000000000000000000000000000000000090000000200000000000000730000000000000000000000000000002d00000000000300000001000000000030010000000000000000ffff0000000000000000000001000000ffff0000000000000000000002000000ffff0000000000000000000004000000ffff0000000000000000000005000000ffff0000000000000000000006000000ffff0000000000000000000062610000ffff111111110d00000022222222490000008dbc6eccb4283e79fbefb5cd3701eecd35754bef01e723387eb1804cbba389c0154d6014ba71a5a69ff6bbceafdd5bead5a961bedd6ae623edd9a5a253ba3fe6b5ee7b9c90b75c81e4930b7def8e246df0d6144d6e0e87f97700da819a75e9b350afe9a6a4d01107552d1be59eb802511dee809e7c3cca92002a8f3079f65225cbfa038f7e7f1d3762d9d2853203adbdf17b98c6bdb81a4b25f6792de487cc59d2984a025d3bc8c59ea55dcce1218a0aec2305438c97040d974a86bcde4503efad95634f5457f14b98008449a7c45484bc0e85d106623d0c26be9c6d5ebe341df02e6c946fbaa2e981cbd73e52f4a4f14fc9352ae7f0e3e22b67299286a94025	5	1	7	65535	1886527520	2	3	3	-	8,9,10	245,212,60	22,136,250
synthetic_1_6	0100a5a5000000000000000000000000000000000000000000000000000000000000000000000000090000000200000000000000730000000000000000000000000000002d00000000000300000001000000000030010000000000000000ffff0000000000000000000001000000ffff0000000000000000000002000000ffff0000000000000000000004000000ffff0000000000000000000005000000ffff0000000000000000000006000000ffff0000000000000000000062610000ffff111111110d000000222222224900000091c0226dc9a4b348a849ee23e6b6d4b6b59fa00e275eda35862e97163e1d9fdc3e968a420def47ee03b3f44e243040e5ad03acb2d335e3217ac0ae7d412610d58efcf875ef044a35bb35310ac040c2ca6a4b93c41db594eebb32ece42e93ae7eda1c27afbda3726e932bdd5642168b1c1658a09c84f3b4407220ce684c1abd98c5085a8f40d3942c246ac6a9571d31f168c8e375af2c25e41a6c3818847cbf1bab1ed1be697d1039159478c0a2556142e0bab0d5798fe5eb4d00994ed383cbd6208af841e4fee81467163e16f04460f9a0efb76e1613f4ccfb9c0992a9b10960ca13edc4e1b0bef8e21d21c534555c56c2f7bd089661ae31e9674b283e260343	12	19	4294967294	0	1701191712	0	3	10	160	60,148,136	69,157,145	57,158,185
synthetic_1_7	0100a5a5000000000000000000000000000000000000000000000000000000000000000000000000090000000200000000000000730000000000000000000000000000002d00000000000300000001000000000030010000000000000000ffff0000000000000000000001000000ffff0000000000000000000002000000ffff0000000000000000000004000000ffff0000000000000000000005000000ffff0000000000000000000006000000ffff0000000000000000000062610000ffff111111110d0000002222222249000000c2028211348fa01704e802f5309e6382c5443a506561e79f68de5915c5147ac68448885d267a2ebca0853724ba07387e07ff51594d4d7dcd8e2bd2f518eaa336d5c28f97f2007128477933ae36e73a173f9615f240fa95148e0ec8fd4e90ac7366cfe0c7ae095476f23d888bed95b630100cdd6c930cb64c310c29a2327a532fedc0d3e1349c3aec6c97011c3bbc44892bb2879eb37cdfe2be01b4bc06dfc7a976eedf4d812181d048148ee9e70221d230b186eac7fb69e6aa3384903a0a052c8d65bc2aa0d11c2c794e51d432f1dcec1597fb120702c74e671e9756b24ba842084799c8a260e7eab027a8ccc0f0226f3514ea311fffc18f238dbd0470e83ec3	255	10	4294967295	1	1633820704	1	3	253	-	241,63,249	166,111,229	253,75,261
synthetic_1_8	0100a5a5000000000000000000000000000000000000000000000000000000000000000000000000090000000200000000000000730000000000000000000000000000002d00000000000300000001000000000030010000000000000000ffff0000000000000000000001000000ffff0000000000000000000002000000ffff0000000000000000000004000000ffff0000000000000000000005000000ffff0000000000000000000006000000ffff0000000000000000000062610000ffff111111110d000000222222224900000014d565538bc89c664d9fb64e122feb33d58bab6ad2bd85b9b890fb494ba6b590dee54bdfb7c47695969eea1696ecf5bc246e30069b6ddff897fee59480a924d9892402be85c224fa8c15d169a2313619546404416089502ec079d4a1cebb9464c02773eaf701a1c55bd2f9f11e72a1280dc2d81c918cee554e6ffa90467ec842798ffc7e533c6ed3319877de7ad52727e6e9fe621c5d668e5722c6e2e8eeeab8a058540105e97f84e441bd9bd24471e0dab8d216a743bf5e5c3db9b93f22b3d2bfc1f2c813b05531d9a00fb4726c795a66cf651743f42acb64e2e9dcfe1102ed5a93a009a2966f787f2d76d06ca00da5787946bf73c34a86d1ff0dcd3b7b18b2	4294967294	0	0	65535	2054823968	2	3	4294967292	-	0,1,2	54,242,58	32,220,116
synthetic_1_9	0100a5a5000000000000000000000000000000000000000000000000000000000000000000000000090000000200000000000000730000000000000000000000000000002d00000000000300000001000000000030010000000000000000ffff0000000000000000000001000000ffff0000000000000000000002000000ffff0000000000000000000004000000ffff0000000000000000000005000000ffff0000000000000000000006000000ffff0000000000000000000062610000ffff111111110d0000002222222249000000fbc420d48f5a02a90b8a4aac5bf174442848f4f35793bd9b631af83e567869a8b4a88ed5b6f9ca4fc95e24d25d0f82018f5b0d2ef76e19091c2acf6457a9878781a0f9a3a16db7001a67feaa793fb9377b8e1f00b7e268df6276e8d13ff263db0ce7c13725480352024fff8728b60ef8ae4d29701bbb6cd5756a024605473573e17256ebf3221e47a88c1c0b20abe0c0af5fcf4d234fded35f1d3000c8831e53d6f8ab015b74f30799771ce1cad01fccd16a4ef10b5a4db44fd179488cc6a36ec25f78219bef4da63e08e2263e1a04d992983ed31ab390310c3d2988c1106394a54457d261acb21e044f6595e9c071820eb146e5ad2e33ed7148ea8f70e7b114	4294967295	5	7	0	1987321888	0	3	4294967293	48	251,250,94	251,250,94	196,66,134
synthetic_1_10	0100a5a5000000000000000000000000000000000000000000000000000000000000000000000000090000000200000000000000730000000000000000000000000000002d00000000000300000001000000000030010000000000000000ffff0000000000000000000001000000ffff0000000000000000000002000000ffff0000000000000000000004000000ffff0000000000000000000005000000ffff0000000000000000000006000000ffff0000000000000000000062610000ffff111111110d0000002222222249000000fe43651534ff65005d2a4f529772b634206b876c42ac67ce5fc79cfb80ac172b4a59d291847f533fa5939f22b71d444d3a23c67fcb8c8b6e8fadc83576c971a2bf76eabfe57b1cf9582fac2fec190df235c1b6c5c104ac5a7992fbb030305407546e2103e02bc7f6c4d420305062746ee7cb80b9235274dacda60f0fc2e95ec9d291dfec7df0aa27f8657e8c856ed6aede202d8d41abd4dd06d87e4f836425350dcf74806f67e664561b32df2a563e1babb5d72dfe82f11d5314d5fee22a358f464b4ba4fd3162b6725446cfdd7e431bc97f2f8f57c8c58422d9c6f070c90f5440ac467ee8d1961352528dcf2dff6546a0c36d23fc3b36eb4b090d53e44a646f	0	18	4294967294	1	1852645408	1	3	4294967294	-	174,46,46	50,81,96	187,59,59
synthetic_1_11	0100a5a500000000000000000000000000000000000000000000000000000000000000000000000009000000020000000000000073000000000000000000ffff000000002d000000000003000000ffff0000000030010000000000000000ffff0000000000000000000001000000ffff0000000000000000000002000000ffff0000000000000000000004000000ffff0000000000000000000005000000ffff0000000000000000000006000000ffff0000000000000000000062610000ffff111111110d0000002222222249000000fe43651534ff65005d2a4f529772b634206b876c42ac67ce5fc79cfb80ac172b4a59d291847f533fa5939f22b71d444d3a23c67fcb8c8b6e8fadc83576c971a2bf76eabfe57b1cf9582fac2fec190df235c1b6c5c104ac5a7992fbb030305407546e2103e02bc7f6c4d420305062746ee7cb80b9235274dacda60f0fc2e95ec9d291dfec7df0aa27f8657e8c856ed6aede202d8d41abd4dd06d87e4f836425350dcf74806f67e664561b32df2a563e1babb5d72dfe82f11d5314d5fee22a358f464b4ba4fd3162b6725446cfdd7e431bc97f2f8f57c8c58422d9c6f070c90f5440ac467ee8d1961352528dcf2dff6546a0c36d23fc3b36eb4b090d53e44a646f	1	4294967295	4294967295	65535	1970675744	2	3	4294967295	-	4294967294,4294967295,0	6,7,8	10,11,12
synthetic_1_12	0100a5a5000000000000000000000000000000000000000000000000000000000000000000000000090000000200000000000000730000000000000000000000000000002d00000000000300000001000000000030010000000000000000ffff0000000000000000000001000000ffff0000000000000000000002000000ffff0000000000000000000004000000ffff0000000000000000000005000000ffff0000000000000000000006000000ffff0000000000000000000062610000ffff111111110d0000002222222249000000b6496ec9209c2562721cfbfbd2e2e763d0e9e35495dcd711c65da081787780447ad762cef31dd5afb643c004c6c936a88b16abf74f0ce2a20178ab1b16d4f17fc35436cf66972bcae6195ff5ce613d782c07c1c35155dc0b6869227ab00890aa2ae34fefc90defb45cd19a020817d27f30afb70ef45461873d0c37f897996ed8341d2483ad8ebfd7d0646479be638c2bd5e63c31bc44becdd3b1b75533b21a53d9de11bc8a82faa68d84e8a4d8e3c97b3f416f99ca1ae441b697ce1e1a1164ac46f74a7e0a12dc02e789945d2d58ad7fb8234472750db85de4c194fd4cc2b5071aa578e8a201e77ab9a59837bb9a388c94a6ea2acc215d77ccb0064e770a4d6f	2	15	0	0	1684414496	0	3	0	64	120,119,128	127,126,135	115,116,45
synthetic_1_13	0100a5a5000000000000000000000000000000000000000000000000000000000000000000000000090000000200000000000000730000000000000000000000000000002d00000000000300000001000000000030010000000000000000ffff0000000000000000000001000000ffff0000000000000000000002000000ffff0000000000000000000004000000ffff0000000000000000000005000000ffff0000000000000000000006000000ffff0000000000000000000062610000ffff111111110d000000222222224900000082a5cbdce5f2d4443241eb4209fbded6a0465367dc281129c452d762ea92395dd1b697b57b038dcd486c5b337350b0db2062b2a4a163159687b0427b1913bd932b02deae30194926f5c6d8d9bbc699ee82edef8236242cfd82b06ba37d46ef4f8138374693dc88d95e28bbd6f617b20b1d4d5eee2c1849e25ee9b7abc7053807ae557d56365df645568ba4a623b6b79821b7d352a7ff30f6de604a1a69a7f9dd98b382b77875594267b854c828b50fc82bee981cecd2827819d2884ecdba4aadc39368e5f8a1df7e320da2233eec73bc90971b12eebcb5930d722ef9d4aad944ccb3f897c3d94885936b579ee3af82c68244bbad8cd6c40f37d0231e66d02853	3	19	7	1	1113682789	1	3	1	-	132,77,246	216,189,158	136,81,250
synthetic_1_14	0100a5a500000000000000000000000000000000000000000000000000000000000000000000000009000000020000000000000073000000000000000000ffff000000002d000000000003000000ffff0000000030010000000000000000ffff0000000000000000000001000000ffff0000000000000000000002000000ffff0000000000000000000004000000ffff0000000000000000000005000000ffff0000000000000000000006000000ffff0000000000000000000062610000ffff111111110d000000222222224900000082a5cbdce5f2d4443241eb4209fbded6a0465367dc281129c452d762ea92395dd1b697b57b038dcd486c5b337350b0db2062b2a4a163159687b0427b1913bd932b02deae30194926f5c6d8d9bbc699ee82edef8236242cfd82b06ba37d46ef4f8138374693dc88d95e28bbd6f617b20b1d4d5eee2c1849e25ee9b7abc7053807ae557d56365df645568ba4a623b6b79821b7d352a7ff30f6de604a1a69a7f9dd98b382b77875594267b854c828b50fc82bee981cecd2827819d2884ecdba4aadc39368e5f8a1df7e320da2233eec73bc90971b12eebcb5930d722ef9d4aad944ccb3f897c3d94885936b579ee3af82c68244bbad8cd6c40f37d0231e66d02853	4	2147483647	4294967294	65535	1886527520	2	3	2	-	2147483645,2147483646,2147483647	2147483654,2147483655,2147483656	2147483658,2147483659,2147483660
synthetic_1_15	0100a5a5000000000000000000000000000000000000000000000000000000000000000000000000090000000200000000000000730000000000000000000000000000002d00000000000300000001000000000030010000000000000000ffff0000000000000000000001000000ffff0000000000000000000002000000ffff0000000000000000000004000000ffff0000000000000000000005000000ffff0000000000000000000006000000ffff0000000000000000000062610000ffff111111110d0000002222222249000000bcdb65128b325ab1ef10cbd288ff157724e257ba386cb21e8ad6e74fe9a431fbf463b0381864333a0c0eda1350d334ae42e6f35dc2fa2c5238439b766e558567035b988266c771098201d9e5c381957b5eaa7cac407921c52016cef450b70ec50650c12df3bbda149d900649bead31e779be438e68e610d8fa046fcbef5f2de467f0bc813cfcb5f6a950194e8b1cb0c9ac2018ec3a70c8c8dd354750cdd36d003f072305914934f47647dfae773622550cfd0175a56a0b2b382d58d09a9ad8579531164e0d4da123a06a8ea0d2eac5a0ee97d6eda04ead03ffc6a8e64250266d838914f7ff8a00e279df40661d20f6b9e93291927325f40619ac8d266180b982	5	17	4294967295	0	1701191712	0	3	3	160	48,250,243	56,258,251	217,255,91
synthetic_1_16	0100a5a5000000000000000000000000000000000000000000000000000000000000000000000000090000000200000000000000730000000000000000000000000000002d00000000000300000001000000000030010000000000000000ffff0000000000000000000001000000ffff0000000000000000000002000000ffff0000000000000000000004000000ffff0000000000000000000005000000ffff0000000000000000000006000000ffff0000000000000000000062610000ffff111111110d0000002222222249000000ea1e6c4618ca9458e6fb45af6cd1bb57b382879b938c810094f2158bf012a4ee553df6cadb878311783e585155e4e1c44a9e3d5ae9dfb467e2780276846d824afc110ab597152599fe2e5fc2353a3c98022f5aac0579b16cdc38bb94f6623ecb129b22d259f5eef2c87aecba3ee4bf467cb5afce4825ae1e8cd8de333691831ac7769afbaaf74b6a0c4242f420f759aa1f6108336e9a05ed2ec1459c8531ca1f7774856b9d04e68a1e8dfeb438531392c4395413a1518254c9879cba9f3a90edc821439c6bd4993c42dedc91358a67a76a38974ad64af96379bb7b3dace4cfa5fa670d6b8ff21323a7a34e5f1abeff9a0c59d32f2ed5fc9600c5cb0999877f47	12	16	0	1	1633820704	1	3	10	-	56,187,148	25,171,245	67,198,159
synthetic_1_17	0100a5a5000000000000000000000000000000000000000000000000000000000000000000000000090000000200000000000000730000000000000000000000000000002d00000000000300000001000000000030010000000000000000ffff0000000000000000000001000000ffff0000000000000000000002000000ffff0000000000000000000004000000ffff0000000000000000000005000000ffff0000000000000000000006000000ffff0000000000000000000062610000ffff111111110d00000022222222490000008b04c3272806dcac5e6acaccd062af7b7c2de781dd9e4440e3e8d84811e6fe9f335e50e2d165198f2df5e079478e6f95bd11acc8ca3986ef655757c819070dbbf3b5659a3b12118c7eddc6e5dfaaaaa4b4a43325304ca5eb355364a4ffccff439a3df7be24f8731384738196104d5f1ddb31f77318521033a25a1bb74e210585cc5bdaf89095983b9b290bf0a7ee9ca754806196b9350eb112c73709681e2c6e9c169e3b36d68d5b047f9c814e1bc9f60e6e9b7a3ceb1094471170a7c2725c2cd3045e7459aa1de73468e4ffbb2eb3faaa1eea77e702797162df9749adcbca30fa6dc4807d225a5a849ecd7c7703868d23d474bca9968b7f764a562432eaf55b	255	1	7	65535	2054823968	2	3	253	-	8,9,10	182,130,131	209,240,234
synthetic_1_18	0100a5a5000000000000000000000000000000000000000000000000000000000000000000000000090000000200000000000000730000000000000000000000000000002d00000000000300000001000000000030010000000000000000ffff0000000000000000000001000000ffff0000000000000000000002000000ffff0000000000000000000004000000ffff0000000000000000000005000000ffff0000000000000000000006000000ffff0000000000000000000062610000ffff111111110d0000002222222249000000fc2808ee5753bd51007598d90440e3893424d06fffb106c0728d1e6086bcec2c8e8326d11ae66b0445008d576d2fa0a3101ab4ae2bcac0f1b8c91e7bbda6271c4c462ba8d397dfd6a3aaacb6dbab768f81266d3d885324b5e29d48434f52ae47f7a0a9fe36ea5896658fbeeec975ff555bd6006bfa996b53b93acd71667e5fb3a761883615f3b58d22b9357415e60abdfe189c4b582a3277a655f847108d642ab929640c007349dc36d6dfe72e52169c685c212d2c0b1b9eca7c62c24251ac72f694382912a5fb8d525c887bb339308fc29989d92baf5b12be098fbd8a95f34440ad79da358e2aa4e10453baa0aadc015caf40db052a72437421807fb3df09ca	4294967294	2	4294967294	0	1987321888	0	3	4294967292	48	135,50,34	144,59,43	193,230,182
synthetic_1_19	0100a5a5000000000000000000000000000000000000000000000000000000000000000000000000090000000200000000000000730000000000000000000000000000002d00000000000300000001000000000030010000000000000000ffff0000000000000000000001000000ffff0000000000000000000002000000ffff0000000000000000000004000000ffff0000000000000000000005000000ffff0000000000000000000006000000ffff0000000000000000000062610000ffff111111110d00000022222222490000008bb3b371a9dc26b591a5004492fc9f9cb3370c9eb349e7e640a118d087f6f4b73f91e87fdb84f80d3bc8a00035d13d3b6806ac5f50fc2db6f3bcf825acfac91e5f706ffd83947e40db7240da7be8d1e3180569eaf4a5265044857ddec2b7028e35c1d9770022926eb9932ff3a349c8c76bc9b91c42f47699a4446213e3e51a2d1902eb68503d9bcfb81995af289f2a54d4138af23414109f7e9bd8a34030f7f7996459bedb4de73d30709709b0349c33b37faea60f4ac12d9bf3baca8034c0de65910ea91af871d91ddd4f728f1b530e2b7994868106796e9c802b761dc35f688be91f7eb94f509f9a4339354f490ffb7cacde41114d0a5aafcd0f34335b8aa0	4294967295	10	4294967295	1	1852645408	1	3	4294967293	-	233,243,164	237,71,168	245,255,176
synthetic_1_20	0100a5a5000000000000000000000000000000000000000000000000000000000000000000000000090000000200000000000000730000000000000000000000000000002d00000000000300000001000000000030010000000000000000ffff0000000000000000000001000000ffff0000000000000000000002000000ffff0000000000000000000004000000ffff0000000000000000000005000000ffff0000000000000000000006000000ffff0000000000000000000062610000ffff111111110d0000002222222249000000463767266c81a47ad05c0bceddd0dabf032cd75132a65c988af5e234b4860ff366527cc5f1d801e0741fb547faea724a82d9c2f5b0d4b4b47eca888b98f6f3fa848361a46bf44301ee91bb42d4818b4dee7c09bb12db7ed9d0b2f7dcc7105837a00d3d35a0ab091014d5d806ba1b69a81e0130d318f2e383b9f1864b21c1ad316316b184fdad8677af54b6f88d9588aa9829a449034aa5fb84a49101bb23371dd173dfc27f7bcf22039b7072926998cdb563326619c186eb29c588dbdfdab874764551381e24b025e092a1b83538fe03f6b13edaa1d02bab53c8b8c03dd66bbb73430de8b0245928ff88c59b65b9e96a1fac5c4934caee85be18444d3792702f	2192	0	0	65535	1970675744	2	3	2190	-	0,1,2	215,225,198	156,198,77
synthetic_1_21	0100a5a5000000000000000000000000000000000000000000000000000000000000000000000000090000000200000000000000730000000000000000000000000000002d00000000000300000001000000000030010000000000000000ffff0000000000000000000001000000ffff0000000000000000000002000000ffff0000000000000000000004000000ffff0000000000000000000005000000ffff0000000000000000000006000000ffff0000000000000000000062610000ffff111111110d0000002222222249000000579c387762782fe2e9f8e45e2b7985ed6e43a74971ad926a90fa9d33224caa726fa27f5529c0708c840cab54a54932a2fc62a06dc0cebe6c17cc6002102e255d5bfc03ec4c120034d6f63c80224f3c2114931b199eb71164c985f132b551b207eb3fb18a8635389fbd82f8ac739e24261c2d6b73d7611ee947a5054ea9684612672c5e3f3b3aaadb5c3b240e160841a6777128770f7f5f6c4ba7e073dfb0ad31290e2f5555a49ca8714a68d0a836e5c78dbe9df41cc8eb7a66c93c5a7d6f6203ddb3985373a64800205898f19ddf3a408576470b072088616ba3e135e1d3ce80af008089b98c552547ce695188a66d5865207366aa1800749ea8fd768e276cb6	3947	16	7	0	1684414496	0	3	3945	64	83,177,121	83,177,121	144,252,61
synthetic_1_22	0100a5a5000000000000000000000000000000000000000000000000000000000000000000000000090000000200000000000000730000000000000000000000000000002d00000000000300000001000000000030010000000000000000ffff0000000000000000000001000000ffff0000000000000000000002000000ffff0000000000000000000004000000ffff0000000000000000000005000000ffff0000000000000000000006000000ffff0000000000000000000062610000ffff111111110d0000002222222249000000bd1e6b15482ff4729dbc9e721ff0df7bc5788e349cc9ee54ca1de905ebbe2df0e197d37248704216fa91c56e6c675a126ea3179bff2ce60b6f5fa47d4269ba56b77471953c44b2023127b1fb5e326a8843db25fb32385bb335bcf5880b711ae351b145de9946c5de0ccbd158cf20286cba895c1f56a908a9c89ce837902baccaf189ed29872db60660cbcf9365172191553e845eb5b776bbe3f0eb857651b17860898fee35633caaf35b55c609013789ea7b71ea3c77b9f258f93bc25300e45aae786dbefb1dc945a42dc81bb80ee84552990389b590179bdc20517e3de9474f5ea104ae059dad4996b168e9b63b3ffbb3acffdf4613bc6b029c4db0aab864c6	672	3	4294967294	1	1113682789	1	3	670	-	92,48,104	204,127,149	105,61,117
synthetic_1_23	0100a5a500000000000000000000000000000000000000000000000000000000000000000000000009000000020000000000000073000000000000000000ffff000000002d000000000003000000ffff0000000030010000000000000000ffff0000000000000000000001000000ffff0000000000000000000002000000ffff0000000000000000000004000000ffff0000000000000000000005000000ffff0000000000000000000006000000ffff0000000000000000000062610000ffff111111110d0000002222222249000000bd1e6b15482ff4729dbc9e721ff0df7bc5788e349cc9ee54ca1de905ebbe2df0e197d37248704216fa91c56e6c675a126ea3179bff2ce60b6f5fa47d4269ba56b77471953c44b2023127b1fb5e326a8843db25fb32385bb335bcf5880b711ae351b145de9946c5de0ccbd158cf20286cba895c1f56a908a9c89ce837902baccaf189ed29872db60660cbcf9365172191553e845eb5b776bbe3f0eb857651b17860898fee35633caaf35b55c609013789ea7b71ea3c77b9f258f93bc25300e45aae786dbefb1dc945a42dc81bb80ee84552990389b590179bdc20517e3de9474f5ea104ae059dad4996b168e9b63b3ffbb3acffdf4613bc6b029c4db0aab864c6	3983	4294967295	4294967295	65535	1886527520	2	3	3981	-	4294967294,4294967295,0	6,7,8	10,11,12
synthetic_1_24	0100a5a5000000000000000000000000000000000000000000000000000000000000000000000000090000000200000000000000730000000000000000000000000000002d00000000000300000001000000000030010000000000000000ffff0000000000000000000001000000ffff0000000000000000000002000000ffff0000000000000000000004000000ffff0000000000000000000005000000ffff0000000000000000000006000000ffff0000000000000000000062610000ffff111111110d00000022222222490000004ce2b9c4b6823bb90ea70ffa1335d4e55f538710c8acdaf75df0578d832f625968723e2b27956c6e0d48af746a0579f0b3f1fa18841b694fb79d21a11adedda7475f959744f1bee206a9a4f609e3749ea99720d8dd41dc50d02dd7bddef1340460f0af30dfe0afe84336a43fdd6d265b67e29428cf95eecd1049d5d344fcef7111dd7715ee9664bb8527dd79c6d8a8af8819120a4a3da1d6d6800a8c9cb12ddf84ea395287e0d577a378fded0477cedbc693155fc04faa6c1f50e33a67a89edba376d1cef0ccb14bfab56d40f87590a638f366ff9acb27b42d1734c5213ee4495f4c4ef719261ec9ffd98c3344e0e85e4a6f680a1f076e8e646c791b09e4337c	6669	4	0	0	1701191712	0	3	6667	160	83,135,16	90,142,23	238,127,169
synthetic_1_25	0100a5a5000000000000000000000000000000000000000000000000000000000000000000000000090000000200000000000000730000000000000000000000000000002d00000000000300000001000000000030010000000000000000ffff0000000000000000000001000000ffff0000000000000000000002000000ffff0000000000000000000004000000ffff0000000000000000000005000000ffff0000000000000000000006000000ffff0000000000000000000062610000ffff111111110d000000222222224900000038c6c0112af8b603e6632a993a8d6da3dce6e7f1252455bbf04109328f8ee30b03b10bedff34e29b077dbd006edfea077a8d64639b054ec384793a427a24d44e6ad71698e40139da868eebf61b60b4ca75087193d72db92190b897ff511ebf3b12bd6f5a8f32cd19a52654d98c7d976700fdc2c1c0434fd81a48730a7deb7470a228c1bc6c70e4a58c4a75400bab98f7b4ba925bc95d327337949ee49102c19139ed437bd66389fe18aa7de85ca0a4bd682fe230fdc03df44a2f2e1b0972f6be94bb92095d32b8606b96b99e38c0a1337e17ebf5f3f16945f9db8eed45a3e8f0eaae987d801fb8f120ffd28fd2e4f716df43b76a4c5d9be8bbc43cdd2a8f68c0	2904	18	7	1	1633820704	1	3	2902	-	262,88,37	18,10,184	266,92,41
synthetic_1_26	0100a5a500000000000000000000000000000000000000000000000000000000000000000000000009000000020000000000000073000000000000000000ffff000000002d000000000003000000ffff0000000030010000000000000000ffff0000000000000000000001000000ffff0000000000000000000002000000ffff0000000000000000000004000000ffff0000000000000000000005000000ffff0000000000000000000006000000ffff0000000000000000000062610000ffff111111110d000000222222224900000038c6c0112af8b603e6632a993a8d6da3dce6e7f1252455bbf04109328f8ee30b03b10bedff34e29b077dbd006edfea077a8d64639b054ec384793a427a24d44e6ad71698e40139da868eebf61b60b4ca75087193d72db92190b897ff511ebf3b12bd6f5a8f32cd19a52654d98c7d976700fdc2c1c0434fd81a48730a7deb7470a228c1bc6c70e4a58c4a75400bab98f7b4ba925bc95d327337949ee49102c19139ed437bd66389fe18aa7de85ca0a4bd682fe230fdc03df44a2f2e1b0972f6be94bb92095d32b8606b96b99e38c0a1337e17ebf5f3f16945f9db8eed45a3e8f0eaae987d801fb8f120ffd28fd2e4f716df43b76a4c5d9be8bbc43cdd2a8f68c0	6967	2147483647	4294967294	65535	2054823968	2	3	6965	-	2147483645,2147483646,2147483647	2147483654,2147483655,2147483656	2147483658,2147483659,2147483660
synthetic_1_27	0100a5a5000000000000000000000000000000000000000000000000000000000000000000000000090000000200000000000000730000000000000000000000000000002d00000000000300000001000000000030010000000000000000ffff0000000000000000000001000000ffff0000000000000000000002000000ffff0000000000000000000004000000ffff0000000000000000000005000000ffff0000000000000000000006000000ffff0000000000000000000062610000ffff111111110d00000022222222490000000304a1864a9ec472b57bfa353a836a4003b0a2d3f1a885536933cb64cf73b9f05773f913321642f39c4f3487de97ed2bac60b1b023904c4eecd04d08f597b1dbff54b7d142b1b224e1cc16f64220d27b259f23d2d7e71c7b25f6c7c35a84cc2ab1fcba1595d8ecd003c3803da10b9af5768bc7cebe8d32be710f97049818536fb0f19f9d2a022afbaaa933f2201e07ba076158ef6b9d5a5a6e05d0bb3715723effc0e516d31cd747d3064e524982cd5425ed9dca6d36118a94abd4c256894b6b23155ab16c91b34e08a9fef8ef5e39878e82cfe992c65fa53347383217718350627dfb1cad99ff73b4572e5a178a268cdab2373d0e4ada7fd0e43a89ed0fbf75	8926	17	4294967295	0	1987321888	0	3	8924	48	184,239,86	192,247,94	210,206,101
synthetic_1_28	0100a5a5000000000000000000000000000000000000000000000000000000000000000000000000090000000200000000000000730000000000000000000000000000002d00000000000300000001000000000030010000000000000000ffff0000000000000000000001000000ffff0000000000000000000002000000ffff0000000000000000000004000000ffff0000000000000000000005000000ffff0000000000000000000006000000ffff0000000000000000000062610000ffff111111110d000000222222224900000042c762ba761f57673963bce4ca94c481f31b01a9fa4a33f2fac05ca99e9e603cb8db8dc7fb9161643e97732253e8cb398443671b63f194677422a312d4d96166a53beda1361ec13565861c064ee3142df8d4ff0379c7e8b4c1ddd07824357b05e2674dc7712686d4defa12ab31d01e2382b1d9f56a73f2d9709569787b6f8e5959c75e8ffd6108ed8a3e31719c0c0502956a90c5591ee8a5ad027ce7d7d5a90c83199343c3e51d4df61be84a3bc1ba12513b329323f341ae2a1d350ea7701fabf79ebbdf5d39000bb04468626fa9ece780e25a2b9790b12e74eafa32125ce9a49648f3cccf7c4717277d158994a6c1d9f1b24faf321fc8c582ac2ef6e29424b2	1908	12	0	1	1852645408	1	3	1906	-	199,232,180	199,99,176	210,243,191
synthetic_1_29	0100a5a5000000000000000000000000000000000000000000000000000000000000000000000000090000000200000000000000730000000000000000000000000000002d00000000000300000001000000000030010000000000000000ffff0000000000000000000001000000ffff0000000000000000000002000000ffff0000000000000000000004000000ffff0000000000000000000005000000ffff0000000000000000000006000000ffff0000000000000000000062610000ffff111111110d00000022222222490000000bc5502054922394ac6c2de09234632144567d73f998750c56245852eb1e7026b0fbc08dab5302636aaef5794894ab6d71a0f20710a594ba5930335699610b9e921bfec44446dbc91639085c5a32ae10bc9d6d35e8de14221241b9231b7c57c815e436ca5f290bcee6556dffc2da546a75743e98ebdde60fe42a03c42b858d2808a8eb9d1c0a2d83fe579353924c10a4a918da8150a4ea7b1cf5cc8a4a840224f18afe50638b77c0d5b1fbde3c3636b054325cd5b84edaa9906c9fcfa62048d9321f6fb428d71d404a262aff5787a2da7bf7519dc57976afb5ade13ceb6bcbd353c43837e851e7fd3655d96d87f26d7238a8363b42e38717563b08325de6f5b3	2215	1	7	65535	1970675744	2	3	2213	-	8,9,10	106,40,75	19,103,101
synthetic_1_30	0100a5a5000000000000000000000000000000000000000000000000000000000000000000000000090000000200000000000000730000000000000000000000000000002d00000000000300000001000000000030010000000000000000ffff0000000000000000000001000000ffff0000000000000000000002000000ffff0000000000000000000004000000ffff0000000000000000000005000000ffff0000000000000000000006000000ffff0000000000000000000062610000ffff111111110d0000002222222249000000d4912c6ea60cf82b71ad96acdd1a33b5ed44e747d16009c7ff8e0223bfc48bcd0287f7ac54d79b944c77d590af5fc2b7b4905fa3951ae36f9e633c16d485059b47c0760016c2ed524be182a68adf23f379e7856c4c48afc6c9a92c5c4c9768262c79844258cc03c6bac1a1e742a5bfe59182fdec4abee4248cf3ab694b096268694ac647110c0b8a9cb4efb72444160f0a431ec64bf8ec044892bb33f36909f4db467985a06b9420a8f4434ac8d8c345ca4e528dc92f73492005f561550803951deff54dbf291a55adc0b750ec1f0a6497f0f5cbddbbfd7f5e109f4af97faaf3cfe12964371801bb0af7a61ef605a381194fa0c993a28c8d3b27fdcccdbf0788	5030	17	4294967294	0	1684414496	0	3	5028	64	137,203,0	146,212,9	55,103,87
synthetic_1_31	0100a5a5000000000000000000000000000000000000000000000000000000000000000000000000090000000200000000000000730000000000000000000000000000002d00000000000300000001000000000030010000000000000000ffff0000000000000000000001000000ffff0000000000000000000002000000ffff0000000000000000000004000000ffff0000000000000000000005000000ffff0000000000000000000006000000ffff0000000000000000000062610000ffff111111110d0000002222222249000000944da413c0dab5b5490950451f046904a1154835f790547ba653232f2531e579c7ac299b3ea4964de0121013d9c6321f94f6deafe205fc2e71b18e4af249890646ac93733d47228d61d3894b4242275d5438d685f7b37988e7a7f0476803e184a27ef2d4c4ec12c9a2a12bb540ba4d16ceb5ee6d8d8412d05dfd532286a79a235d5f27378aa946ad38168e97020fb71140fcc5d32245c761a5e31e97a8cb32014935e7aa2d139831e3d238aeec1e473b4a8041e7a7ae1425044ddc9f3ec0863a0aadc1c67a3b3f803a2d29e5e2e46e473b1d74e2c4c8bb0c349e5148a519d4c3912aa23c1e465d3fa6091444cab0f7336cb7be96ebf58e63262f12df6d0c199a	5829	2	4294967295	1	1113682789	1	3	5827	-	74,65,65	11,168,28	86,77,77
synthetic_1_32	0100a5a5000000000000000000000000000000000000000000000000000000000000000000000000090000000200000000000000730000000000000000000000000000002d00000000000300000001000000000030010000000000000000ffff0000000000000000000001000000ffff0000000000000000000002000000ffff0000000000000000000004000000ffff0000000000000000000005000000ffff0000000000000000000006000000ffff0000000000000000000062610000ffff111111110d00000022222222490000008d66a7765e30793a378c2dd5e86dc58b53b65bf4d14a91026fe33fd979b052fac84781d7330b3e40fd4a1db6c8ed3f5ff375279e9ce29c7b97e154505e1826f912270bd05e024ec22257584a8c844a6d53bcc9e46fa14fd62f37bc31e8b5029f858261be535dfcb216f81af2db19d6cbb0331c33336809e50ac2e8457a01dbeca479dcaa0793725431ce95610e1a3eb49c5741d33acbe489ad6acb988b9075483158cc492200879a83365671c11b11cf6c6e075683715ed2bf70555dc5318da15b9bd09a2603477997050c3d105ede121f044855ff0740498bd9710c5b9d02fa28741762c4b3e82dba57228480945ebe6b7273bdb08e15da5f9bea0335a949c9	478	0	0	65535	1886527520	2	3	476	-	0,1,2	116,204,146	98,99,85
synthetic_1_33	0100a5a5000000000000000000000000000000000000000000000000000000000000000000000000090000000200000000000000730000000000000000000000000000002d00000000000300000001000000000030010000000000000000ffff0000000000000000000001000000ffff0000000000000000000002000000ffff0000000000000000000004000000ffff0000000000000000000005000000ffff0000000000000000000006000000ffff0000000000000000000062610000ffff111111110d0000002222222249000000b2299315d0a96b8c1245002d6a8368985abcf912cc1ce9d95ce1c91bcb34ee5d0e34862bb82d1413782164e958f115aa1787b43e392952fbb1dafbc00414e93237d4b3dbb1c1c23599efc9fc275c9c3992094b80aa89c4f8bae2abf4bc8a49057830ff9e4b692e9f0a56dacf1feb9dd219eb58b2a491d6337e625343fc827b0fe34866474b07a1e0891ddfc0d26b94ff59d4175016ed6e13d17acec006178464a1b0d6cce0bd2eb95427d0d1d9921b8290ec801f11ac20eb975302b55129f65ed03eea97510b51a11f46277b14118547d6eb2bbc10c0e6675502105ef125ac651d2a16be7c9d6f5836bdefffe5bcbc342b94e87c94fead1d69f5ef8cdb16836f	3747	14	7	0	1701191712	0	3	3745	160	34,210,59	34,210,59	259,197,237
synthetic_1_34	0100a5a5000000000000000000000000000000000000000000000000000000000000000000000000090000000200000000000000730000000000000000000000000000002d00000000000300000001000000000030010000000000000000ffff0000000000000000000001000000ffff0000000000000000000002000000ffff0000000000000000000004000000ffff0000000000000000000005000000ffff0000000000000000000006000000ffff0000000000000000000062610000ffff111111110d000000222222224900000051f82691db5445a94bb5c1101c81aeefe2317030653ef27f4a816527623a5d94ce3bd789d3be0a9e195b84c56a84cb7e07deb3daa5dd4cb25ccee1798ca938a3500979c51aec879eed9219929e32c855fce5fa1f2cdc78c5bf576c933a2332b4c5cf7df54a4bb86510affcb55244195b81af1c718565368195c4d68ea0d1cd95cdf48a7ddcb962e6f3da67264be801d7eb3b2996ddf90a8df3f4bf393634c8559f388212898535822875b4f091eff50cc8de30932f73d6a298ef17e151445e71c3ba2a1ca718cec13b2692eb4cef3a408c4a3f0176e393b533859c41650850abec160336ecf6354cd82af2caa3b99f11be50b02becc626f40726298e8091dfa8	5971	8	4294967294	1	1633820704	1	3	5969	-	227,248,29	69,249,134	240,261,42
synthetic_1_35	0100a5a500000000000000000000000000000000000000000000000000000000000000000000000009000000020000000000000073000000000000000000ffff000000002d000000000003000000ffff0000000030010000000000000000ffff0000000000000000000001000000ffff0000000000000000000002000000ffff0000000000000000000004000000ffff0000000000000000000005000000ffff0000000000000000000006000000ffff0000000000000000000062610000ffff111111110d000000222222224900000051f82691db5445a94bb5c1101c81aeefe2317030653ef27f4a816527623a5d94ce3bd789d3be0a9e195b84c56a84cb7e07deb3daa5dd4cb25ccee1798ca938a3500979c51aec879eed9219929e32c855fce5fa1f2cdc78c5bf576c933a2332b4c5cf7df54a4bb86510affcb55244195b81af1c718565368195c4d68ea0d1cd95cdf48a7ddcb962e6f3da67264be801d7eb3b2996ddf90a8df3f4bf393634c8559f388212898535822875b4f091eff50cc8de30932f73d6a298ef17e151445e71c3ba2a1ca718cec13b2692eb4cef3a408c4a3f0176e393b533859c41650850abec160336ecf6354cd82af2caa3b99f11be50b02becc626f40726298e8091dfa8	4318	4294967295	4294967295	65535	2054823968	2	3	4316	-	4294967294,4294967295,0	6,7,8	10,11,12
synthetic_1_36	0100a5a5000000000000000000000000000000000000000000000000000000000000000000000000090000000200000000000000730000000000000000000000000000002d00000000000300000001000000000030010000000000000000ffff0000000000000000000001000000ffff0000000000000000000002000000ffff0000000000000000000004000000ffff0000000000000000000005000000ffff0000000000000000000006000000ffff0000000000000000000062610000ffff111111110d00000022222222490000000ff0965ebfd5850bdb93f37529e5f956dfd57bd252e14a2f4f9751b7c77d7e5e55e823f921eab73c487a9d3661f64fab4d0c36e962da9da3d921be049aed8a5c6e047488621c4008f683118f54b0d810c080f6c97dab524c8f0a01656b4774025fce7cfaa5d69aba7f9fb310ba30a2fcf118d9c57766a86f414b1b4f5ffc410cd9ebbea652da29a8089ff872c85ae9260ecb50cefb634aa8217939e3d7b667a36081c1d0896aec5a11b65b67dde90c4a030bbdd79485676ae0f2f7027ff2a229a3e73c0bdd1b38cfb42b8838140ebcea2720921d4ee241c3aba064e59fd7c38a7b65e7a12dc85281afacc950f8bcd61c7a789d8b0880e06ad335bd54f6585e54	724	11	0	0	1987321888	0	3	722	48	79,151,81	86,158,88	136,182,93
synthetic_1_37	0100a5a5000000000000000000000000000000000000000000000000000000000000000000000000090000000200000000000000730000000000000000000000000000002d00000000000300000001000000000030010000000000000000ffff0000000000000000000001000000ffff0000000000000000000002000000ffff0000000000000000000004000000ffff0000000000000000000005000000ffff0000000000000000000006000000ffff0000000000000000000062610000ffff111111110d0000002222222249000000cbac80c7405c8ba3fb970d20aa6c803223d1aff794d9ebd52690a06385344012372fd73c40cfe97a782848446d110d14a9a074d8a1573e00a753f63d7562dc02f93e0335c0a88209d9223f2ffcb30eea812729c3372b7d96470f1f54e64b108dfde657713a2d1d3b9da6a8af421846b48f94aa9a5ce930763b1dfee9de0ffc5f3a50a3882f86b3310d9ca0a51dba3d44af03dd8d41720d808e315f403082e7a5187693da5a6ff3a236ae0dc1a07808ecd8fdc66f75fce5af6de198c4ae90068d68e7e29c40f53661fb91cba4847c3f1952b98272be5fa2e0967ffdd7406e9be9b45e8d27b4608292b38155a1c1ea6c9aa11f142d255bd37f0e2788ca28793e67	453	13	7	1	1852645408	1	3	451	-	132,157,78	167,106,140	136,161,82
synthetic_1_38	0100a5a500000000000000000000000000000000000000000000000000000000000000000000000009000000020000000000000073000000000000000000ffff000000002d000000000003000000ffff0000000030010000000000000000ffff0000000000000000000001000000ffff0000000000000000000002000000ffff0000000000000000000004000000ffff0000000000000000000005000000ffff0000000000000000000006000000ffff0000000000000000000062610000ffff111111110d0000002222222249000000cbac80c7405c8ba3fb970d20aa6c803223d1aff794d9ebd52690a06385344012372fd73c40cfe97a782848446d110d14a9a074d8a1573e00a753f63d7562dc02f93e0335c0a88209d9223f2ffcb30eea812729c3372b7d96470f1f54e64b108dfde657713a2d1d3b9da6a8af421846b48f94aa9a5ce930763b1dfee9de0ffc5f3a50a3882f86b3310d9ca0a51dba3d44af03dd8d41720d808e315f403082e7a5187693da5a6ff3a236ae0dc1a07808ecd8fdc66f75fce5af6de198c4ae90068d68e7e29c40f53661fb91cba4847c3f1952b98272be5fa2e0967ffdd7406e9be9b45e8d27b4608292b38155a1c1ea6c9aa11f142d255bd37f0e2788ca28793e67	7993	2147483647	4294967294	65535	1970675744	2	3	7991	-	2147483645,2147483646,2147483647	2147483654,2147483655,2147483656	2147483658,2147483659,2147483660
synthetic_1_39	0100a5a5000000000000000000000000000000000000000000000000000000000000000000000000090000000200000000000000730000000000000000000000000000002d00000000000300000001000000000030010000000000000000ffff0000000000000000000001000000ffff0000000000000000000002000000ffff0000000000000000000004000000ffff0000000000000000000005000000ffff0000000000000000000006000000ffff0000000000000000000062610000ffff111111110d0000002222222249000000db58ff12a1db6ea296bf5a4ae4763832f7fb3ee5b81d26b250d32b36c2e55507ba5a8abb4e5be683c772df41fae2c026603c9ca39f0f139dc5506ed7bd8c8474f45da1c725352e60fefaf97621f0da23c4c32468d0a99acb71da2a951e1af60900e74eb31db4cb5b98ac8ed9f45ab39e7bea0d4a13c0dce49c3fbbf75e8f4e262ef83b28db8f221345f6cee83d496f2b73d929e2edc7d1194cb3d02f32303f8fdb3f352663249eb819b2149fd14772712ada6d8c096696272a08775757728f69abda04be99a95d92b960aef4e729a5dea572f31d04f69bbb3fa7041c045021bbab19adb45d734e0208e6ae441f11b025a8ed2e03da03a681fa65054a9691a5c4	770	16	4294967295	0	1684414496	0	3	768	64	228,84,6	236,92,14	229,53,160
synthetic_2_0	0200a5a5000000000000000000000000000000000000000000000000000000000000000000000000090000000200000000000000730000000000000000000000000000002d00000000000300000001000000000030010000000000000000ffff0000000000000000000001000000ffff0000000000000000000002000000ffff0000000000000000000004000000ffff0000000000000000000005000000ffff0000000000000000000006000000ffff0000000000000000000062610000ffff111111110d00000022222222490000002901771ccc419f5852fb4713e985f6d1d42389a712a4028d386864531ee68911a5e6d1b86c8333e1cdb3ace5e47c84123a303ce00c094081e1503f89264c1e220c182c725a22e050f02894db7ec51f8b348a634544dfa47dcee21b21b1010bc5d880cd8fbee8f0fedf4730861c40c1a731ecf8386ef71fbee40d7331b2fb43bec05c413c0ce85395ba4dfcbf9890bc36fed2ae5377c2257040264b81d1cedc97a820450fa8ea0d9c7605d1fc1a84e4b914abe5b6ccada7764e3f1605eedebb8483e50d7025cb69b48ed259f7d7a9220753d8ea4f02b56ccbd1f08f1f01d62b1f7f184df08e07756e5236e6fa9df693bfcf2ae160628d255b58fe687393ec3a24	0	15	0	0	1987321888	0	2	2147483648	48	229,228	236,235	265,234
synthetic_2_1	0200a5a5000000000000000000000000000000000000000000000000000000000000000000000000090000000200000000000000730000000000000000000000000000002d00000000000300000001000000000030010000000000000000ffff0000000000000000000001000000ffff0000000000000000000002000000ffff0000000000000000000004000000ffff0000000000000000000005000000ffff0000000000000000000006000000ffff0000000000000000000062610000ffff111111110d0000002222222249000000d05b9a3aa96f8335d512795f58234d2a041ef9ac85ad09385f40374230a24cb5d3e2d6891bf36a1bebd55dcbc116cc87877bd62d3c9e73a0321fa4c7924232cef253832b92423a0a1a0173970debeebb8a0c51ee098f5a037d8e8fdcbfe432fecbe06f6c73e27a5ad8d253cffbdd0a840e4b75e8811efdbe562f8c6f3fd55e43d53708d9284cd42dc3a16b0692436f8023fb63dc90cf8adbcfafa980954dad12fa73c0e6fb4ace79d4e02ae08737ce588dcd3b45cc2197408aeddc75da97ecdcfa34e597eee86e9fcc63a58f9e5151b7c29e29c8187f6694b4960f1f0a84389fd5b84b72c25d2af6497e03e6016e7b864b7c0f6a8bafcfaef5a1f0660f2d4ce6	1	1	7	1	1852645408	1	2	2147483648	-	158,20	49,11	162,24
synthetic_2_2	0200a5a500000000000000000000000000000000000000000000000000000000000000000000000009000000020000000000000073000000000000000000ffff000000002d000000000003000000ffff0000000030010000000000000000ffff0000000000000000000001000000ffff0000000000000000000002000000ffff0000000000000000000004000000ffff0000000000000000000005000000ffff0000000000000000000006000000ffff0000000000000000000062610000ffff111111110d0000002222222249000000d05b9a3aa96f8335d512795f58234d2a041ef9ac85ad09385f40374230a24cb5d3e2d6891bf36a1bebd55dcbc116cc87877bd62d3c9e73a0321fa4c7924232cef253832b92423a0a1a0173970debeebb8a0c51ee098f5a037d8e8fdcbfe432fecbe06f6c73e27a5ad8d253cffbdd0a840e4b75e8811efdbe562f8c6f3fd55e43d53708d9284cd42dc3a16b0692436f8023fb63dc90cf8adbcfafa980954dad12fa73c0e6fb4ace79d4e02ae08737ce588dcd3b45cc2197408aeddc75da97ecdcfa34e597eee86e9fcc63a58f9e5151b7c29e29c8187f6694b4960f1f0a84389fd5b84b72c25d2af6497e03e6016e7b864b7c0f6a8bafcfaef5a1f0660f2d4ce6	2	2147483647	4294967294	65535	1970675744	2	2	1	-	4294967292,4294967293	5,6	9,10
synthetic_2_3	0200a5a5000000000000000000000000000000000000000000000000000000000000000000000000090000000200000000000000730000000000000000000000000000002d00000000000300000001000000000030010000000000000000ffff0000000000000000000001000000ffff0000000000000000000002000000ffff0000000000000000000004000000ffff0000000000000000000005000000ffff0000000000000000000006000000ffff0000000000000000000062610000ffff111111110d0000002222222249000000999063a68e86af719869bbfe62c442c2ebc3bd94db1339d09ad8cba3d7c54794dc37bfe862c4878c760f3de626ec2ae987000a37931d019afe2c98643bf24f51bcc7d8db13731ac99ded05f317c9f0b47b5fb32ddc7dc1dd439f062ede06033123b5b0c4c83103e0057ff807b3bb14934889d7c78c54be4782ef00d3b1d39614d38c397d33b9b58791e133ce540902d7a872f3220fc8b168ce314212a4943782556f4e69d5221dfe3eb31740a4f76630586b1a66b7e62f7109127a8bb22486443674226749545485950e995a491fe3cf0d5f5f53b52f5e4a90448adbe22166b8d8df8442ad9b22ae50731d3d238cde87b84cba841b62a883eee526cc4c4011a3	3	16	4294967295	0	1684414496	0	2	1	64	235,41	243,49	138,259
synthetic_2_4	0200a5a5000000000000000000000000000000000000000000000000000000000000000000000000090000000200000000000000730000000000000000000000000000002d00000000000300000001000000000030010000000000000000ffff0000000000000000000001000000ffff0000000000000000000002000000ffff0000000000000000000004000000ffff0000000000000000000005000000ffff0000000000000000000006000000ffff0000000000000000000062610000ffff111111110d00000022222222490000003b0a20158f698d20618db76265ca434b8bcf620b14872e55d36d3ad86b4cb60c716e03e25f6abe03f4f599ff1776b83d2453be871e4913df8122341cf96de7d390d89a3836270a964a7a4dfd8bb181ba56acbe2eadf5431944b3084188119ca3b8a499850b4aa3c2f847b5a96340fc48ab3eebbdbe1f3ea9bb2479cc5d497510b3190a062f053518e7a4ae2e748acf4662a63bff642243398049429d14c5f6d5f2bcc4c91f349cee886ea812dfb46d226cc2fe2ee12cd7a367ada3dd88042b4ea53435b23460e192f092e3ee38d432a856ec47cdb63601c20b7051e93aee347212efb3fe2f08421897090541522a1842b1f243daadc2feee18f1e425e05a65f4	4	16	0	1	1113682789	1	2	2	-	71,181	125,191	82,192
synthetic_2_5	0200a5a5000000000000000000000000000000000000000000000000000000000000000000000000090000000200000000000000730000000000000000000000000000002d00000000000300000001000000000030010000000000000000ffff0000000000000000000001000000ffff0000000000000000000002000000ffff0000000000000000000004000000ffff0000000000000000000005000000ffff0000000000000000000006000000ffff0000000000000000000062610000ffff111111110d0000002222222249000000de2bfb163f0283d75aff3ed7b1191210134ffa9013a12174413d937b39b394e5820c6c6425259570e5641831321b1691e2d614c8a1c728088813ea3b26444e0eeb4a4671da046366c7e3526876e21c20784fb2029e52529fa0b5b77aefac55cd7933084e508afd4ae7187186fdb0d2d0de9f9fbc8e8947e963d232af6d285367db28ac3d6ccf5ed079d48c0fd34f6b8d7034dcfaf235372624068d2ef8a17f37e9bdc6af778d098e05665a76dc5e6a4de8f17c0ceab8dcab506f0fcd1827a8aa8e91c6c0a5b90c7b7b7c75a9da71dc8388f89a8e0e64d89ce37de5e0042fcfe8c862d9bf7c97e3d9dc589f1db961dbbff7f1424eaba932837db13fc02407597a	5	1	7	65535	1886527520	2	2	2	-	9,10	23,26	115,129
synthetic_2_6	0200a5a5000000000000000000000000000000000000000000000000000000000000000000000000090000000200000000000000730000000000000000000000000000002d00000000000300000001000000000030010000000000000000ffff0000000000000000000001000000ffff0000000000000000000002000000ffff0000000000000000000004000000ffff0000000000000000000005000000ffff0000000000000000000006000000ffff0000000000000000000062610000ffff111111110d00000022222222490000002ff184777d1b3135016c157d8aa165aca1e7d25a44c3973070edc075aaee38b90cfca6ca8324e1be7fe3f36b049efd70ca88bc8b5da05553b6010062d4f362384833b85f3ecb5279fabb1f9db7889c5b649fdd8b564c62f84f5d95e23c5cb2c0e81682989d5648a136971432c6f9ed647da0739f4323a30fc91f454f81666bf9ab7e5e90a26ec525437815217b0285b18a3e4e222993af16990df1b9ab5a3a254abe7c22ee6a4f293bdd3ab21cba69260814e26e99a1f09125e330483b9f79374834ad8b5bfb05c1ea3a98d7de25ba7e3c14eb152e954a5c4663b4946ab26099e692424f352e7e2fed0228ca72b6969cc5d6727bdaa9a158e6faf28228b529b4	12	15	4294967294	0	1701191712	0	2	6	160	105,2	114,11	172,65
synthetic_2_7	0200a5a5000000000000000000000000000000000000000000000000000000000000000000000000090000000200000000000000730000000000000000000000000000002d00000000000300000001000000000030010000000000000000ffff0000000000000000000001000000ffff0000000000000000000002000000ffff0000000000000000000004000000ffff0000000000000000000005000000ffff0000000000000000000006000000ffff0000000000000000000062610000ffff111111110d000000222222224900000044504455cda9e9cdf13ce677e87c91c51fd878956b250168576686f2649787648830d22965c0b1c9fbab46ccf271c0c1a8592fa46ea8d495bb0b9309f97146a3758c9926730e5e64244709dbbe97d3cdd9d0528c76313cfb390c4acdadb2bb60f12c83fd2c5c9587f0347d6d6bb909acfd0733b2887be7d296a7dc0f930cdb6b6b9e8ce30a61e206728f47caec2ffbece91442c2ce40759599d4420e51a28b5f71882b17f730fab42a8ce56218134dc8781f0aae0660e5123ce11c79f822af8883b32e23e886ddfb7f7c0b14c69dbf1a9fb32fefeec887a60d63c41f7ae78d1a2902d063f756606d87898535892be56ce55bc06ab3a5fcbc14b8616f82345b8e	255	10	4294967295	1	1633820704	1	2	127	-	177,186	55,217	189,198
synthetic_2_8	0200a5a5000000000000000000000000000000000000000000000000000000000000000000000000090000000200000000000000730000000000000000000000000000002d00000000000300000001000000000030010000000000000000ffff0000000000000000000001000000ffff0000000000000000000002000000ffff0000000000000000000004000000ffff0000000000000000000005000000ffff0000000000000000000006000000ffff0000000000000000000062610000ffff111111110d00000022222222490000006cc22c2132dc27c4209bd6f21ffb57bf53c5918cd3f052b2167c930abb51cdce29a3077d33af62651bbd782fb5e9f2a7e6296555ba37947c93e3ce9c676a39b6db9380c48b7e24e37f4858847a0cd6d827458ee7ec439bfa63f8a131283342a020cf0cbf1268f98acc5eb92aeebcbcc8fc09d001acd575db11f58e7189b69513983b539bdd2115f3340007871e93be9f6f5b3fbd6297505012ecc40f8b6d0c4c269feb52dc5405971100bb21ef1fa42d6a228bffb243043b0cb61b9c3bd179391dd23a4319f6baed93674411ffcf98d77b37abffdff426a89a157c1d122ee558eda21ae3a402aae7d6e90aeed1a01ba4bd8354b5c94e66bd0ff8cf1b9b511fc9	4294967294	0	0	65535	2054823968	2	2	2147483647	-	0,1	258,94	83,99
synthetic_2_9	0200a5a5000000000000000000000000000000000000000000000000000000000000000000000000090000000200000000000000730000000000000000000000000000002d00000000000300000001000000000030010000000000000000ffff0000000000000000000001000000ffff0000000000000000000002000000ffff0000000000000000000004000000ffff0000000000000000000005000000ffff0000000000000000000006000000ffff0000000000000000000062610000ffff111111110d00000022222222490000004e81fcf709f80102cfee7e16403b4617b21c42f432722fce5a9649a08e5282802d778a83e87d75d84781bc24d0e65c0d46b603ae8b25296437135a27b2e579de3d7b64016a58120d63d741e6b2ea210f23bd96b3b22511a2c364e7f379ee88c8028baaf668ece8fc3025d607aa3c6c164478b26da4b11083350f7f313ba03f6d9dec7841fd2a8c0032165e36dd136f468f28333029b66537787f8f2fe31363ba2b56ba89794e729d5c78c9f0660b18b129760de384034f696b8e42ff02f2224ff25be0528b997de676252f0a5b1fa16187939a5025ca06dc20e1702cae464ceb5695bb153bf4d79c5147945350cf439b0edc38d44890f64eca82a2242ecb4661	4294967295	12	7	0	1987321888	0	2	2147483647	48	132,124	132,124	150,181
synthetic_2_10	0200a5a5000000000000000000000000000000000000000000000000000000000000000000000000090000000200000000000000730000000000000000000000000000002d00000000000300000001000000000030010000000000000000ffff0000000000000000000001000000ffff0000000000000000000002000000ffff0000000000000000000004000000ffff0000000000000000000005000000ffff0000000000000000000006000000ffff0000000000000000000062610000ffff111111110d00000022222222490000006db10dd538fcdc1a55a1ed08dcd2bc11b02cc184a73ce6c9d26aa3fc8647962aa81eb0e241bd0c0a9f3667d082d8cbc7868ccddb4f14a4fa179bf61c85f64e4bfe9cec5fc03cd212b8fbbfa98b73e23b99cb23a9027fe235e0f7f5a235f77bce452528014c9dc4bf925be351c7fcd9510d2c01423c16cb4b59f9ac5a9a1c2d1ea4c09571352c36638477652d7cfad058973fa7587ea62beef7756290bd86348c19a0aa78e56521db41fc2a65c4437f17a33be0641571ef304655eb830c73ca829e704c009351bb023d2695cb3bf23798e886ef5ac94a327436ddd453a86bba11b32d3c7befc66e35c8d39d7956f22631cd1a11eccc087dd4b3e8944c0812ee66	0	11	4294967294	1	1852645408	1	2	2147483648	-	204,67	233,72	217,80
synthetic_2_11	0200a5a500000000000000000000000000000000000000000000000000000000000000000000000009000000020000000000000073000000000000000000ffff000000002d000000000003000000ffff0000000030010000000000000000ffff0000000000000000000001000000ffff0000000000000000000002000000ffff0000000000000000000004000000ffff0000000000000000000005000000ffff0000000000000000000006000000ffff0000000000000000000062610000ffff111111110d00000022222222490000006db10dd538fcdc1a55a1ed08dcd2bc11b02cc184a73ce6c9d26aa3fc8647962aa81eb0e241bd0c0a9f3667d082d8cbc7868ccddb4f14a4fa179bf61c85f64e4bfe9cec5fc03cd212b8fbbfa98b73e23b99cb23a9027fe235e0f7f5a235f77bce452528014c9dc4bf925be351c7fcd9510d2c01423c16cb4b59f9ac5a9a1c2d1ea4c09571352c36638477652d7cfad058973fa7587ea62beef7756290bd86348c19a0aa78e56521db41fc2a65c4437f17a33be0641571ef304655eb830c73ca829e704c009351bb023d2695cb3bf23798e886ef5ac94a327436ddd453a86bba11b32d3c7befc66e35c8d39d7956f22631cd1a11eccc087dd4b3e8944c0812ee66	1	4294967295	4294967295	65535	1970675744	2	2	2147483648	-	4294967293,4294967294	5,6	9,10
synthetic_2_12	0200a5a5000000000000000000000000000000000000000000000000000000000000000000000000090000000200000000000000730000000000000000000000000000002d00000000000300000001000000000030010000000000000000ffff0000000000000000000001000000ffff0000000000000000000002000000ffff0000000000000000000004000000ffff0000000000000000000005000000ffff0000000000000000000006000000ffff0000000000000000000062610000ffff111111110d000000222222224900000029c8664980566d65955af7abe7521b214eb287e2183349c3a7133090d5a4aafb0450ec377fe49936e4cd22d9f41ec8b2a2d55e6cb671431fa5413fee1491eab57d09ba8d37e71f0152910e3ae445d27fa230cf9139be39003b4ac8e0fdc1f11002c7ac34931078f4c3bf132b236a3e55f23658a960a54332ba5d3decd394e329e9f956194f9df866972b4c5653846056b55fbf7bb923f339dd1a7baa4d92a4e81b40f5b18bb1fafcbfd82cee0f37207234f9d8e55da830b946c4165e2827fe55890228511656f3eb3bad90cc0a7f1de86060e871e041b9d116b5299a111381e2856631d5b2aecf387875e23a29477e3fba3bbe75b3834db0c78c3e5a4767feda	2	6	0	0	1684414496	0	2	1	64	19,48	26,55	201,68
synthetic_2_13	0200a5a5000000000000000000000000000000000000000000000000000000000000000000000000090000000200000000000000730000000000000000000000000000002d00000000000300000001000000000030010000000000000000ffff0000000000000000000001000000ffff0000000000000000000002000000ffff0000000000000000000004000000ffff0000000000000000000005000000ffff0000000000000000000006000000ffff0000000000000000000062610000ffff111111110d0000002222222249000000157a94e281d9683c8b33c59bcafaa5be6a3f7f289aa4f9556f2340d7d753f63fa1f4423286230951099241bf46f723306dd94a64467d5cb5dc9bef18dcf62318bd2618c8038d72d3b80a893d00a70778cce26475495ccdacac641a6a3fe5c67b836384e0ba678f82e33eca4112111491c93825c692b4ce834d1b72a08fe27e27b60acf71e84483d3180bdec118e7fa9f67d12bdc407ab71c8d5240e122f9aea953654b9c15013ce20f30b1348362b1fd079ec61890f0035a113b2f22b8ec635a812b984091cf59e038fba2689a93f87c7b06d73de01e2e1ead58018d91448ec604e431b98c6f71878b1d2e6fa050add948a1fa597f081c12d48b0ae6a20b0dec	3	3	7	1	1113682789	1	2	1	-	127,211	47,161	131,215
synthetic_2_14	0200a5a500000000000000000000000000000000000000000000000000000000000000000000000009000000020000000000000073000000000000000000ffff000000002d000000000003000000ffff0000000030010000000000000000ffff0000000000000000000001000000ffff0000000000000000000002000000ffff0000000000000000000004000000ffff0000000000000000000005000000ffff0000000000000000000006000000ffff0000000000000000000062610000ffff111111110d0000002222222249000000157a94e281d9683c8b33c59bcafaa5be6a3f7f289aa4f9556f2340d7d753f63fa1f4423286230951099241bf46f723306dd94a64467d5cb5dc9bef18dcf62318bd2618c8038d72d3b80a893d00a70778cce26475495ccdacac641a6a3fe5c67b836384e0ba678f82e33eca4112111491c93825c692b4ce834d1b72a08fe27e27b60acf71e84483d3180bdec118e7fa9f67d12bdc407ab71c8d5240e122f9aea953654b9c15013ce20f30b1348362b1fd079ec61890f0035a113b2f22b8ec635a812b984091cf59e038fba2689a93f87c7b06d73de01e2e1ead58018d91448ec604e431b98c6f71878b1d2e6fa050add948a1fa597f081c12d48b0ae6a20b0dec	4	2147483647	4294967294	65535	1886527520	2	2	2	-	4294967292,4294967293	5,6	9,10
synthetic_2_15	0200a5a5000000000000000000000000000000000000000000000000000000000000000000000000090000000200000000000000730000000000000000000000000000002d00000000000300000001000000000030010000000000000000ffff0000000000000000000001000000ffff0000000000000000000002000000ffff0000000000000000000004000000ffff0000000000000000000005000000ffff0000000000000000000006000000ffff0000000000000000000062610000ffff111111110d0000002222222249000000f247735bddb1476a0879b38589f01faae73fc37e26f2fa0b71e4711013bdbc4c310904ba04365461cf8171fbc7afe941f0195d7a368300adee57206db53627dff2c192fab62338693cb46167df5d4ef064a60b5aa191af3ae0519ab31070a3d1f77f3566e88aebd56597d3e2461426999b3356f05d5470089304c755c261bf3af9ddcca14e481c9eda21b0b5cd4589654a0c5db6c88dd3af28e47d6fdd0d785e338a057f399dd4f8584a666720055a26374e23768084d851ce15b87aa8768a928deeaab9861c27d405b06083b710bbf71cfb575541633a19cb72ce790d4bf344b879f4b373f81102423dcacb3e504f1a6a2da22994a5b4ec446a570eb1b531dc	5	15	4294967295	0	1701191712	0	2	2	160	250,198	258,206	224,112
synthetic_2_16	0200a5a5000000000000000000000000000000000000000000000000000000000000000000000000090000000200000000000000730000000000000000000000000000002d00000000000300000001000000000030010000000000000000ffff0000000000000000000001000000ffff0000000000000000000002000000ffff0000000000000000000004000000ffff0000000000000000000005000000ffff0000000000000000000006000000ffff0000000000000000000062610000ffff111111110d0000002222222249000000a868e90591affb9842e140f715a39df820338e6f7c15ca7ab7e3c17b7420f7c91f6cd995fdc64369949a22245900d589783a73cd5846b9d9cb6d04b0e4dd39600a8d3fba8cc63db7ad70c0c30b5317146b2cb458c33ac899197cb991a83a25e99eef38ae699c8226499c0e56a883e87ff72a3f4b51894067d14a3e0024694fd2c7498ce8a90d0c6f9525f0f6a87fc877ad861becb804a725f3ce7d5a1ab26fcad6732646160157c9250f29cf0aaa5f9f68debda91cf190ce220576b8d32d3cb44192f486d539941b87e7d65ce1572fcc799f474758873f74c4780738189470cf39dda50d97e2b6eeba84147d5e5685be761400d59fa694c944c1caa6b38a2c6e	12	11	0	1	1633820704	1	2	6	-	233,158	156,260	244,169
synthetic_2_17	0200a5a5000000000000000000000000000000000000000000000000000000000000000000000000090000000200000000000000730000000000000000000000000000002d00000000000300000001000000000030010000000000000000ffff0000000000000000000001000000ffff0000000000000000000002000000ffff0000000000000000000004000000ffff0000000000000000000005000000ffff0000000000000000000006000000ffff0000000000000000000062610000ffff111111110d0000002222222249000000fb1a930238247926183abd1b490945257599cdb38f4629e3a9dd54d9026e2306c5c691d0f20a4000cf6aeb3f946698d5597393d2ff17e4f553f13ad9cf8dea1b3edcf0d8e8e74bc2696961f11e5dab34125a0f38e76765918246980bf30b1f401e2da6673e36a09d4b1f0cdeb04f9bb17cfb4e1b400323f22bdb30a20b0d0630a87422ae462e59a1bbde5b6e97249a5a455edf3af2cf19eccfcc2bd90a55518edee4e36a2d18f6ebfb6778a65ac56a051fd20bf72a57d567a97cdfbfb30cf19680d35396b7e1490a5f32e09517799a1fcf9af31f38942d0273d278b008db3416530859300b3766ec09c62fd706ea5796eee8b619925fdf562133f04b3deb87a6	255	1	7	65535	2054823968	2	2	127	-	9,10	44,124	252,41
synthetic_2_18	0200a5a5000000000000000000000000000000000000000000000000000000000000000000000000090000000200000000000000730000000000000000000000000000002d00000000000300000001000000000030010000000000000000ffff0000000000000000000001000000ffff0000000000000000000002000000ffff0000000000000000000004000000ffff0000000000000000000005000000ffff0000000000000000000006000000ffff0000000000000000000062610000ffff111111110d0000002222222249000000da605d4016412b905a7cad3647dea4f6d7b5649dc56213494ae49a8d90879d31887e4e1d1a11f3b006c5af25b5808ae8462dc5653aba1316bcabbfdffe035f638a15fb8a67a915de5c58e013458eb2b2942439127d988710f0af91fc2eea36b1afe4f75e4ffaad09a78c050fe6f13280016328c6bcabc786ff9e67ff80ea0ec605a5fc5379149db651806a4a331c8c65842b5c5b233da54a6676a68f245f146aae21aa30eb88f51deee4a540a9141f94d14367a31e5c710213d63aaf6f4b7686342f5a18b227c6e66aa3969cd03196bb7cbade40b06b3c921b7b44c50c35c5537c386a9656a696cef29eea006e28ca263480b47f9a3d759ba55bf3952ed19e3e	4294967294	18	4294967294	0	1987321888	0	2	2147483647	48	43,195	52,204	252,61
synthetic_2_19	0200a5a5000000000000000000000000000000000000000000000000000000000000000000000000090000000200000000000000730000000000000000000000000000002d00000000000300000001000000000030010000000000000000ffff0000000000000000000001000000ffff0000000000000000000002000000ffff0000000000000000000004000000ffff0000000000000000000005000000ffff0000000000000000000006000000ffff0000000000000000000062610000ffff111111110d00000022222222490000000757f4a2e6c1f908efa6da4f863a8f3400eacd8c836d6d8c4a1150666101aaab1100dbf1b781d2083e73813481ff7e13ad11e04ae148ed308f258d97ba9d875da1635661b81068b3417c35b41d50faceee4f3339d8de604e141a999f71570929bfdb34f9908b6aa99ecefaf1b5e15ece0efebbd910d138f8f9d667975fd9be87ef188ff53afd1ca26f62389d80cd5271a21cb49aaf594af82b98b848b4f9e76fbf89b55820414e14d13b3de22ae438b4691f962df8055d57d9c865e0a9decc50d7ab85918c5b46745a1d8e248c651302d3cf2b0655868bfb28829e2be7403f3d276f176551ea4344a98acdb29fe17b198077cc84b399906fec09438c6d598917	4294967295	17	4294967295	1	1852645408	1	2	2147483647	-	240,180	26,180	252,192
synthetic_2_20	0200a5a5000000000000000000000000000000000000000000000000000000000000000000000000090000000200000000000000730000000000000000000000000000002d00000000000300000001000000000030010000000000000000ffff0000000000000000000001000000ffff0000000000000000000002000000ffff0000000000000000000004000000ffff0000000000000000000005000000ffff0000000000000000000006000000ffff0000000000000000000062610000ffff111111110d0000002222222249000000f81801f28d014d1dd70dc5f1fe8201ff9a7b48e9a5a5c06f7c5d3f21fa8f3cd8b52018ab2b52522f68b402a1ddb0a945ef0f277b248a303aabc854fecb9d0642c57e0becb689af6a8cdea8ea08f79ab3dcfec3449efae847734753f7df70806ee7861a44c18947210a14e73de45568f26e5f600c56c0ae3da13ac4c51b80a9ec3812aa82cbee601fef14981032f4582909e5efad06781158f39e150d5f4da08403bf696713e6cb290b0ada581511f05023376deb7df74f097aac96765d4a95374fabd9ed67159af9108d5b07f6cea7e85f78bb4add32d0b2d77570cdb8ac7f1035c94a939adfeaf8448794cd791262788dbaf9c2878c1ee50a93a69d825c01fe	6351	0	0	65535	1970675744	2	2	3175	-	0,1	137,8	233,179
synthetic_2_21	0200a5a5000000000000000000000000000000000000000000000000000000000000000000000000090000000200000000000000730000000000000000000000000000002d00000000000300000001000000000030010000000000000000ffff0000000000000000000001000000ffff0000000000000000000002000000ffff0000000000000000000004000000ffff0000000000000000000005000000ffff0000000000000000000006000000ffff0000000000000000000062610000ffff111111110d0000002222222249000000063e13515d8f40cbdf05ef22afc89be2351e5f64dd02529188763d49d3b3e4a6aec54fe417acfe9f23f9312451c3fe291d4e9f82c6119e03eb538f69a2db2cde0209c047ab1068e14bb915ca22accc93b0b4219629ceb05d6bcee1acf0788e084e5b23c4d28eb7ba1ff6c80062d5b6dcad8bb2d024e1b08ec8ae6468e6f8a640cca4e23fb4d6b59f57ff5d300d001977643738ca3af4ee36269d251393f4e590eadff301074bcb640a957d004afee9964ba23b0e8666a70a607b66269c2e2d1d92e20511ae8b1287ec8e392bdb87d099a230ec61af66a258d5a8cb682cdc01c35c5985c1a696a3046767009cc8e2cbf1a8eab24145fe8cabc5a73c1b3594603b	2239	2	7	0	1684414496	0	2	1119	64	37,102	37,102	183,215
synthetic_2_22	0200a5a5000000000000000000000000000000000000000000000000000000000000000000000000090000000200000000000000730000000000000000000000000000002d00000000000300000001000000000030010000000000000000ffff0000000000000000000001000000ffff0000000000000000000002000000ffff0000000000000000000004000000ffff0000000000000000000005000000ffff0000000000000000000006000000ffff0000000000000000000062610000ffff111111110d00000022222222490000006d5edb6fadded5ac36938f1df50e3c3b43f56e20b8fbca5861e523d57c30355fa7ee70f281beda29e2d3bed052506027730637fdb8eb10ba1d3b971f6404f3f7e9b181a94197ae7abf29d809ad2125f6cdf068b0d7ee280d98ad31df3c3c1968e5e6dc6e95a2e76ba6f883ac5a5e6e0a4392c523ebf8956f2f9ef304274867e32e56bab72aaa135cf16ffcb89632e0dc628975999fc5fdb9e356eb5c10c3b9d70a886c60c26b694925d5fbbaa055a72bbca6b7ccb3ab2f9bf298b460ec228ed44adbc9eee5eba93df706bb36dc5052e7c24f927032db0da02c70b9ad4b03243f53157e61cc0cf77d149cf2cc41781358ff4f4dc11f7ab089cccbdcbbbc2e9c1e	474	0	4294967294	1	1113682789	1	2	237	-	39,214	21,67	52,227
synthetic_2_23	0200a5a500000000000000000000000000000000000000000000000000000000000000000000000009000000020000000000000073000000000000000000ffff000000002d000000000003000000ffff0000000030010000000000000000ffff0000000000000000000001000000ffff0000000000000000000002000000ffff0000000000000000000004000000ffff0000000000000000000005000000ffff0000000000000000000006000000ffff0000000000000000000062610000ffff111111110d00000022222222490000006d5edb6fadded5ac36938f1df50e3c3b43f56e20b8fbca5861e523d57c30355fa7ee70f281beda29e2d3bed052506027730637fdb8eb10ba1d3b971f6404f3f7e9b181a94197ae7abf29d809ad2125f6cdf068b0d7ee280d98ad31df3c3c1968e5e6dc6e95a2e76ba6f883ac5a5e6e0a4392c523ebf8956f2f9ef304274867e32e56bab72aaa135cf16ffcb89632e0dc628975999fc5fdb9e356eb5c10c3b9d70a886c60c26b694925d5fbbaa055a72bbca6b7ccb3ab2f9bf298b460ec228ed44adbc9eee5eba93df706bb36dc5052e7c24f927032db0da02c70b9ad4b03243f53157e61cc0cf77d149cf2cc41781358ff4f4dc11f7ab089cccbdcbbbc2e9c1e	4242	4294967295	4294967295	65535	1886527520	2	2	2121	-	4294967293,4294967294	5,6	9,10
synthetic_2_24	0200a5a5000000000000000000000000000000000000000000000000000000000000000000000000090000000200000000000000730000000000000000000000000000002d00000000000300000001000000000030010000000000000000ffff0000000000000000000001000000ffff0000000000000000000002000000ffff0000000000000000000004000000ffff0000000000000000000005000000ffff0000000000000000000006000000ffff0000000000000000000062610000ffff111111110d00000022222222490000003310161660f3e4a2aeb9aaeb9924c9deb36d4500e10ae3e3667c00c11ee86d6749c543a9a95374cfb99280cf2027b8121dca3ade9efa76da9986f86718044b1ab2931a31c7b466cd2079ae0b9689153657d53e74d9b7056a031f7e5ba0811776c296b5338e488c1a19794a497de6c4866086f9d803d04475aa96ce30524e48d7b0a7e7c06c032429730bc19a3cdb40b7ed513ecdc36dbf688056a3908cb43526b0d3f1554b0cf6c81d731bbc78d7c724c9bcb88a25a9ce5f4a88137539f266dfbe0cacde49e6b2b8b9afdb78e4087b802fcf16bbd261f11c9db67b141cc5f7d81118461604f89698d289856bc452a4ea7b22baa032444da0598bc321fbe60ecb	7243	18	0	0	1701191712	0	2	3621	160	202,58	209,65	241,207
synthetic_2_25	0200a5a5000000000000000000000000000000000000000000000000000000000000000000000000090000000200000000000000730000000000000000000000000000002d00000000000300000001000000000030010000000000000000ffff0000000000000000000001000000ffff0000000000000000000002000000ffff0000000000000000000004000000ffff0000000000000000000005000000ffff0000000000000000000006000000ffff0000000000000000000062610000ffff111111110d000000222222224900000063e3104e788c693a1b95a43b17d14be2bfac813b2a37f098e4fd5205a9973b32de261e2ad6858f109d0feba51db07eff35503f1f6addff3034094c338ea3a21e653b8a8d0f1db190c5562d91e39a7088bd0c6daddd3b51d531e8e8b380fbb8b4069db563c18fd577c75637ba41e1b93eeb6f61c6a7908a7e7ac96763a35bcef02aaae0a804524113bdf156f9a8ab70e2bad1ef7204144c0b82f26eb025c917f8bf60de17aa5e88d4d6027893ffe2d007cf813acde84a9073a7262afb4a23bea8e344a862b743653ada211516ac4c7cb4b092238dd859de3d29b789df560037bec37a7b9e6f830e05deb3471247b4b26a0e999f9f03d77fa95bd2a88e041aa1c8	8784	18	7	1	1633820704	1	2	4392	-	232,192	87,70	236,196
synthetic_2_26	0200a5a500000000000000000000000000000000000000000000000000000000000000000000000009000000020000000000000073000000000000000000ffff000000002d000000000003000000ffff0000000030010000000000000000ffff0000000000000000000001000000ffff0000000000000000000002000000ffff0000000000000000000004000000ffff0000000000000000000005000000ffff0000000000000000000006000000ffff0000000000000000000062610000ffff111111110d000000222222224900000063e3104e788c693a1b95a43b17d14be2bfac813b2a37f098e4fd5205a9973b32de261e2ad6858f109d0feba51db07eff35503f1f6addff3034094c338ea3a21e653b8a8d0f1db190c5562d91e39a7088bd0c6daddd3b51d531e8e8b380fbb8b4069db563c18fd577c75637ba41e1b93eeb6f61c6a7908a7e7ac96763a35bcef02aaae0a804524113bdf156f9a8ab70e2bad1ef7204144c0b82f26eb025c917f8bf60de17aa5e88d4d6027893ffe2d007cf813acde84a9073a7262afb4a23bea8e344a862b743653ada211516ac4c7cb4b092238dd859de3d29b789df560037bec37a7b9e6f830e05deb3471247b4b26a0e999f9f03d77fa95bd2a88e041aa1c8	482	2147483647	4294967294	65535	2054823968	2	2	241	-	4294967292,4294967293	5,6	9,10
synthetic_2_27	0200a5a5000000000000000000000000000000000000000000000000000000000000000000000000090000000200000000000000730000000000000000000000000000002d00000000000300000001000000000030010000000000000000ffff0000000000000000000001000000ffff0000000000000000000002000000ffff0000000000000000000004000000ffff0000000000000000000005000000ffff0000000000000000000006000000ffff0000000000000000000062610000ffff111111110d000000222222224900000037adcc018de9ec7d3edbb09311e6adfd18317d133d7b5a6a68ff370f0ee2150e532b479ac79e6e541e089d9b0ee627c3be8c68c13d59103ae8b6f159d5a1dface7e0e0064ad628671b7800d6ed694300dddce0cc3c0f0dae1c16e57f9b73b91033e7615a66ffb2772d813d7c0c1ae4dc735f2dc2bf2dd660597d94db57db112320cc645079e6c9ef554fa01cb1cb22bbd558f4806cb67972352719bc66c6e09614e94b97a6687ecb74dca503a66de4f1553e8436b4a7a7e6d2230705ed9ccd88703896928f3537dd6bc7315507d8645d43fb63b996326cea25ab5040e8aadc81db0d88f0acaf926e8f34a12b8b3753117fed5e2070ff8921411c0a505d477a5f	9442	17	4294967295	0	1987321888	0	2	4721	48	194,189	202,197	135,23
synthetic_2_28	0200a5a5000000000000000000000000000000000000000000000000000000000000000000000000090000000200000000000000730000000000000000000000000000002d00000000000300000001000000000030010000000000000000ffff0000000000000000000001000000ffff0000000000000000000002000000ffff0000000000000000000004000000ffff0000000000000000000005000000ffff0000000000000000000006000000ffff0000000000000000000062610000ffff111111110d0000002222222249000000c40368df305bef249a785262592590d92bff12e99fc5f1fd2b0c88310162392846aaccb4e6eeefb9ed7d2aebc6f94c06a085bc9ccf1d2f56f58584b08c13f691d837e5e5e86bd738913554ba0d979afafeaa1fc19d8a8780fd5c05c5a32cf816af39a9c97d2cb897364c6d51a8382b6c14e4bb14f0d366336bb65f6f815069ec3bc027efe088850af38dfccad3d1045e1dc1407b706e368b96b1e68f139ff2696c2a20817b9c5a6194eefb65c5cb0c1c3cbcf22d84e6d25b8230bb60bdeed77f27f40d9d6c4eca651c71b5c7dfd2a100b08e526e1bcfa81f124a938537c5f8f565c045346ebbe621ffef463a25d59ee1dd4b7eeacfa5a873d5dea7e4aa7a85b8	1426	3	0	1	1852645408	1	2	713	-	250,254	240,166	261,265
synthetic_2_29	0200a5a5000000000000000000000000000000000000000000000000000000000000000000000000090000000200000000000000730000000000000000000000000000002d00000000000300000001000000000030010000000000000000ffff0000000000000000000001000000ffff0000000000000000000002000000ffff0000000000000000000004000000ffff0000000000000000000005000000ffff0000000000000000000006000000ffff0000000000000000000062610000ffff111111110d0000002222222249000000e6864b31f05eeba8dfb54e50616ae029fa4fc0b6ffe9f99d906ae26a9735b2c49f942a7d927e7aa2f59e4570da6a44d25250edce74f6f4eb9536cb923f5e1a23579e790399b5b06b42975760748b403f60314eb9ce73e7591069be2ba9f7c40d00a717b9d3a33a4234411c944ec0ee0b11ddeb47525e3ac3fc2185289a0614b58a7d9f0ba4f6fc5f8e005d77056dc983a6473ab90c17f9bab579c2b9a5e80c7dabadc6e1a039708eecdad170dac89b99434e7996d9a474ed441b529deb89ccfa7d525e009cc55871134dc33084e396126ccfacb3d078d6050950dcabaeda4533b36496d205da72f90c9578bd1259bdf1c4593652e463b4d27f538ac236b913c7	2146	1	7	65535	1970675744	2	2	1073	-	9,10	48,257	107,127
synthetic_2_30	0200a5a5000000000000000000000000000000000000000000000000000000000000000000000000090000000200000000000000730000000000000000000000000000002d00000000000300000001000000000030010000000000000000ffff0000000000000000000001000000ffff0000000000000000000002000000ffff0000000000000000000004000000ffff0000000000000000000005000000ffff0000000000000000000006000000ffff0000000000000000000062610000ffff111111110d00000022222222490000007dd64c0086b0081ec806d09b8fe9b2bdc6940ec6540b8f23801bb6c06f33697173d40a47730402f679c3fd0e2939a4869885e337560ece4f03eac350b2ae28241261ca8ef39652ae21f5bced3192580a01d15632fb86309d5354008da088c612e13b313d717df8a86331bc50974028177217b0a05a3092403cec5507468189af6511baebb6b18b79c34bbb1a2e7715d0161b1e4e2917a8c902677509c150cd0f0c8046740000ef7fd02c653e60992447368ce0c2d916cdc9ea0177f3db7cdfe8d2ed8acaa3c3e1eab445afaed0ba8cc6f0fa5f1c7dc38745ccd2213b5d3353e94f685ddb1e821af02b11bd232560ca7af47c316748a37f6c10a17a7b302f2721	9507	13	4294967294	0	1684414496	0	2	4753	64	244,119	253,128	72,124
synthetic_2_31	0200a5a5000000000000000000000000000000000000000000000000000000000000000000000000090000000200000000000000730000000000000000000000000000002d00000000000300000001000000000030010000000000000000ffff0000000000000000000001000000ffff0000000000000000000002000000ffff0000000000000000000004000000ffff0000000000000000000005000000ffff0000000000000000000006000000ffff0000000000000000000062610000ffff111111110d000000222222224900000069518151feed35e3a0f9bb8ad2222d77a226cf2b183692aff520c720ce75e1c0cde21f38342c3813554560577cbeee8f546123886567ed285a1b86622a5c3171361ea6a43e2eacd5e0c10c3a3cc5b0124c04ade4722b9a553095ce17a4d8355a34013e56ec26f8ef08ef4e233ef1a19c42694de66813b4ccd1e408bb160153195ce3e5b1e635e9ca60ea7c35efe147c5822ed404a3a99bc701c3a63cd872ba262bf2087a09705f15905aef3dce731deb04f6da2375cf98e55378184067dd147f6d6bf7ea8fe0d7f00ce3a605ea4c9f752fe12fac84fe89c964db3c1744c73e4af56bd5bd5653a0ab65cf5257979c82b8d9cfedfb8bceab4092cbf940a6e90c55	6895	10	4294967295	1	1113682789	1	2	3447	-	215,52	233,38	227,64
synthetic_2_32	0200a5a5000000000000000000000000000000000000000000000000000000000000000000000000090000000200000000000000730000000000000000000000000000002d00000000000300000001000000000030010000000000000000ffff0000000000000000000001000000ffff0000000000000000000002000000ffff0000000000000000000004000000ffff0000000000000000000005000000ffff0000000000000000000006000000ffff0000000000000000000062610000ffff111111110d00000022222222490000001287e8cb6761767bf68d44ffcd11a063e988462cc5dc3c30eddd892d2d904f3ac04a98b429ff498f44404a7414d2c0c970d9a65df5ebf39b2e485cb207b98d8276fbcb9e8e93df6d2ef06f80afa2b9a4307c472dde6eaf40c6538c32a3096f35806ffa525c8f98300030deb8bc535638ac15aadd052e49dbe4c89947de8b880d7e53b44e6cae0b5f1ee29ee2451dcf81d4bb4b8fa0b70cec0c3a19e08b23a56bf3b35d9fa9ebe6b9f528689da9565cf037693a1c6295a383f02c684bdda9511138d4db8293f74f1b56cfb1f62885fed2e3d4498ace5039220d5748cb13cfdc797322fd96a638f7b1ac1d26630f73d0eeaea08a0575ba6f273dd131e75692be1e	9714	0	0	65535	1886527520	2	2	4857	-	0,1	24,167	251,122
synthetic_2_33	0200a5a5000000000000000000000000000000000000000000000000000000000000000000000000090000000200000000000000730000000000000000000000000000002d00000000000300000001000000000030010000000000000000ffff0000000000000000000001000000ffff0000000000000000000002000000ffff0000000000000000000004000000ffff0000000000000000000005000000ffff0000000000000000000006000000ffff0000000000000000000062610000ffff111111110d0000002222222249000000ac184b08f5277f76706ee2ef2a439e570de8e1cdc44b651b8b43d0892b799cc5112495cecf9043ce12e32c9cceaf781a8b10c41b856a8476843d84b8a029253fc82547f7dcf57c8698dfd9668c094ff0ec0d704579c30dbfee87aa248a1ebeb0dc9be7be4f1d0f70b90ce58ac0560608f928298a43f5989fc1c89b845d5d187858e7e5be00b8fb4ae42c46b486f38e51e2b0b8789b448ad70fdd15541a11981bc2c6e67427cd91c20e90f4f1480b5213a5ed1a588c4ddf1d94926858dfe29def03c55e52ade586cb303c2bf38a73fd78ea8af1b42788935e6601b18af64e3bd7add51d894607b8e025c78635f47b1bb11c9072f4ecc79e48a2d7aa745ceac402	1604	7	7	0	1701191712	0	2	802	160	144,50	144,50	202,249
synthetic_2_34	0200a5a5000000000000000000000000000000000000000000000000000000000000000000000000090000000200000000000000730000000000000000000000000000002d00000000000300000001000000000030010000000000000000ffff0000000000000000000001000000ffff0000000000000000000002000000ffff0000000000000000000004000000ffff0000000000000000000005000000ffff0000000000000000000006000000ffff0000000000000000000062610000ffff111111110d0000002222222249000000268d0271705a6fc80048bd2e663a05b4ce2da7760b3b2198b4d9b669060b64d85163bc86b7ec2f440c7d53c6da888183824cf19524764f56624c1f70110a402fddb959e2747f461c1d5614b7fec10215e5278718b496de5f4674c7f2a988178400a1bb581b3ae991dfab58beeb1239407ff95b7bfa3a502d20acfdaf8d73fffc78892dd25b7ae282b182c1d5db8bbd0081bba5a0ff7f9b49d6491b64aa25f5f6b80e9d300f2396ff471fdac79eb9b226467c7723baebb1a27310fa2a13205e91022e7e80f4ca23c6548ce6997780b181bcd193cb5c1979b1ca9f78c6243f4c58fade82d438198086f24e777c6dcd84f1abed83d428b25ef708b58566ca928363	8348	5	4294967294	1	1633820704	1	2	4174	-	22,178	159,187	35,191
synthetic_2_35	0200a5a500000000000000000000000000000000000000000000000000000000000000000000000009000000020000000000000073000000000000000000ffff000000002d000000000003000000ffff0000000030010000000000000000ffff0000000000000000000001000000ffff0000000000000000000002000000ffff0000000000000000000004000000ffff0000000000000000000005000000ffff0000000000000000000006000000ffff0000000000000000000062610000ffff111111110d0000002222222249000000268d0271705a6fc80048bd2e663a05b4ce2da7760b3b2198b4d9b669060b64d85163bc86b7ec2f440c7d53c6da888183824cf19524764f56624c1f70110a402fddb959e2747f461c1d5614b7fec10215e5278718b496de5f4674c7f2a988178400a1bb581b3ae991dfab58beeb1239407ff95b7bfa3a502d20acfdaf8d73fffc78892dd25b7ae282b182c1d5db8bbd0081bba5a0ff7f9b49d6491b64aa25f5f6b80e9d300f2396ff471fdac79eb9b226467c7723baebb1a27310fa2a13205e91022e7e80f4ca23c6548ce6997780b181bcd193cb5c1979b1ca9f78c6243f4c58fade82d438198086f24e777c6dcd84f1abed83d428b25ef708b58566ca928363	1971	4294967295	4294967295	65535	2054823968	2	2	985	-	4294967293,4294967294	5,6	9,10
synthetic_2_36	0200a5a5000000000000000000000000000000000000000000000000000000000000000000000000090000000200000000000000730000000000000000000000000000002d00000000000300000001000000000030010000000000000000ffff0000000000000000000001000000ffff0000000000000000000002000000ffff0000000000000000000004000000ffff0000000000000000000005000000ffff0000000000000000000006000000ffff0000000000000000000062610000ffff111111110d0000002222222249000000694a47f5c8de8f33016518560ea5690495e2468cb0f7719d2047e706c396a8952cb8736a904a07fd4a6f9118ffeec8e899323a69c4ef1a595a1d07c982d479161bd3a5330ecf713f1a3a556cbea949adbbc2dcb3aeaeed70cefc66a71a9804b8c181c8568fe2188d5b6355e15ac77f3efd9d7759b95174c9b058eaccbd153e0dd44bea15d3bd7a919cb07b09f7ff27e535a9b6f58495aa8048ae89d81c17f6a5648df71a2320f09001527e33e72eaa4496a479389a22906231066c40c1f820d5b3f4d0d532462dcc698cf4935b73a3672e6d99be793a1bf9da3356e3a92cf5f0b352721d3b312a1c7dbe6979da245d0c2a6be17f93df2d4648a7df5378211f7f	7392	10	0	0	1987321888	0	2	3696	48	184,115	191,122	163,15
synthetic_2_37	0200a5a5000000000000000000000000000000000000000000000000000000000000000000000000090000000200000000000000730000000000000000000000000000002d00000000000300000001000000000030010000000000000000ffff0000000000000000000001000000ffff0000000000000000000002000000ffff0000000000000000000004000000ffff0000000000000000000005000000ffff0000000000000000000006000000ffff0000000000000000000062610000ffff111111110d0000002222222249000000f6c316b7117b4676433fcb6db9d9bc4fa342bf732ea92d4db3884392799c888b8547cddb42a74553477ad5732d00bb5e4b71252eaa6b3c66593aa0543e6fba0ae5c046816cb2fefee51846dc1738b39a8815adc652137a550dd613fe6e3d9a82ae6bc2c5e62034a314ce0a74adf33c8cf8e1fde764e6b7e2d7f820bc156b6179f6b5794c6434f410fb1d26698fe2712f335dc46b9d986203c19e244858261e61a8ace8bb1069d9084e8cc6178316cc3b511967c91250b3d9cd099b4d364c70e4313cdffd97ccf9350199ddc1e5f01798f77af62cc228df956eb049f871a317a2507d658dfb4bd07dba195e5d08eb01befa3832a16d4d9985eceffe2d6ab0be0a	3124	16	7	1	1852645408	1	2	1562	-	213,17	7,194	217,21
synthetic_2_38	0200a5a500000000000000000000000000000000000000000000000000000000000000000000000009000000020000000000000073000000000000000000ffff000000002d000000000003000000ffff0000000030010000000000000000ffff0000000000000000000001000000ffff0000000000000000000002000000ffff0000000000000000000004000000ffff0000000000000000000005000000ffff0000000000000000000006000000ffff0000000000000000000062610000ffff111111110d0000002222222249000000f6c316b7117b4676433fcb6db9d9bc4fa342bf732ea92d4db3884392799c888b8547cddb42a74553477ad5732d00bb5e4b71252eaa6b3c66593aa0543e6fba0ae5c046816cb2fefee51846dc1738b39a8815adc652137a550dd613fe6e3d9a82ae6bc2c5e62034a314ce0a74adf33c8cf8e1fde764e6b7e2d7f820bc156b6179f6b5794c6434f410fb1d26698fe2712f335dc46b9d986203c19e244858261e61a8ace8bb1069d9084e8cc6178316cc3b511967c91250b3d9cd099b4d364c70e4313cdffd97ccf9350199ddc1e5f01798f77af62cc228df956eb049f871a317a2507d658dfb4bd07dba195e5d08eb01befa3832a16d4d9985eceffe2d6ab0be0a	8660	2147483647	4294967294	65535	1970675744	2	2	4330	-	4294967292,4294967293	5,6	9,10
synthetic_2_39	0200a5a5000000000000000000000000000000000000000000000000000000000000000000000000090000000200000000000000730000000000000000000000000000002d00000000000300000001000000000030010000000000000000ffff0000000000000000000001000000ffff0000000000000000000002000000ffff0000000000000000000004000000ffff0000000000000000000005000000ffff0000000000000000000006000000ffff0000000000000000000062610000ffff111111110d00000022222222490000008606b9c1e1e8cfa6a1bfd0394df4e6a3893cbc9c17b39a4144b4ce2cc2bb41ff732ce69437d05239478fb026b648983ac1f46e11bf1af6239fd5eed5f8ad5a87cc1bf3d3a325497f2161ca403313dca3934aa44bf6f06cae57dd7e3e51430b2c15905b1ba0cb3d1d7311eef0dda2844d88798ac1a0311383e48e24cb3f5944eda870eb0448f96c69a07794a2d7665de3663d24f22992ab43ab91c4e25d1250aeed423b13376af29fa29b31ae1dcb1deb5ea58eeca735ca9176489dab2d0296b0b1c0c1159f80431cf47deae784a1e0cc4443f5dd0dad92aaec09a3c192bd02c3fa3fde306260680911c611a0916562c0a34cb2b062fd1d200b53efd8820c8bd4	8801	14	4294967295	0	1684414496	0	2	4400	64	142,175	150,183	214,72
synthetic_3_0	0300a5a5000000000000000000000000000000000000000000000000000000000000000000000000090000000200000000000000730000000000000000000000000000002d00000000000300000001000000000030010000000000000000ffff0000000000000000000001000000ffff0000000000000000000002000000ffff0000000000000000000004000000ffff0000000000000000000005000000ffff0000000000000000000006000000ffff0000000000000000000062610000ffff111111110d00000022222222490000008e22ded8a57c754deb3a2ac4ad37a6b1282367e25f99770161f17320b26e1c6987a3da627a4479b25b7042b4f2c872ff7ec19675f9d8fe0dea2661f47900dde90aca691b0241c311c71483b9be1f1d341842dc913bff30fa1395b633ed37bdc298d8e75a5bf2e3b29ec71be036774cbde132cc93fc4879f7f7c0e193f7e234e00827367680fdd8aeafe2aadcd0c34563ec4c517f7aad40ceeedcaaed4ccfd25f4fc4c3294e2a5e7c10b9587522ed387e8bc76f51f8e00b43da1bfccdc245643b3629e0fa14350b6f34e9cddbd81bb46cf1c0c010b62cef52d0fe6d8d0f22748d5add3d359958dfca410e38246c76a54ca8529edb6df2e4eb0700d53564008a42	0	5	0	0	1987321888	0	3	1431655765	48	178,110,28	185,117,35	30,160,193
synthetic_3_1	0300a5a5000000000000000000000000000000000000000000000000000000000000000000000000090000000200000000000000730000000000000000000000000000002d00000000000300000001000000000030010000000000000000ffff0000000000000000000001000000ffff0000000000000000000002000000ffff0000000000000000000004000000ffff0000000000000000000005000000ffff0000000000000000000006000000ffff0000000000000000000062610000ffff111111110d0000002222222249000000dc1985e2939756764b45dc572c3f76574b3439cfe6f6bd98690a51b82d1e02b1ee4d21d14b19da05a14bb10687f086852842bcd070e03f01c2aee32be1794ec82e6a53e5540570aa68ee915950bb44fe028be0a9773489a74d5c615361f0d1acfbd7ee74f6719bf65de5c5946b6b8dcb7b26aec8d742dfd30b02c9d1fd0e8b26cc04181fea42076d1c97b109458ae469009d2ba18ddc593594298e5006d1374e8afdb530f6e89dac4d14cb657d1c195b220a113467d88568de6fed3e6c0c97bbe7b2daf2da9c5a56b6d4401981e978447142641edde471ee6154425f883da96aaf322f57e326122a99669fb343eeab88d4267090e85e810f8923a585b78575a8	1	6	7	1	1852645408	1	3	1431655765	-	90,104,247	184,245,84	94,108,251
synthetic_3_2	0300a5a500000000000000000000000000000000000000000000000000000000000000000000000009000000020000000000000073000000000000000000ffff000000002d000000000003000000ffff0000000030010000000000000000ffff0000000000000000000001000000ffff0000000000000000000002000000ffff0000000000000000000004000000ffff0000000000000000000005000000ffff0000000000000000000006000000ffff0000000000000000000062610000ffff111111110d0000002222222249000000dc1985e2939756764b45dc572c3f76574b3439cfe6f6bd98690a51b82d1e02b1ee4d21d14b19da05a14bb10687f086852842bcd070e03f01c2aee32be1794ec82e6a53e5540570aa68ee915950bb44fe028be0a9773489a74d5c615361f0d1acfbd7ee74f6719bf65de5c5946b6b8dcb7b26aec8d742dfd30b02c9d1fd0e8b26cc04181fea42076d1c97b109458ae469009d2ba18ddc593594298e5006d1374e8afdb530f6e89dac4d14cb657d1c195b220a113467d88568de6fed3e6c0c97bbe7b2daf2da9c5a56b6d4401981e978447142641edde471ee6154425f883da96aaf322f57e326122a99669fb343eeab88d4267090e85e810f8923a585b78575a8	2	2147483647	4294967294	65535	1970675744	2	3	1431655766	-	2147483643,2147483644,2147483645	2147483652,2147483653,2147483654	2147483656,2147483657,2147483658
synthetic_3_3	0300a5a5000000000000000000000000000000000000000000000000000000000000000000000000090000000200000000000000730000000000000000000000000000002d00000000000300000001000000000030010000000000000000ffff0000000000000000000001000000ffff0000000000000000000002000000ffff0000000000000000000004000000ffff0000000000000000000005000000ffff0000000000000000000006000000ffff0000000000000000000062610000ffff111111110d0000002222222249000000bc3121a29529eecaa4721ea8826befd27229785f029c673934848bf8c35a52b9b4e301d18cbe8a2a8d0b9c8f02b055e38312500561e6f061481c439e514d6695fc102da8e6712b8154493518b9ab11e8953ba1343d87672c026018247e712387bfe626b0a784c5f40381d1612837c075f060684615cfdf3d1bcc60a4520b3d4b1a746aa445407eaedc17ea95bc24bac4d1222e82f82d6aeddf299c37afa6cbef8fba21fd124d5551132a61f26da8f34fb8bcb1030c16afb2578b2eb48266147519ef187bbbbdaa93e20e7594f68fb55b397ecfdee768b47934c99a1921a894b2729a160e0ce80e9736e5fa9e98c3487fbb43914177b32bab57ddad2fe5d366d9	3	0	4294967295	0	1684414496	0	3	1	64	106,238,209	114,246,217	84,64,35
synthetic_3_4	0300a5a5000000000000000000000000000000000000000000000000000000000000000000000000090000000200000000000000730000000000000000000000000000002d00000000000300000001000000000030010000000000000000ffff0000000000000000000001000000ffff0000000000000000000002000000ffff0000000000000000000004000000ffff0000000000000000000005000000ffff0000000000000000000006000000ffff0000000000000000000062610000ffff111111110d000000222222224900000027098d0005cba3db1504445457058b3f5d025e7a3efc276654516ff488159519079173174998b1a06dc2d661ebeac22fe0e86ea6c5606f67a0c16d4c4dd033408f28c24bd0f3dde12359967e444f1d239ece992b44bd978522bedc83a4e61dfceacbf57415aeab1391cf78136327b75d050edffb9147d34bbd2823833215740ef067a86f6c07ddf9ca1e23a683320bc17b6d0510564f93900488f9663ee67b475c13887f4672c2a7dcc195f3418de088b9d2370107ef2ad4cb579902f902c435f75387708b6a9d0e5e47be31da4a53a6a6f6409fdb17fd8f5936dc4cd8af944b2045c23f1f6425daf3933b9ac83f5ddf1e699b564ae838b70869989a08a97535	4	4	0	1	1113682789	1	3	1	-	189,151,133	88,118,251	200,162,144
synthetic_3_5	0300a5a5000000000000000000000000000000000000000000000000000000000000000000000000090000000200000000000000730000000000000000000000000000002d00000000000300000001000000000030010000000000000000ffff0000000000000000000001000000ffff0000000000000000000002000000ffff0000000000000000000004000000ffff0000000000000000000005000000ffff0000000000000000000006000000ffff0000000000000000000062610000ffff111111110d000000222222224900000065e4496d5a9654f7f1084ab8f96e501d19c52f23839384dad43a98d017b74622ba6eae0c6e899c8d81745a4db9f4c9e142e89efc4bc73a83fe8cac4784df5fb2675b98a5915af6bf7b42bd8cf852424e2c02ee6eafcc3d18290da03983857f004e411385b69bb16bf1a93b7fe6ac37c37a001736c377c888e530dd0d0ac80ef176dfa7063f8fac82aedbd868856114570a1f5d26451dcf4e6ffe48c919291064d84317a3988d12c0b5854d5536269fa61620222667eb7eebc9dc5dd2b47990a672dd32477461a154c223213aead4409cac092fedba4a03d094d155de87a17738394bf768abd088c89992f638d93b9bd770cfa9d6775b15cc7f1a16315ce49836	5	1	7	65535	1886527520	2	3	1	-	10,11,12	32,204,54	259,93,77
synthetic_3_6	0300a5a5000000000000000000000000000000000000000000000000000000000000000000000000090000000200000000000000730000000000000000000000000000002d00000000000300000001000000000030010000000000000000ffff0000000000000000000001000000ffff0000000000000000000002000000ffff0000000000000000000004000000ffff0000000000000000000005000000ffff0000000000000000000006000000ffff0000000000000000000062610000ffff111111110d000000222222224900000099665bed5c4d74576e2b140c9e4e8db378973ad5d0526b91f850c24d15eef48fa60cf91037fd2f0712840d4582d3a4fc708f55f627a72fb651525e2f5152df72d2b1c859b1ca26258cb4b96d93ebf33d4db3a036cf12b5826311c2d5c95da51b080f08cabd2098d29c3eded4757fbca876a205e1305dcfba1c160e34dff13f6c35a51cb0ec8d89d418f27610dccea87a3c8a610b08dca5adfe9082057545267cb44b444a6d90edc6e6af5318a731271055ad21e4a2669e98dec22270ced837e4b8983202c35f911da4ca232b96187997da56095cc04616c9b862ffe09619f03cdf99799ca8379d7b88f628358f448d281de0dbb233b836dd56f7c29b41f349c4	12	7	4294967294	0	1701191712	0	3	4	160	247,14,53	256,23,62	176,38,19
synthetic_3_7	0300a5a5000000000000000000000000000000000000000000000000000000000000000000000000090000000200000000000000730000000000000000000000000000002d00000000000300000001000000000030010000000000000000ffff0000000000000000000001000000ffff0000000000000000000002000000ffff0000000000000000000004000000ffff0000000000000000000005000000ffff0000000000000000000006000000ffff0000000000000000000062610000ffff111111110d0000002222222249000000db82669d743ffe80560b6eaf5e8413259a21ddedb373be1bff28df89edf1e2923fa78c42f8f18e01aecfdad297de7b1b6034a8019dfabfe339c4eb63cddb11c2ec61952f362cba53e22536cace27986a2554f1d245eda8b5cbc075bd6781974d687fe433629d2390e5c2e1635913fe6c418ff93ee7c394baccdfdcefafba1f60b946713f1e7885d920c3c9fad291d8b803549bc163f5b01f642792abeee435c63d45fe7fe6cc46e84974e9ef4627ef3c4b5d292aa285818718081258c60981d89a438373a9a32b7efb71ba7feca0708c4a13eea18fc6db63f2ef12dd2ba4c0eab6dbda57b53b6af4cb4ec8af0ca50fae0e7e0d110e04787493fed67257c04ee8	255	2	4294967295	1	1633820704	1	3	85	-	105,36,83	244,186,122	117,48,95
synthetic_3_8	0300a5a5000000000000000000000000000000000000000000000000000000000000000000000000090000000200000000000000730000000000000000000000000000002d00000000000300000001000000000030010000000000000000ffff0000000000000000000001000000ffff0000000000000000000002000000ffff0000000000000000000004000000ffff0000000000000000000005000000ffff0000000000000000000006000000ffff0000000000000000000062610000ffff111111110d00000022222222490000003912d825132efa5ad2ceb1a63749f59e1095d6b3fd278dad23728d6eb2e72a18e26697f61c8fdadbe41f2414ad8f0db6bb1bd263859e943fa57d6297ddedbaf030b9b2be1200412d3840b7556310cbae0c6e6499a8af8dc0e5f0573af057a15b7f9e5ea8555c6bff89d33c290e6a5947c1298ac4fdb9be593a6b6bd19ec740cf8364cd7fa803c2839c18165a5cdc6067205395ddad485a7c239b4cdf7d33e870524b9fc907f4c0359a47fd166a8e2d3371f54ca36f09783f5f7b349e8a5d4d5459d4a36f0fc01e96619788e7f91c1f4ae22102a054e4081d9151878d08e148825a3a237bef8c667390bfff98de5db691a673fe3f2f943f5aec38931f85341860	4294967294	0	0	65535	2054823968	2	3	1431655764	-	0,1,2	80,252,165	75,194,96
synthetic_3_9	0300a5a5000000000000000000000000000000000000000000000000000000000000000000000000090000000200000000000000730000000000000000000000000000002d00000000000300000001000000000030010000000000000000ffff0000000000000000000001000000ffff0000000000000000000002000000ffff0000000000000000000004000000ffff0000000000000000000005000000ffff0000000000000000000006000000ffff0000000000000000000062610000ffff111111110d0000002222222249000000e84882631197b1136b3494026e17a14efae3d8453df33bef0f9ad14b4dce0167e322b640d2fc4beeb2d96096f65c4f73c47ecb21b65f5ee4b4758568418361c4b7e9e076afe4344874a374872416bd80095a68f4dd8a2c5874590cf1f0448068c2992a738cffa44e934baa317d21828eae951e08202881709ca9770777de2ee88f91dc8fbdf2fea491f0170366efc73297b9d9357c56cc1e843aec5f43f93b5437ae5e496bf5c2f5ff9fabdc1d453267c32da0a9fa0186de3c594b3a2759b0cfe929f5eb4642ac7ef358303352025c967081b08bf6067e6278bef86e0b139db3bca64cf9948ec192ea8780144985a661d2e56755c3abda202e097870da8b68e5	4294967295	9	7	0	1987321888	0	3	1431655765	48	185,224,103	185,224,103	151,266,175
synthetic_3_10	0300a5a5000000000000000000000000000000000000000000000000000000000000000000000000090000000200000000000000730000000000000000000000000000002d00000000000300000001000000000030010000000000000000ffff0000000000000000000001000000ffff0000000000000000000002000000ffff0000000000000000000004000000ffff0000000000000000000005000000ffff0000000000000000000006000000ffff0000000000000000000062610000ffff111111110d0000002222222249000000be6b243c6e424d4f43cacbd096c5bfc1c131df9e17926c3b871d12f4b627ff7f291a698690cba610bfb9715a4754603aae952f75743fc38e724d01741b5e924cbaa7449c471b23bf936ba4e955171dc94e110acbcd647c8b30fc348c2d0e4bda30790d4907ef782ab09c7a372ccbe378cc0d1ec9d5d20ed1d4835b8215ebbc5d089feeae9df577df52dbaf9789ef1c37989a183c0c49a8f246ff7be075457127a85c601e43599d31cc3549fd03de44c0b0af7f61b0e2351c07c568ea3ffdad1be6531bbda370d10b9b327703c14ba002e0d1490f76334ce266eb0cff7c23fec1080fb2951935a020003d3e3e61dfcbc852ee6f72c15e47d7ea3b89c4c5e6fa6f	0	11	4294967294	1	1852645408	1	3	1431655765	-	120,53,42	103,65,181	133,66,55
synthetic_3_11	0300a5a500000000000000000000000000000000000000000000000000000000000000000000000009000000020000000000000073000000000000000000ffff000000002d000000000003000000ffff0000000030010000000000000000ffff0000000000000000000001000000ffff0000000000000000000002000000ffff0000000000000000000004000000ffff0000000000000000000005000000ffff0000000000000000000006000000ffff0000000000000000000062610000ffff111111110d0000002222222249000000be6b243c6e424d4f43cacbd096c5bfc1c131df9e17926c3b871d12f4b627ff7f291a698690cba610bfb9715a4754603aae952f75743fc38e724d01741b5e924cbaa7449c471b23bf936ba4e955171dc94e110acbcd647c8b30fc348c2d0e4bda30790d4907ef782ab09c7a372ccbe378cc0d1ec9d5d20ed1d4835b8215ebbc5d089feeae9df577df52dbaf9789ef1c37989a183c0c49a8f246ff7be075457127a85c601e43599d31cc3549fd03de44c0b0af7f61b0e2351c07c568ea3ffdad1be6531bbda370d10b9b327703c14ba002e0d1490f76334ce266eb0cff7c23fec1080fb2951935a020003d3e3e61dfcbc852ee6f72c15e47d7ea3b89c4c5e6fa6f	1	4294967295	4294967295	65535	1970675744	2	3	1431655765	-	4294967292,4294967293,4294967294	4,5,6	8,9,10
synthetic_3_12	0300a5a5000000000000000000000000000000000000000000000000000000000000000000000000090000000200000000000000730000000000000000000000000000002d00000000000300000001000000000030010000000000000000ffff0000000000000000000001000000ffff0000000000000000000002000000ffff0000000000000000000004000000ffff0000000000000000000005000000ffff0000000000000000000006000000ffff0000000000000000000062610000ffff111111110d00000022222222490000001352815e88640c84b56783ca94d3f3e1bb9d4d4864a841dfa3b4674640237b0aecb84f4c55575bc4754b69378f654213098b1ac206185cf6a0a9a4cff1ea4b0b83556d0117d46421a848539e84575575760a8a4f57f584ede5c4b878e439ac028b4018100310c1d93a48e33cad0288e897398142de29b89b911ccb75fa8e67948210f4ef647c88f37aa632c8d12476d95ba2e40048d00a617ba91f13cf8368833bc58a98610a32d06eadf5ee177c07dc41c0d37f6ea9e94f9cfc458a8bc7d896d1674b2febce73d168b24f7e47ff0bb34bd40581d0220f0f3a4403e932f2730ad221acf1f55287b5fb85e00420cbf9fcf5736baf9085dadc199d63e45039491a	2	15	0	0	1684414496	0	3	1431655766	64	164,207,241	171,214,248	195,166,156
synthetic_3_13	0300a5a5000000000000000000000000000000000000000000000000000000000000000000000000090000000200000000000000730000000000000000000000000000002d00000000000300000001000000000030010000000000000000ffff0000000000000000000001000000ffff0000000000000000000002000000ffff0000000000000000000004000000ffff0000000000000000000005000000ffff0000000000000000000006000000ffff0000000000000000000062610000ffff111111110d00000022222222490000004ba46117f232cb21aae8659cefa6e2819ec5fb029ba0cfeab473d40c2a1a5d986947bf461a2292a201eb6ef984bd46e5840989fac024b3c2731b17710fe50d6fc5ab496bfade597c09b47349dfd42fb75edace83df479ec33d6fc9732bffec0d78806f0d9b3b5d420fd9b178807839512466dff9b7bad4652abaf9d1976f1853653006252b6573906e74321a78f95b50b05dc677533d2dbb5515b031d4910658c89773799d01075d19e5e9e0e165bb1ecc6ca84b6a20fd909afac71ac0105a3825487945a487da33874182a633dbdfe62020f8be4ce10db666eb28fe210b125d345afa32e31c0b803871b750189acd17e1330cc7e4c9702d085fe611d9201581	3	16	7	1	1113682789	1	3	1	-	193,256,216	236,20,118	197,260,220
synthetic_3_14	0300a5a500000000000000000000000000000000000000000000000000000000000000000000000009000000020000000000000073000000000000000000ffff000000002d000000000003000000ffff0000000030010000000000000000ffff0000000000000000000001000000ffff0000000000000000000002000000ffff0000000000000000000004000000ffff0000000000000000000005000000ffff0000000000000000000006000000ffff0000000000000000000062610000ffff111111110d00000022222222490000004ba46117f232cb21aae8659cefa6e2819ec5fb029ba0cfeab473d40c2a1a5d986947bf461a2292a201eb6ef984bd46e5840989fac024b3c2731b17710fe50d6fc5ab496bfade597c09b47349dfd42fb75edace83df479ec33d6fc9732bffec0d78806f0d9b3b5d420fd9b178807839512466dff9b7bad4652abaf9d1976f1853653006252b6573906e74321a78f95b50b05dc677533d2dbb5515b031d4910658c89773799d01075d19e5e9e0e165bb1ecc6ca84b6a20fd909afac71ac0105a3825487945a487da33874182a633dbdfe62020f8be4ce10db666eb28fe210b125d345afa32e31c0b803871b750189acd17e1330cc7e4c9702d085fe611d9201581	4	2147483647	4294967294	65535	1886527520	2	3	1	-	2147483643,2147483644,2147483645	2147483652,2147483653,2147483654	2147483656,2147483657,2147483658
synthetic_3_15	0300a5a5000000000000000000000000000000000000000000000000000000000000000000000000090000000200000000000000730000000000000000000000000000002d00000000000300000001000000000030010000000000000000ffff0000000000000000000001000000ffff0000000000000000000002000000ffff0000000000000000000004000000ffff0000000000000000000005000000ffff0000000000000000000006000000ffff0000000000000000000062610000ffff111111110d0000002222222249000000e8b3871d20206b343de6a4161ddc8975b89c21ba4a8a3175f660482eda6f5265d5f5f9110997b8569de3b07cf104292fabb9db3c354f2c5cfc68ce89e3717aa8a24502f2ba182c678fa49d4a1ef1c5166de285d1fd5a68c2c7ef16ff5c6de9a2b3e4d005a4a03760adebb81a6b7025cd8908a638ce6148b1a9ef604ae2303dac49e49c29c1ab1dab9b9e83dc31549b3aea5feb202be12ff825b28860d10ea32885203d44c7320c2d455224fbc99c1369e0ffb462b43641f50c283a75bdd0228b5aa7fdd997b40063eec30899479d9f1301b87b0eeb7c3e3b94a59fce9f9728719d9a4a51e5f1bd9204a86bf39ff49713061142b4cb0b812f1f38f3809be02a9b	5	4	4294967295	0	1701191712	0	3	1	160	95,71,45	103,79,53	101,115,205
synthetic_3_16	0300a5a5000000000000000000000000000000000000000000000000000000000000000000000000090000000200000000000000730000000000000000000000000000002d00000000000300000001000000000030010000000000000000ffff0000000000000000000001000000ffff0000000000000000000002000000ffff0000000000000000000004000000ffff0000000000000000000005000000ffff0000000000000000000006000000ffff0000000000000000000062610000ffff111111110d0000002222222249000000e5bd3d6710c87437063d9a8d71f37306543cd3fd65711cfeccf4d68c86eb7c5f813e661ae61bbe0600824b9b9e5ec2ed7e3e66a08bcaf7ab98a6d46aeb98235412588a5cfd5bf28b48e18797d5ce3a750b9706912da04a6219894aae7ed795bfefae1c68e9bb8e8f3c424361a7be5dce747707774443f4fe39526888fb7dc964d0ed027993bcf939b1dd4564bc320746b4f2e633ada45a32f5fb2eda8d8f385e4fcd9a8e1e3338e8cfc78e95bab79736cd275d23848d8a62a4e22d6d24ae5cffc0e593f57258c6218db4559ccbd620e40a921d6a918da18c401fd0b7d29b288026374650c0f8d08804e375a8cb29af84d16b01bad878aebdf1ef1f367656f074	12	2	0	1	1633820704	1	3	4	-	117,11,151	260,108,120	128,22,162
synthetic_3_17	0300a5a5000000000000000000000000000000000000000000000000000000000000000000000000090000000200000000000000730000000000000000000000000000002d00000000000300000001000000000030010000000000000000ffff0000000000000000000001000000ffff0000000000000000000002000000ffff0000000000000000000004000000ffff0000000000000000000005000000ffff0000000000000000000006000000ffff0000000000000000000062610000ffff111111110d00000022222222490000004d595a18f5e0e5b41342aa48b86727d11a218262efb86ddfcc942a203001dd6e54d484d347d0ff65218a061e3e9d47a5fd27a30ed14a6a0edf7f9aaf06d770e8bf08d77e4a462804ae0c2ffccb0ed7fb07322094df4bb7868c73a885ea86c1138fe89642e5b3470f062e58ec6dfcb3bf073df3c83dd54a93efcf54e8135061d71ee973b67e87689d3708b4c270bdfa97ec4cc25dc6880dcf781fef451c7fbccbe41db46f37c5e03ac9464fc33054a16af1a49dd51f50beead276de2ca622452a8de8858c4177271ed7cb0151b8a9b2c48a4e7324e77a2de8b53d0b6589f244348fdd224146e01c924170f8fd67565754fcc9f73d75a317021e2589094a65e3a1	255	1	7	65535	2054823968	2	3	85	-	10,11,12	33,40,137	214,25,226
synthetic_3_18	0300a5a5000000000000000000000000000000000000000000000000000000000000000000000000090000000200000000000000730000000000000000000000000000002d00000000000300000001000000000030010000000000000000ffff0000000000000000000001000000ffff0000000000000000000002000000ffff0000000000000000000004000000ffff0000000000000000000005000000ffff0000000000000000000006000000ffff0000000000000000000062610000ffff111111110d000000222222224900000022e27cc0dcbfefe2502c0ed999850e3efd3f5672e3c11b6e028013ead0cb7743a8664fbf875cfcd72b5aaa6082e20640aed79196c9b62371dbfefd17bb2d2719101cd765d943d07d33c41999aa51d4d10e33e08ab2f54f8a496dfa77aa07d3d0036b3718fa3af865e65d44c3a094a0257a357ea9444fd5a80ff22739346eefdbaebf87dcac8566e989f79f683cafcd5cbb82812791280678f7d5471273378794f769152a406b063d3feda8f6b2493656ccf97a77bb2c28f449853be849b984d756cfbc683642b6d021261117a500e8ff473e488ff66d227d277d2cd41c7804a2a3c496cd35b23be9d129b29f012246424066857bccd810b5387d12002c76149c	4294967294	11	4294967294	0	1987321888	0	3	1431655764	48	4,62,172	13,71,181	79,206,171
synthetic_3_19	0300a5a5000000000000000000000000000000000000000000000000000000000000000000000000090000000200000000000000730000000000000000000000000000002d00000000000300000001000000000030010000000000000000ffff0000000000000000000001000000ffff0000000000000000000002000000ffff0000000000000000000004000000ffff0000000000000000000005000000ffff0000000000000000000006000000ffff0000000000000000000062610000ffff111111110d0000002222222249000000e08557015b88c1a2dbf57385ccf3edd7c5a94ebc6499f34ac8dec9b2434aabf74c059c6ed53ab0239595923708873094a04e24a265760dc60df70bf9a81ec36b47107f5016a34c1652c2c4c87f48171530f9da3b336f71d3736f47f8b77f97b9f72b569a837bd126ee1c67b5a9d96638cb29cbc0ca5a74771ef8d3cb4c33c668e121bb9f2f6589cfcb133a698c1fcaf2f4ff64474a4d540d0eedb644a797d9bd7ebc1dd7b5a8c366f6d840291db64c14671e5cc737aa4e8489a5b83ee6c0391cf63b87cc85b8b0440c2dfab0be7e2b4a2e124d131952683ddd4ba3fa80004c7cef2c2eabdd4128d9abda38e96b315a142296bd7b5e660c422d333c2fe910746a	4294967295	3	4294967295	1	1852645408	1	3	1431655765	-	217,58,50	250,81,207	229,70,62
synthetic_3_20	0300a5a5000000000000000000000000000000000000000000000000000000000000000000000000090000000200000000000000730000000000000000000000000000002d00000000000300000001000000000030010000000000000000ffff0000000000000000000001000000ffff0000000000000000000002000000ffff0000000000000000000004000000ffff0000000000000000000005000000ffff0000000000000000000006000000ffff0000000000000000000062610000ffff111111110d0000002222222249000000aaa1422b47042b5a1eedeae596d8ddd7a6c218693fbd12735b0eda8605841117d88d818d6c7081303f7c5af7e378b509df3720eccbe55a451af7a06264d38c581edd80fa32a39ba6e70decaa664a2431f08ebde452888fdcfc93e49e69bb38174eaae0eaa9095c99e0b7b778bf311f0347a9ecc299270542572c184e99a8b21a7e6c6a205b2b0f29f065d06f67b2d4ad7609313e42cc5cfebbc72c57a5929a784a0962e2e90ce1bc6fdb20a974de80a2f864883b74a78a02962e873a696ce851d025c7a539871a6a67c9b03b7e44bf162309c09f86a5c177cebdd4e249a38ac4de70ef4debf7e063f1a37c45a990b542f6d0e4742aa195083ab262ade2365ead	6534	0	0	65535	1970675744	2	3	2178	-	0,1,2	223,228,222	24,247,181
synthetic_3_21	0300a5a5000000000000000000000000000000000000000000000000000000000000000000000000090000000200000000000000730000000000000000000000000000002d00000000000300000001000000000030010000000000000000ffff0000000000000000000001000000ffff0000000000000000000002000000ffff0000000000000000000004000000ffff0000000000000000000005000000ffff0000000000000000000006000000ffff0000000000000000000062610000ffff111111110d0000002222222249000000cc6cb5cd975179f6d5a0f4ac5e84a2a773dad5e87742f66171605a98d7a2b463bc73b1b7a11da9f3cb568d0b810acdb39450adaa82002140783de3872868b11b56e894bda5dddbc7f3eadeb21853ea0a54cf8d3217d2c2cf14eeac397febcb982fbc3d6b411a1d1e8cc070824a6221751c1441023208fc7d21be369ced7326c7dfa00b1d7f60b6f5f21b9134195ed2695498222e18c2a8e6da55aa141db0a43fa8e072f9b0baf060c02a77b0b88866bf108a00afdafcb2bb04f3edd06cd7baddbfccea221a4f0b6cc6fa2f3fa37bfccd02e531841a9bb69ce95810eb89bcdfe2684f4d9220f27c5d00a17c2d90abb2587afa378d0c97995ed8788defd4051f6f	7187	16	7	0	1684414496	0	3	2395	64	111,184,34	111,184,34	201,65,167
synthetic_3_22	0300a5a5000000000000000000000000000000000000000000000000000000000000000000000000090000000200000000000000730000000000000000000000000000002d00000000000300000001000000000030010000000000000000ffff0000000000000000000001000000ffff0000000000000000000002000000ffff0000000000000000000004000000ffff0000000000000000000005000000ffff0000000000000000000006000000ffff0000000000000000000062610000ffff111111110d0000002222222249000000bc6ddeaed1f38e712e29b5aa59326f6267345e633ffce97dfc4ba1f15369cf7ad0a27b0de5ad1acf16ed44bf91adac08fef2cf9160b9bc573920ec162da5864187bba1e891cebb117bd7b6a7f771bdc9d6d79cb693e3ee4d8c3d6a0deae2e8b5eb3e12da0dd16d20697ab014d06cc902d68076c414e9f5184f738cd3f50d4d3cb8ca21ac15f5d63b8dd3500e557ce35261681070c98865786f871797b6a5ac35e87193532bfa1672b8543b00b17c1e8965fb8fc97ea59bdac521e643c6cbd31c70747912bdd6c0d172b5e61cbbda6eec079df923a15f2008f69ebcb9f57805e2b0b40ce8688256fb35c2976f5154147bf76422c010996971e121cd20b6dac8f4	3600	18	4294967294	1	1113682789	1	3	1200	-	58,182,200	239,152,213	71,195,213
synthetic_3_23	0300a5a500000000000000000000000000000000000000000000000000000000000000000000000009000000020000000000000073000000000000000000ffff000000002d000000000003000000ffff0000000030010000000000000000ffff0000000000000000000001000000ffff0000000000000000000002000000ffff0000000000000000000004000000ffff0000000000000000000005000000ffff0000000000000000000006000000ffff0000000000000000000062610000ffff111111110d0000002222222249000000bc6ddeaed1f38e712e29b5aa59326f6267345e633ffce97dfc4ba1f15369cf7ad0a27b0de5ad1acf16ed44bf91adac08fef2cf9160b9bc573920ec162da5864187bba1e891cebb117bd7b6a7f771bdc9d6d79cb693e3ee4d8c3d6a0deae2e8b5eb3e12da0dd16d20697ab014d06cc902d68076c414e9f5184f738cd3f50d4d3cb8ca21ac15f5d63b8dd3500e557ce35261681070c98865786f871797b6a5ac35e87193532bfa1672b8543b00b17c1e8965fb8fc97ea59bdac521e643c6cbd31c70747912bdd6c0d172b5e61cbbda6eec079df923a15f2008f69ebcb9f57805e2b0b40ce8688256fb35c2976f5154147bf76422c010996971e121cd20b6dac8f4	3699	4294967295	4294967295	65535	1886527520	2	3	1233	-	4294967292,4294967293,4294967294	4,5,6	8,9,10
synthetic_3_24	0300a5a5000000000000000000000000000000000000000000000000000000000000000000000000090000000200000000000000730000000000000000000000000000002d00000000000300000001000000000030010000000000000000ffff0000000000000000000001000000ffff0000000000000000000002000000ffff0000000000000000000004000000ffff0000000000000000000005000000ffff0000000000000000000006000000ffff0000000000000000000062610000ffff111111110d0000002222222249000000589d9564d98fa5c0b43ffdface4376930d5b591fc4d147918b03a263054ec5aad37324f0c261c57969655afd5e09a4b784fbb732a58860048e6fa51262da8315c1acebf3d9fb6328e74c0bd31c56214998d1aed5e88b4002e8d6c75b13baf053a7646c59b666c9d8e526966822b8de33afc20cf44c9fd8ebbd5079f0a8d969fb3b04e03674fe0ab38a30d558d5fb8a95a98cb565fb2021d8ab75840a579a5927f381383f5c61987d01a59f86dfb385b11dfda80c3e3a16f3f7958569ed9cb788d35e8fb19817027d2ccaaa79c68b84fa22faa80ce73dd3800af21b7d575c2369c8540ec39eb7847e652a1f72dfe66685dafd12c8529c16a144d4f9ece42a12bb	8814	12	0	0	1701191712	0	3	2938	160	251,183,50	258,190,57	195,233,62
synthetic_3_25	0300a5a5000000000000000000000000000000000000000000000000000000000000000000000000090000000200000000000000730000000000000000000000000000002d00000000000300000001000000000030010000000000000000ffff0000000000000000000001000000ffff0000000000000000000002000000ffff0000000000000000000004000000ffff0000000000000000000005000000ffff0000000000000000000006000000ffff0000000000000000000062610000ffff111111110d0000002222222249000000a8ec92f0b5aedf7166ad2c987e65ae19f6ac48b2235b6fcfc02ac580205ed87cda66dcd9ce0b6b0e652ee1a32915de01a7c3dab16d133c964539d64776c4e2836391914d3d559ef5276e496f218f11644ae45cf1e32d4a4a23bf98bb433fc9649eb3283442d9d8ae11693e75270ea5078db651b19e2aeadc6395c44b5679d2bf6ded01e41f08937ff3b693482ba0e54d29e80c388b90e53d9c5168a15b48b5387e833918b081331285b1df0baf880a1ae5b426cc3ea8a198489b4276f07744b7a14abc58ea1ddb7a0a63411d89fdfb89422dab779310ffb2b2cf55df5bb8911a219421b641b00ab12c0e9140f0a4c17cb8e005b6e27a52b299fd74afe9cb5678	9852	4	7	1	1633820704	1	3	3284	-	52,81,81	49,204,135	56,85,85
synthetic_3_26	0300a5a500000000000000000000000000000000000000000000000000000000000000000000000009000000020000000000000073000000000000000000ffff000000002d000000000003000000ffff0000000030010000000000000000ffff0000000000000000000001000000ffff0000000000000000000002000000ffff0000000000000000000004000000ffff0000000000000000000005000000ffff0000000000000000000006000000ffff0000000000000000000062610000ffff111111110d0000002222222249000000a8ec92f0b5aedf7166ad2c987e65ae19f6ac48b2235b6fcfc02ac580205ed87cda66dcd9ce0b6b0e652ee1a32915de01a7c3dab16d133c964539d64776c4e2836391914d3d559ef5276e496f218f11644ae45cf1e32d4a4a23bf98bb433fc9649eb3283442d9d8ae11693e75270ea5078db651b19e2aeadc6395c44b5679d2bf6ded01e41f08937ff3b693482ba0e54d29e80c388b90e53d9c5168a15b48b5387e833918b081331285b1df0baf880a1ae5b426cc3ea8a198489b4276f07744b7a14abc58ea1ddb7a0a63411d89fdfb89422dab779310ffb2b2cf55df5bb8911a219421b641b00ab12c0e9140f0a4c17cb8e005b6e27a52b299fd74afe9cb5678	3708	2147483647	4294967294	65535	2054823968	2	3	1236	-	2147483643,2147483644,2147483645	2147483652,2147483653,2147483654	2147483656,2147483657,2147483658
synthetic_3_27	0300a5a5000000000000000000000000000000000000000000000000000000000000000000000000090000000200000000000000730000000000000000000000000000002d00000000000300000001000000000030010000000000000000ffff0000000000000000000001000000ffff0000000000000000000002000000ffff0000000000000000000004000000ffff0000000000000000000005000000ffff0000000000000000000006000000ffff0000000000000000000062610000ffff111111110d00000022222222490000000df943fe2794f3cecfd0d56aea7b5a8ba92c2c400d3d24bc4bc12fe64205e8e86f9f3cacfc630a97f979ef904c2dfeec6440e297fd5fd94ff780c2530f38b0792048966a6540edb772c3aafe2e6ca179d7062a9717fe0c0454209d76b76274982e0bb67d2c887a5097cc052700d9664115067e0652f7f72aa288644fc418e98200ae4a156f1d2b7c54d898ef5e94491df4de538de137f30efab5442b4b424e9471a88edacf5caf2eb17649d50db6e26058964d6d7341dabf6b87836beb2719287c58dfdd9bcb1feefd0564b149626ec725c2a9f13a1dd782135d520d5c38935655439b0e9f40e0e997fcfe091de4875da84eee328a896ea80a1dc1d532c0524e	7351	19	4294967295	0	1987321888	0	3	2450	48	236,182,113	244,190,121	85,32,122
synthetic_3_28	0300a5a5000000000000000000000000000000000000000000000000000000000000000000000000090000000200000000000000730000000000000000000000000000002d00000000000300000001000000000030010000000000000000ffff0000000000000000000001000000ffff0000000000000000000002000000ffff0000000000000000000004000000ffff0000000000000000000005000000ffff0000000000000000000006000000ffff0000000000000000000062610000ffff111111110d0000002222222249000000af4465d393430e191eaed8538ed51dcef8b79b4fd0d72d3a4381685a8596636790feff538896911bb37bb4fc9d3d9301001a5346326f634bd9f017a925907b973155a16570ea16446b905d9abcee13c02e93beb765eb0f1bdeaecf49a5d12ce276a63d31707462f0b562d84fbfc59ec9460669e0fbc6c43b7df48323c69d8c29232f5c0c01716e63d31b3dc399180c718f2686826b95f91f97798e06eb58cefaaea99ab78b60295df1aa85bc5e2e14143694e257d79ae4398296836eb6cab614357fc6fe8864b71e42fb255b6f140fbcb5af900b789dfee6bd4b8f6df3686d11f37a33259e36434b9800499859af73f0436ff5fed07ef25a7058745268714298	2982	12	0	1	1852645408	1	3	994	-	197,158,201	33,90,77	208,169,212
synthetic_3_29	0300a5a5000000000000000000000000000000000000000000000000000000000000000000000000090000000200000000000000730000000000000000000000000000002d00000000000300000001000000000030010000000000000000ffff0000000000000000000001000000ffff0000000000000000000002000000ffff0000000000000000000004000000ffff0000000000000000000005000000ffff0000000000000000000006000000ffff0000000000000000000062610000ffff111111110d0000002222222249000000637760bf23e8397bf53c5ba8dfa6b452ec071313b92374a496e8e34a0a4e02f38b12984388e5331d1b889586f22141e9e9ecdbf212f036d7ffe17e209d695701a7b6589dadfc09291c9228a50272599e943161bef8eadcf6f30e48674c8f05be5f29867d9e702918ebf2e30c77aa4e13dda7d39275d01e858baebc084bc65673a3f0c58e9f14b55f7f786a3cab0152a92b2ea0955998974ecb3e068725427c5a1826eda6267bc702d2e2ba728939a8b9f280042ef7432cd6c8789f44792af0b41a1e52b3c5460bb5d07389de5af4f709c1e7b5cd51f2297b049eb341e61937e8f57c0c43c673c8653a3f0bfa527f3b361568de9e0499b74d45ed5aa1ecbededc	695	1	7	65535	1970675744	2	3	231	-	10,11,12	243,14,26	13,125,100
synthetic_3_30	0300a5a5000000000000000000000000000000000000000000000000000000000000000000000000090000000200000000000000730000000000000000000000000000002d00000000000300000001000000000030010000000000000000ffff0000000000000000000001000000ffff0000000000000000000002000000ffff0000000000000000000004000000ffff0000000000000000000005000000ffff0000000000000000000006000000ffff0000000000000000000062610000ffff111111110d0000002222222249000000a18b20588e2adab01ae46f62c425c1389c204fa40b6a714b0d7848a04766a6703388eee83120cd7303b21fec91ce71e3e274387795a8fb3968071bd2427b0caaa88c1e4539ba4eff0a9e9bdb62118c66b9e81fd0e2b91b96f68a567fe0d0dba1c9c084cfa48fdbe01353f3236e90bc750563fc4daedbc481f8c4a27a6c76a9c1f4bd6188b21810644ca8b9b413ccb2bcbfd42299694e44e1d47df9fff0c25cf8c15d8b548699d1581b94a658a4f377ac0a9ea2d8b8bbfa6f894d17ca5d471e340a1d0a0cf85befc775c77ca3e6a77b869ed0cf36b4444157b5cfcd7a4f543184db40550fc31e05de94ae093f55d9ddc666dc670213771676b6886b651ef2b313	137	4	4294967294	0	1684414496	0	3	45	64	118,70,158	127,79,167	196,38,161
synthetic_3_31	0300a5a5000000000000000000000000000000000000000000000000000000000000000000000000090000000200000000000000730000000000000000000000000000002d00000000000300000001000000000030010000000000000000ffff0000000000000000000001000000ffff0000000000000000000002000000ffff0000000000000000000004000000ffff0000000000000000000005000000ffff0000000000000000000006000000ffff0000000000000000000062610000ffff111111110d00000022222222490000000c9b865a4c2877a0446e6ff7184c9923b243af24d203f7bf3e358b26d98e876d1273dabb04bdeb06a1ab3f64de0892d46f499ce3ed647891f1bdd348955cb64c315d5edffe495b21227052b4355c2b0485603efb6786e90902b2d008f8ae67560e12f29d273465713c614383d0dea1f3f664c89a9f21432bf8ebda29ee3a122de012947f7ede63c9761b24abe7a6dc2b5857c32a67d9a27e3d49fa2bb71d0f9783f09507f24ebed8cd8e3de38f8635a3e0764ec6faef4d9d886d0b99b10355d6b494bc069bb9dc4bf3c4b7ef95089b69ba7374b0725023773cead2f7b97fcea7a7c6ecfac48273185438571895d361ecffa5fc21c6b3b77dbfc6db881d1b842c	6473	3	4294967295	1	1113682789	1	3	2157	-	61,250,102	254,198,69	73,262,114
synthetic_3_32	0300a5a5000000000000000000000000000000000000000000000000000000000000000000000000090000000200000000000000730000000000000000000000000000002d00000000000300000001000000000030010000000000000000ffff0000000000000000000001000000ffff0000000000000000000002000000ffff0000000000000000000004000000ffff0000000000000000000005000000ffff0000000000000000000006000000ffff0000000000000000000062610000ffff111111110d000000222222224900000016f82b057c96e92f962e87986bfbf3deb32539527140fcc5e50c9c5dce0a2f09155a529ae384043141c59a8493ba994ddc2ff546ea083e6ae5c015945b79c0b7557b5712f5876ee202a756e2dea0b499e44a743fd7b1cc0d3c4f11f7ca23ee5c8a980b87e59ad20cffdf63d37a2257c27a16f172c430ba6536dbd225dccf93e0c00ff9717cd964a360ae9f7da258922894e00c1e49d93d4b89d465ffe407d7c2f24dc961c5ddf0c4195949516f5c69a29e0272e31ce3f25d1c5d8f5a4ac5cd979f5c7bcb6e0d30aa684ba7cf900bace342791a0016a3a93f812fb499a2f63a1608f5a62643aadbc2294e42ad6f1516625921292f3d575773caa3f3233d337b12	9752	0	0	65535	1886527520	2	3	3250	-	0,1,2	258,250,229	178,97,237
synthetic_3_33	0300a5a5000000000000000000000000000000000000000000000000000000000000000000000000090000000200000000000000730000000000000000000000000000002d00000000000300000001000000000030010000000000000000ffff0000000000000000000001000000ffff0000000000000000000002000000ffff0000000000000000000004000000ffff0000000000000000000005000000ffff0000000000000000000006000000ffff0000000000000000000062610000ffff111111110d0000002222222249000000a52c09026a884bed36d9e99cd7a89f299bf7c9e2a74235c2cb78579ad8c1407d095c0d33cca5e8aaaa4b561b3a321688d3e485e627ce83d1bae16c8ae071561c0a0ba696ee0880faf6695abf922d58fbc13b32a77dbaffd63a28b0d364ade311364a78f3adefd230a8b92a4933551e7e80b7deca47b68d146fd24c01b00aa6732ca195b83257562099bc3deca919a915c3ba0da8b4f98f806fc9dd3ed7a3ad6c3596cf04b9a72a154dc78e220e456e9c4f4481fc5297d6e7fcd348b5bc55e637b527619970e03d80994ed39253d3074cfcd3c21ed874c91bc3f2dadb48954a7df2d4dc365961856bd9126bbea41f4ebd0028aa785a5c088136dc705fa6192ae0	4645	0	7	0	1701191712	0	3	1548	160	175,166,48	175,166,48	116,101,202
synthetic_3_34	0300a5a5000000000000000000000000000000000000000000000000000000000000000000000000090000000200000000000000730000000000000000000000000000002d00000000000300000001000000000030010000000000000000ffff0000000000000000000001000000ffff0000000000000000000002000000ffff0000000000000000000004000000ffff0000000000000000000005000000ffff0000000000000000000006000000ffff0000000000000000000062610000ffff111111110d00000022222222490000009696a06cd31bffcf4553bba56c18c3e05f61f1636538aa33f86f25818434a0aa67062169fd3c1e21c260e33819baa1a597d0e423a70adb0eb6e1f5d6e1fbfe42d624ccc9155e7dac9b9e9192e6fc449364fa14d8043db192eb179458099e90b43ba957104f31f9dceb2e5bc0c4972cb92bd4ab7f9662459801703e484eb170e92529743e075f895130a64decf7a611648349f7f7a55f6314cc7a0437bb63716137dd28140afcfd82bd2592dd88670d9c9e1f4b0ec5172619d437952cf8ba84f8a75823c54a8d14c57ce1a0b1c318a6f91aa91a43a9374d0decdc87c06701be5cfa5fa80281b3fe26b997d5789d2f0692b35f4f1dbbddf7dd3454beeb5696574b	2435	17	4294967294	1	1633820704	1	3	811	-	76,175,110	221,43,211	89,188,123
synthetic_3_35	0300a5a500000000000000000000000000000000000000000000000000000000000000000000000009000000020000000000000073000000000000000000ffff000000002d000000000003000000ffff0000000030010000000000000000ffff0000000000000000000001000000ffff0000000000000000000002000000ffff0000000000000000000004000000ffff0000000000000000000005000000ffff0000000000000000000006000000ffff0000000000000000000062610000ffff111111110d00000022222222490000009696a06cd31bffcf4553bba56c18c3e05f61f1636538aa33f86f25818434a0aa67062169fd3c1e21c260e33819baa1a597d0e423a70adb0eb6e1f5d6e1fbfe42d624ccc9155e7dac9b9e9192e6fc449364fa14d8043db192eb179458099e90b43ba957104f31f9dceb2e5bc0c4972cb92bd4ab7f9662459801703e484eb170e92529743e075f895130a64decf7a611648349f7f7a55f6314cc7a0437bb63716137dd28140afcfd82bd2592dd88670d9c9e1f4b0ec5172619d437952cf8ba84f8a75823c54a8d14c57ce1a0b1c318a6f91aa91a43a9374d0decdc87c06701be5cfa5fa80281b3fe26b997d5789d2f0692b35f4f1dbbddf7dd3454beeb5696574b	1448	4294967295	4294967295	65535	2054823968	2	3	482	-	4294967292,4294967293,4294967294	4,5,6	8,9,10
synthetic_3_36	0300a5a5000000000000000000000000000000000000000000000000000000000000000000000000090000000200000000000000730000000000000000000000000000002d00000000000300000001000000000030010000000000000000ffff0000000000000000000001000000ffff0000000000000000000002000000ffff0000000000000000000004000000ffff0000000000000000000005000000ffff0000000000000000000006000000ffff0000000000000000000062610000ffff111111110d0000002222222249000000db4f04774828a9830ac190164f408b9897154edfa443f77d0f72e0917250fa336b22f8f3e59d8a3245ac59b91860082ae90b0c2fc8241c882b7f552ad2a4754203282e864e350e443cbd2b83c0803ec34b042755dd9bc7a4e6339bc031e0a88b215d38aa0ff79b6a8236a78b276b3680bbe3928dda16a7513463e3658408c43204b1e79c2beb3700333c47fb03e0362fb9a85ca81394a6e36732dfe9fa13f484488200cc20491f0b7e7c29890bbe5728cebee01d0e2551cb40223b447bbdc71c1378add165bdc07a07334f6c4450d7e68a44e66c0e27347e2eec523a3b5ab9272ff8ad8dcdb110e7cd5f1889be78eb3b757a2cf63db52ad4a94ee5b6fe2e3581	7147	1	0	0	1987321888	0	3	2382	48	151,21,78	158,28,85	203,139,73
synthetic_3_37	0300a5a5000000000000000000000000000000000000000000000000000000000000000000000000090000000200000000000000730000000000000000000000000000002d00000000000300000001000000000030010000000000000000ffff0000000000000000000001000000ffff0000000000000000000002000000ffff0000000000000000000004000000ffff0000000000000000000005000000ffff0000000000000000000006000000ffff0000000000000000000062610000ffff111111110d00000022222222490000008c679ce72153d075e29523a50150c1b73f81035c31c67cd2f8cb62dbbb160ac75a2bf9842c033c0c01281f7c6074a2c61008b3a3c2931d991c4d6e7835b0e519100b15cd46568c4e6b482e5e50d0da8743bb3c2c66aefa9f93e7b6c217626c271d81800d3f180df1ecde6b7522f38939c40c872d31e52f70b4dda020508ae78e66808ec5103fbed738cad086add25c620fca792ce07342cc9e29bb42eac0bb3b3f6cd5dbce75270ce3892ae3a408147ad952dcfb71e09f57fbc715077a04b1df4c3c9548bac21ea2902cc7e819f32f9e1c21fb7bd375c6544b021829217c645234b31b8776594542906e83df844de262f21ebdbe7572f7184297d95a2e9436b3	5886	19	7	1	1852645408	1	3	1962	-	149,204,23	147,85,114	153,208,27
synthetic_3_38	0300a5a500000000000000000000000000000000000000000000000000000000000000000000000009000000020000000000000073000000000000000000ffff000000002d000000000003000000ffff0000000030010000000000000000ffff0000000000000000000001000000ffff0000000000000000000002000000ffff0000000000000000000004000000ffff0000000000000000000005000000ffff0000000000000000000006000000ffff0000000000000000000062610000ffff111111110d00000022222222490000008c679ce72153d075e29523a50150c1b73f81035c31c67cd2f8cb62dbbb160ac75a2bf9842c033c0c01281f7c6074a2c61008b3a3c2931d991c4d6e7835b0e519100b15cd46568c4e6b482e5e50d0da8743bb3c2c66aefa9f93e7b6c217626c271d81800d3f180df1ecde6b7522f38939c40c872d31e52f70b4dda020508ae78e66808ec5103fbed738cad086add25c620fca792ce07342cc9e29bb42eac0bb3b3f6cd5dbce75270ce3892ae3a408147ad952dcfb71e09f57fbc715077a04b1df4c3c9548bac21ea2902cc7e819f32f9e1c21fb7bd375c6544b021829217c645234b31b8776594542906e83df844de262f21ebdbe7572f7184297d95a2e9436b3	2597	2147483647	4294967294	65535	1970675744	2	3	865	-	2147483643,2147483644,2147483645	2147483652,2147483653,2147483654	2147483656,2147483657,2147483658
synthetic_3_39	0300a5a5000000000000000000000000000000000000000000000000000000000000000000000000090000000200000000000000730000000000000000000000000000002d00000000000300000001000000000030010000000000000000ffff0000000000000000000001000000ffff0000000000000000000002000000ffff0000000000000000000004000000ffff0000000000000000000005000000ffff0000000000000000000006000000ffff0000000000000000000062610000ffff111111110d00000022222222490000002ba82738d5b3663690e9e5b4c8e8e1a00efbcb07cebea6f471eb3742bbd27982648eefca0dbbcb16509706edb35adc2ba2404babcf2e4fe4379fc7bb0ebd03c6c01cd928268d925f5731d1a8649dc0a2e7cea8f20cb4364aa1aaf9d9a6142061630cde97d2d506e6bbfb7eb4cea59e1f732137a05b7e6b5924a8d610f0a6b6b09c89e9b963595d3836a45d6e758cef479b7d0a55e7500932796a309e346647852cc3aa5b2edb1ff7e7430211b35b7887fcc6eec2fa7c71d62767d444638ef4949067b075b93c31a4ebd5593aebd625ef424304fdee9cc1b3796c0aa9df4a6f7f93a2646b3835ff5ca670f0ec025a7a74b2dab25d02f5aaa327ac583b1695f2f1	6966	1	4294967295	0	1684414496	0	3	2322	64	13,250,202	21,258,210	111,168,203
synthetic_4_0	0400a5a5000000000000000000000000000000000000000000000000000000000000000000000000090000000200000000000000730000000000000000000000000000002d00000000000300000001000000000030010000000000000000ffff0000000000000000000001000000ffff0000000000000000000002000000ffff0000000000000000000004000000ffff0000000000000000000005000000ffff0000000000000000000006000000ffff0000000000000000000062610000ffff111111110d0000002222222249000000bd61be043270356bb98cd90d3ae9bb656914fefcb5f4b0d737dfec86f7db27134559062589cb380cfea2be4fcfa2e24329d4d608a158e1a081b0651e267764c80de110af4260aa4a7e3feb7f97f6c695e1a4c876b538149791228c60cd5a21b171a43028924c95e9330842357150e058e97b504c4aba98fdbf695adb1ed9a0350872db460972197494a0dbaee79f1bd2595e2b5858dc7024e27a1548a67646be0b816e70831986071fca691c1f77844e191da8104a646bcffb2d642fdb35c9facf180d256ada048d7aed2d2a46ca7b3879ea91110b80441407440f4672b0775ffeecc55fbdedfcadee4f014d6a0ed7569d7d50761032de51ea8dabc1ffbd02d4	0	4	0	0	1987321888	0	4	1073741824	48	219,39,19,69	226,46,26,76	45,151,107,216
synthetic_4_1	0400a5a5000000000000000000000000000000000000000000000000000000000000000000000000090000000200000000000000730000000000000000000000000000002d00000000000300000001000000000030010000000000000000ffff0000000000000000000001000000ffff0000000000000000000002000000ffff0000000000000000000004000000ffff0000000000000000000005000000ffff0000000000000000000006000000ffff0000000000000000000062610000ffff111111110d0000002222222249000000ab21c1d31b13f41b89612a143b315651321231955cb7c52580b918ec157c62e94ce1778caf03042d9bcdda3adb258e66e6bc1bbcae8fc2752030ec53b7fa7cfb3fa36dc9d0d4cb8198734e4f632cc45090e019d90cc8d8da4d1df8b5ccd05f9e03c8c0daa657d1e9fb71a487173bdee5743f8f0f851ef30c031f7106e86d06273353c361cc73f02613ef940c17b3e920d9728beddaff5697cb55a086b207fb735610d6306e8a2ea0e9273e9c072e17bafa6710c0f7249c40850990e5778e84991c2888f539533fe63d4d5024e22c93fc9b7959ba8fd7b56a0a81811bfc1d8531a1d033fce19e88ee491ed468277abc89c993dc8ef9ea5f28bbbce816104f6560	1	12	7	1	1852645408	1	4	1073741824	-	38,120,13,239	257,131,258,70	42,124,17,243
synthetic_4_2	0400a5a500000000000000000000000000000000000000000000000000000000000000000000000009000000020000000000000073000000000000000000ffff000000002d000000000003000000ffff0000000030010000000000000000ffff0000000000000000000001000000ffff0000000000000000000002000000ffff0000000000000000000004000000ffff0000000000000000000005000000ffff0000000000000000000006000000ffff0000000000000000000062610000ffff111111110d0000002222222249000000ab21c1d31b13f41b89612a143b315651321231955cb7c52580b918ec157c62e94ce1778caf03042d9bcdda3adb258e66e6bc1bbcae8fc2752030ec53b7fa7cfb3fa36dc9d0d4cb8198734e4f632cc45090e019d90cc8d8da4d1df8b5ccd05f9e03c8c0daa657d1e9fb71a487173bdee5743f8f0f851ef30c031f7106e86d06273353c361cc73f02613ef940c17b3e920d9728beddaff5697cb55a086b207fb735610d6306e8a2ea0e9273e9c072e17bafa6710c0f7249c40850990e5778e84991c2888f539533fe63d4d5024e22c93fc9b7959ba8fd7b56a0a81811bfc1d8531a1d033fce19e88ee491ed468277abc89c993dc8ef9ea5f28bbbce816104f6560	2	2147483647	4294967294	65535	1970675744	2	4	1073741824	-	4294967290,4294967291,4294967292,4294967293	3,4,5,6	7,8,9,10
synthetic_4_3	0400a5a5000000000000000000000000000000000000000000000000000000000000000000000000090000000200000000000000730000000000000000000000000000002d00000000000300000001000000000030010000000000000000ffff0000000000000000000001000000ffff0000000000000000000002000000ffff0000000000000000000004000000ffff0000000000000000000005000000ffff0000000000000000000006000000ffff0000000000000000000062610000ffff111111110d0000002222222249000000bc83d268460627934ae11f9387b7a4e169ad00a2422bbd983142b0390ecedbf6a507482c26fbf51fa8283892d93eee1e8c8b2d8b68343d377bc5a40d95e47968287e4f9eef5add282dfdd298856c587c5d1e547eb54172dab3fa303bad90cf3c5b942210b49513ed566d3d96ad1181193a2f5045b67370dbf37c29b6206e80f1cd3be353e8a7fd632c21b9ff18bc6c7625f7f98fdd065d238456a4ddb1b030d95e59a8f795812ad6279e89fb74f57b93e65da1991fe50d650819fc8ba76e61a1272f6f75aa5d73053be45f3d27b777004e6b9998a2f746f01e887468ca10b18397e3f963d2a7b6917e0a4c77d84cdd30c62aaeced27bba23db577f5c84dbdda1	3	2	4294967295	0	1684414496	0	4	1073741824	64	42,188,151,48	50,196,159,56	41,95,137,192
synthetic_4_4	0400a5a5000000000000000000000000000000000000000000000000000000000000000000000000090000000200000000000000730000000000000000000000000000002d00000000000300000001000000000030010000000000000000ffff0000000000000000000001000000ffff0000000000000000000002000000ffff0000000000000000000004000000ffff0000000000000000000005000000ffff0000000000000000000006000000ffff0000000000000000000062610000ffff111111110d00000022222222490000000480853d37c24e9d7cfb5b522a82c57c7250dd5367352ee7711720c07a79e3a454ebeb5ba364718cf42db50adc7590a9a6ab29bf91d3fa322069246ea4d2a3839e314c15173c40351f01c2e880e001948196e1fb09d4ed607b643a1c345efbbe8e338b6ef31f38bfab68618a607d333ed20d2a901cc502afe645c841d39919d9d9e97849a1b7d6b06c5de839ee73eab19e2dfa3b34688a31b3645c319767b4265e32a7ec3928fc40c3928549146e836c12ff54ff6a3e528aa92dcfbe45c84afc4bac3f143c29bcd02b5a916f0e1f5abbbda798de291c226a69a05bc1e2e144560b597a2922b287a72180e9c21adc94be7c2c8188773931dfab9ef70fd1f2a905	4	12	0	1	1113682789	1	4	1	-	69,200,65,211	217,170,138,165	80,211,76,222
synthetic_4_5	0400a5a5000000000000000000000000000000000000000000000000000000000000000000000000090000000200000000000000730000000000000000000000000000002d00000000000300000001000000000030010000000000000000ffff0000000000000000000001000000ffff0000000000000000000002000000ffff0000000000000000000004000000ffff0000000000000000000005000000ffff0000000000000000000006000000ffff0000000000000000000062610000ffff111111110d00000022222222490000005a3fce846da8be9fb30d79dfffa5298fca5285166cb1aa8a57ec3f0556b6e17c8b5e8d20a34eec79ffb26908aa04c226d96b264d41d5e0dd0ccd3472ce781f731b63dba9b7219715dadea57720213f3a7fb36d0efc61df938b4392104dfdbea1e0e184c7d5435585ad6f81cbc86eb1907823077dabf8d886fd24757b806ee4cfff1cbaaeeb5629089d1bed6954c7c20c59592bb3454cb2a95f423793335d7806465e2c03ad5db4530efc1f0e3951f759a91de25e755828d234f1dc01535a7e6c58179e2ecf736e633e1ce1941e6fb33c4dad1f0d7bab4440f189c4d40bc0a3adf7a6b08ddbfc5d5cf350a4640cee1099d181ee583a0e47915bad5c743983049e	5	1	7	65535	1886527520	2	4	1	-	11,12,13,14	89,140,29,115	44,74,69,138
synthetic_4_6	0400a5a5000000000000000000000000000000000000000000000000000000000000000000000000090000000200000000000000730000000000000000000000000000002d00000000000300000001000000000030010000000000000000ffff0000000000000000000001000000ffff0000000000000000000002000000ffff0000000000000000000004000000ffff0000000000000000000005000000ffff0000000000000000000006000000ffff0000000000000000000062610000ffff111111110d0000002222222249000000c6d58e70d2ab624f38811965c414378d6179517ee047564d8e9b96c904597a9fc391fd18f67138a04ba494449198177c1851f384ac0f44aa294ae0407e2ce81cac5d6ea15f9981e917ef1bf31d41f76a0bc75e5126d9cf69e3be6cb23d826396e1d74c12e60376ce2294f46a0faa9762b4c16447705592a01f36e327744b481474a66332837e715e07f9fa0a97dc5d2a9fed3267f74e8e0dacd58b6f58c1131ee38df733f6166290a5f0668d08457b8ea4ad0640e53ce924f16105bed590f7c78d7bd2a13e974e15b01efc2675a230d419804c62678ccff3b839a11465c792cef02bd50f3285b71b6e4999df68516bb83d992efaa4b63101e2753d5e8e9174ba	12	11	4294967294	0	1701191712	0	4	3	160	72,222,62,124	81,231,71,133	96,157,171,42
synthetic_4_7	0400a5a5000000000000000000000000000000000000000000000000000000000000000000000000090000000200000000000000730000000000000000000000000000002d00000000000300000001000000000030010000000000000000ffff0000000000000000000001000000ffff0000000000000000000002000000ffff0000000000000000000004000000ffff0000000000000000000005000000ffff0000000000000000000006000000ffff0000000000000000000062610000ffff111111110d00000022222222490000009e26936ffbe1165fd5eff2fc00e693acc111de7d918881d5f1c944a466b867cd374aef74175672b6f66e1bb91598cfdffa421e7465d34579bb72876a3b4da760b28749d5b3805e06928eeec3b15b6123c167f14f39cfcdd9111604c401b5266fcd58f2ad0874a8cce60368643b0d04b91ae7eeec21e752cad8e689925b28a791e11c531fbbdbd86ad554e40618ffaf73f3643d6bb773dcf617702d373c80481b4f90afddb2657b3c87846e009fb12cda543541ed84e648699ebe765006a1264dc037b2c4eb584c9cdbd2b02615604a1adf4c40bafdc1fa1a4fe477ab532f1f9e4c6e442517674790823c6ca5e6de40d72327cd8643b855f74466e7177b4ee0b5	255	6	4294967295	1	1633820704	1	4	63	-	87,241,172,7	93,121,189,253	99,253,184,19
synthetic_4_8	0400a5a5000000000000000000000000000000000000000000000000000000000000000000000000090000000200000000000000730000000000000000000000000000002d00000000000300000001000000000030010000000000000000ffff0000000000000000000001000000ffff0000000000000000000002000000ffff0000000000000000000004000000ffff0000000000000000000005000000ffff0000000000000000000006000000ffff0000000000000000000062610000ffff111111110d0000002222222249000000431de7afe81dad30d55f73c2ae00882fee57947ec6e8f4154d0cfefc53d6d60c17962c480a0a84d601bf3eae56d6ad4fc4489d30a6533fe2d667f079e16ee159db95247197ae40f6654ddb6b6d803fd71957dbe44aa6518497be71c28f3c502b7276d599b550103e660dde794bb795b5e489f6facdc0f00985ddadd0de17accfeab26a4280adec444ab3149b803ddf9c60a4396988b670f759a48f92bd073208d2631ec6705f99482da40b4b459b4d6965a0e0eb3272ae0d7510c8a624d6dfcedff9e4df0eafd6f48b7ac9e5e38d801c9a11c24502925791b324ab40e1981760bd2439f57985379aac4ff0bab0d6efefe2ce0168ff14ca02b4864e37f9834ee7	4294967294	0	0	65535	2054823968	2	4	1073741823	-	0,1,2,3	7,143,54,245	88,230,118,120
synthetic_4_9	0400a5a5000000000000000000000000000000000000000000000000000000000000000000000000090000000200000000000000730000000000000000000000000000002d00000000000300000001000000000030010000000000000000ffff0000000000000000000001000000ffff0000000000000000000002000000ffff0000000000000000000004000000ffff0000000000000000000005000000ffff0000000000000000000006000000ffff0000000000000000000062610000ffff111111110d0000002222222249000000f5db5f0559777fc7522919de6c699dfafc35d282e5210238533075e925d36136197d72b23e783e9c435c739f2975116c8642b91b0969f3dd0b6fe647ca154ed8c66fe0f1f1d8cb159ddfed06737b462d18bf356e24a343eda982d9550514b35c28b10d927a7bf56ce474ce5e29f77390ae69454b65c33efe71ccfda65b1b1f5b2b2219660ea45f4677e66a8f0cb5d92498253dccd5fe129b362a1ee4dbd763e355c8da42508d78bd4c31966a082317ab9e94ceb7f70499bf805748cfc47e0763e6344a186bc136c91245fbd6af09522cd4d4fec944ee135dba2154b92e2cc1307e069e61da88c2610e5540100ac1d3525ebd0e9cf2b328f35bc42b2ab67a185b	4294967295	11	7	0	1987321888	0	4	1073741823	48	118,237,78,209	118,237,78,209	206,73,265,124
synthetic_4_10	0400a5a5000000000000000000000000000000000000000000000000000000000000000000000000090000000200000000000000730000000000000000000000000000002d00000000000300000001000000000030010000000000000000ffff0000000000000000000001000000ffff0000000000000000000002000000ffff0000000000000000000004000000ffff0000000000000000000005000000ffff0000000000000000000006000000ffff0000000000000000000062610000ffff111111110d0000002222222249000000d3e621c0c30105facf82e3431d3621e359752d6bbbc4da716203bd5e543174fa6258f5d1695faa6811efbfebd10645098cfdfa6ded493ffe6cc3785f05b98961c16a826d63973093b39baa887b62b887914edb1754f33abbd3221253980f340a0c14bb38fba7c852b4f3689be8958f04c0577be06101d0cb47d86efde8325bb037a9ac935367ebd49176712b9fc2d68beb467a9a60f84be519f23cec5126d85559346173aa39d158464f60ebb083669b4c7876bc2f931ef38ce0544ae1685557ca6262d742ad5c38ce0fabd81a8ba65f0892b524df2d94ba0f5d857c7c0ec985a7047df71fe1def72391c385541b0b44bd4cd52aeeda369c54729fc48703afd6	0	18	4294967294	1	1852645408	1	4	1073741824	-	68,120,152,94	250,65,194,218	81,133,165,107
synthetic_4_11	0400a5a500000000000000000000000000000000000000000000000000000000000000000000000009000000020000000000000073000000000000000000ffff000000002d000000000003000000ffff0000000030010000000000000000ffff0000000000000000000001000000ffff0000000000000000000002000000ffff0000000000000000000004000000ffff0000000000000000000005000000ffff0000000000000000000006000000ffff0000000000000000000062610000ffff111111110d0000002222222249000000d3e621c0c30105facf82e3431d3621e359752d6bbbc4da716203bd5e543174fa6258f5d1695faa6811efbfebd10645098cfdfa6ded493ffe6cc3785f05b98961c16a826d63973093b39baa887b62b887914edb1754f33abbd3221253980f340a0c14bb38fba7c852b4f3689be8958f04c0577be06101d0cb47d86efde8325bb037a9ac935367ebd49176712b9fc2d68beb467a9a60f84be519f23cec5126d85559346173aa39d158464f60ebb083669b4c7876bc2f931ef38ce0544ae1685557ca6262d742ad5c38ce0fabd81a8ba65f0892b524df2d94ba0f5d857c7c0ec985a7047df71fe1def72391c385541b0b44bd4cd52aeeda369c54729fc48703afd6	1	4294967295	4294967295	65535	1970675744	2	4	1073741824	-	4294967291,4294967292,4294967293,4294967294	3,4,5,6	7,8,9,10
synthetic_4_12	0400a5a5000000000000000000000000000000000000000000000000000000000000000000000000090000000200000000000000730000000000000000000000000000002d00000000000300000001000000000030010000000000000000ffff0000000000000000000001000000ffff0000000000000000000002000000ffff0000000000000000000004000000ffff0000000000000000000005000000ffff0000000000000000000006000000ffff0000000000000000000062610000ffff111111110d00000022222222490000003b76612e61731e635c71938bd0198f26293d6b6e1b71f16631fcb67e74cd365d7a26165b1785f388060259c605a26a5fda8707026b905cf62b705bc5e2c62d4b7f7ea3481d962288ed6c29a2652690cbfc4a47f0d3040814194c5200b0bdb82007832b57c01e8525d713dafed6e565a6aa7869caaa3ba1f86e54a83de08ecab82b04d33a829dca6b4bc86d0b4e28aa3fa9f4767fd13b3e8f60484e5e2379cae14af048f67933d5b246064ad0e69b0361126550189ff07b1c0e596b659ea33329fb82c5106c9a8db7499b24ccf8f495399e9d1159419e67cea6c181e613bbbaea5a4235c108497b076078aaaa3e0d1e634f4c63b3eeafae8dec4eab432fd98516	2	4	0	0	1684414496	0	4	1073741824	64	205,54,93,122	212,61,100,129	87,93,11,187
synthetic_4_13	0400a5a5000000000000000000000000000000000000000000000000000000000000000000000000090000000200000000000000730000000000000000000000000000002d00000000000300000001000000000030010000000000000000ffff0000000000000000000001000000ffff0000000000000000000002000000ffff0000000000000000000004000000ffff0000000000000000000005000000ffff0000000000000000000006000000ffff0000000000000000000062610000ffff111111110d0000002222222249000000d1841a1501cd517d5f7bd31557f8adf82a419be1927466395070393b314528be8fdcd9a0e7b484448d7cd4f883e2c421dd7578db2ef5948af13c0f196e5f00d29b033fa51fda63f3485ed30bb5f7bc1d6593422cc3c98e3e184044fb464ca0535ec9584acae50fe9ac4effcb054388cdc6107d436eff1075b46de652ff66c2681673f73c0bd8161293042863f304dc44ca1e455443840d490fb070933c208d01f83c2e41a8310ac72818208cafec33e1e9e1f850db47ff1eca2725baeb3c3d2481125720b014433d6981542a876fa89ac634d4c50b3044b81b8eac41f63c9ab230b03e78ade2b701430c6c1db1249c978f20acdecbf114a0d0a445a1a87121b4	3	6	7	1	1113682789	1	4	1073741824	-	208,95,81,209	187,139,75,148	212,99,85,213
synthetic_4_14	0400a5a500000000000000000000000000000000000000000000000000000000000000000000000009000000020000000000000073000000000000000000ffff000000002d000000000003000000ffff0000000030010000000000000000ffff0000000000000000000001000000ffff0000000000000000000002000000ffff0000000000000000000004000000ffff0000000000000000000005000000ffff0000000000000000000006000000ffff0000000000000000000062610000ffff111111110d0000002222222249000000d1841a1501cd517d5f7bd31557f8adf82a419be1927466395070393b314528be8fdcd9a0e7b484448d7cd4f883e2c421dd7578db2ef5948af13c0f196e5f00d29b033fa51fda63f3485ed30bb5f7bc1d6593422cc3c98e3e184044fb464ca0535ec9584acae50fe9ac4effcb054388cdc6107d436eff1075b46de652ff66c2681673f73c0bd8161293042863f304dc44ca1e455443840d490fb070933c208d01f83c2e41a8310ac72818208cafec33e1e9e1f850db47ff1eca2725baeb3c3d2481125720b014433d6981542a876fa89ac634d4c50b3044b81b8eac41f63c9ab230b03e78ade2b701430c6c1db1249c978f20acdecbf114a0d0a445a1a87121b4	4	2147483647	4294967294	65535	1886527520	2	4	1	-	4294967290,4294967291,4294967292,4294967293	3,4,5,6	7,8,9,10
synthetic_4_15	0400a5a5000000000000000000000000000000000000000000000000000000000000000000000000090000000200000000000000730000000000000000000000000000002d00000000000300000001000000000030010000000000000000ffff0000000000000000000001000000ffff0000000000000000000002000000ffff0000000000000000000004000000ffff0000000000000000000005000000ffff0000000000000000000006000000ffff0000000000000000000062610000ffff111111110d00000022222222490000005dca1b0ce550bafcc55ad099296c19aa76564f0f8a360c2597c6a023179c556e10918f770ec9909e1cf80a6f58e85fb21415953ca75b4f7a8be9f916a0c70907421e6405640d379b46d74bf876a20d3008f67c3f2ae3daa11b9dbe4fbf4928ea4acb82e2f82999d51b5a10dc4f1e48ee40578c1f705efbe44965d4d5300fedaab2925d4fe84ff23616a713d6179161fc01fbaa9dc86d0dc72869bc691cd2e646f2890a1be4f2f815236300ae2aa787e5507e19d9b0f6635239f345aa641f56db00e78e174857a7ea1ff648a0b537ac93f9b1f4a99172658e0c0d7ca4ac383237c84e172db84cb2b7133a1d5aa48c0579640b0ba4ec8c7fde45e403645aa06118	5	7	4294967295	0	1701191712	0	4	1	160	247,9,110,87	255,17,118,95	52,164,224,38
synthetic_4_16	0400a5a5000000000000000000000000000000000000000000000000000000000000000000000000090000000200000000000000730000000000000000000000000000002d00000000000300000001000000000030010000000000000000ffff0000000000000000000001000000ffff0000000000000000000002000000ffff0000000000000000000004000000ffff0000000000000000000005000000ffff0000000000000000000006000000ffff0000000000000000000062610000ffff111111110d000000222222224900000052002c1b55ac90ec69d3efe13d0196ad48601b12b29fa947bce1f7d3e2da323632a09a9fb464fce920168555a8be5a228291c9889d3dcaead41dec3dd2dc1c204085f006c2b6117d64805f108ea4fad18d816131758fd4c7e15225f2aed3b6a17926c0b8fb3bab69e748be38ce37fb0fddb287e8ae52ec6a8494a225e20018ab818f92e44a79f28ee3d41b072ecc4cb524f029d2feafed7b19d0bd3ac464b5644dea53a32a05c90eece78fdfc206372b7fbca0224da17970c32f91a20552afdaf5e951f6a516497f8e2cf5a3208f858e648ce9ce512ca4d95838978ed01633fee149029490210484bbf013a87ec3f64611949eee96b347f758e3e97619cb4ae5	12	16	0	1	1633820704	1	4	3	-	212,27,7,46	171,257,216,148	223,38,18,57
synthetic_4_17	0400a5a5000000000000000000000000000000000000000000000000000000000000000000000000090000000200000000000000730000000000000000000000000000002d00000000000300000001000000000030010000000000000000ffff0000000000000000000001000000ffff0000000000000000000002000000ffff0000000000000000000004000000ffff0000000000000000000005000000ffff0000000000000000000006000000ffff0000000000000000000062610000ffff111111110d0000002222222249000000cc81b8904f7c0501c7f2d5c6a49e1d0ca7921d95a2bb63935d559df1548a07da31bcb0b9f0252d7ae8d50302569a3d95fb9c131142d080117e840406370aef3237e2a07402611b4f7b1ec4ff5d9420c80b14a03abde9b390af191fa7a0e97167ae1b433be92320d5bddc6e0022f4000a9e6d0944de3843a7a5940b5ecc1fd6070b0f4b4f0a01984f5fa9202fb9867cc8442d712fa57f41a7f94269a96acc70d8d9b439c08dde43c5aa6f76dd07ac0e1f756a5a46ae988cb387313177c9e4f41e208a482375b74d041350715f87f132534bc50bd5c1cc1e63726dffb72218e4ae5da680b0fcba7bbbdf6102dd761a42cf237e5df55ddd3ae1fad7bf3de21ecb00	255	1	7	65535	2054823968	2	4	63	-	11,12,13,14	153,36,156,169	159,43,211,22
synthetic_4_18	0400a5a5000000000000000000000000000000000000000000000000000000000000000000000000090000000200000000000000730000000000000000000000000000002d00000000000300000001000000000030010000000000000000ffff0000000000000000000001000000ffff0000000000000000000002000000ffff0000000000000000000004000000ffff0000000000000000000005000000ffff0000000000000000000006000000ffff0000000000000000000062610000ffff111111110d000000222222224900000012177c99d9e89e29326c7abae7167291d6d3ff0942fe4c2b957503b2e78b688fc2d381bcb04db362e8d02d029a8c362bd1c52b90c8cc39db8cc0496d3d256935d6ffbf2de529540a0a4d81580f7abbca60d7a3d77fa5ca11e41f8d547c5d4d6dee94492fa0149d3b8c0905f675539dc371ba41d63b8eba10d9afbf81b1ab415743bc328d598dcd792588ea9a8bdbb895e2a0d7e04ff82755ac79972a938b240c6d87f7524793dac7f93f61213c3a069338b885002556acea1520b3d5e4f67e50622b9cce190021617e846ce77929736a87158f69c6106c7360e66c9dd49fe9a48d1fc8686ab946dc9b0240c3e246ec17af4894cf618410c64c5d966f3f583027	4294967294	19	4294967294	0	1987321888	0	4	1073741823	48	29,139,82,122	38,148,91,131	259,50,96,183
synthetic_4_19	0400a5a5000000000000000000000000000000000000000000000000000000000000000000000000090000000200000000000000730000000000000000000000000000002d00000000000300000001000000000030010000000000000000ffff0000000000000000000001000000ffff0000000000000000000002000000ffff0000000000000000000004000000ffff0000000000000000000005000000ffff0000000000000000000006000000ffff0000000000000000000062610000ffff111111110d00000022222222490000005912fe449dd27b9eeb7f1c70d5aa79c1ece6b07958e4ccf8b53d6ab31ab1e086b0944019fc506c80a6d11399635a63b04421f93ef9384a3f2025bded283edbda15abddd26ee253a3261f0261e95dffbc362946c50bcf23c63ddbc0efc0d89fc36c5b0e9230f333bd5d22ff371e74eb7521a61c413e732a1da070e1d8f8223efa80224576c4259c71ab8adf57004367ddb7c693ea90bddcfc842ff64ca03dbc6881ffa04bb401e62ee4cfecac094d71ead705aff62267a720c11ebf0575e8f5e5d3459f4fee9c4c259db6879576e227f35f5f548a54ad3616a08c4c8caf096de6e673cf66bdff8407779562841e90d2872b7eea1ce20cfc00eeb9b2f37c5413ed	4294967295	17	4294967295	1	1852645408	1	4	1073741823	-	66,102,220,182	48,77,204,18	78,114,232,194
synthetic_4_20	0400a5a5000000000000000000000000000000000000000000000000000000000000000000000000090000000200000000000000730000000000000000000000000000002d00000000000300000001000000000030010000000000000000ffff0000000000000000000001000000ffff0000000000000000000002000000ffff0000000000000000000004000000ffff0000000000000000000005000000ffff0000000000000000000006000000ffff0000000000000000000062610000ffff111111110d00000022222222490000006ea222283ad75e5fe06041bd3cd76cbd9fdc0531e9cdb130a43ab48952a471252eb1f24723d670186d344058ed1163f20e87722d1f679b1bdd5e133e86008100f7bcecf01c3207f337a27f18841deacdc78050d95a6a95f93a6b8de0852eda4fcde9a908b58f8efb8886929d7eca74bbf0cd36a39e89448cf41cc1ed80d56f079fd71d95e2fbf800fe5ed40c0140f06effeac23c3b5517d7fe3685832b16ec8316853241b26dc3207e05303806276cd57461ddd70267856b539df962e16cd1ed7df47c3b7a19070b91cd45e84a363a40479c1f033327f8352e45fc5152699692ac64a89a740826a9b283394ece395fd55374e4efc5b6f35c640f6c753cea58e7	9357	0	0	65535	1970675744	2	4	2339	-	0,1,2,3	222,115,196,166	173,138,35,143
synthetic_4_21	0400a5a5000000000000000000000000000000000000000000000000000000000000000000000000090000000200000000000000730000000000000000000000000000002d00000000000300000001000000000030010000000000000000ffff0000000000000000000001000000ffff0000000000000000000002000000ffff0000000000000000000004000000ffff0000000000000000000005000000ffff0000000000000000000006000000ffff0000000000000000000062610000ffff111111110d0000002222222249000000dd4afe7e90be37679a52824d943cdece4ebdee8af84f3c27ef20d44b2b502ad891fb49a7dfcb6ae84dded9a329d2e521425ae1e2a23c11e5ae0c468a360bd6b2ac4206727f143a64d1841c6429f4825afee1802c9094f9e5f87a54d1fdffa3b93b5682732d8b434bd18e2bd4c29e7bbc0af3148ae731d0be4a5861d41fde5d40f61a30741bb7fccbfecbafa389615b5aa571a0fb6d3f7172223b3b07f16161f67c779fe5e84a5cfd3dc0dd8a37d1e6b25ea2496242f49c448c9e10d42820ea88402bed2dce88df1bd82cc27b7f1cf67db043f6d951994dad5f3cb4b2c5f9a98910e10827ded4e070f943cd9b34809d787b445f343245b2b0380780376af86199	9736	7	7	0	1684414496	0	4	2434	64	229,224,170,48	229,224,170,48	150,78,86,220
synthetic_4_22	0400a5a5000000000000000000000000000000000000000000000000000000000000000000000000090000000200000000000000730000000000000000000000000000002d00000000000300000001000000000030010000000000000000ffff0000000000000000000001000000ffff0000000000000000000002000000ffff0000000000000000000004000000ffff0000000000000000000005000000ffff0000000000000000000006000000ffff0000000000000000000062610000ffff111111110d000000222222224900000038cb8a966704db915e0ea9058970cc32ce9df95d226debedf99d8a70ec134cc9b9b4d37b304e728005fcd898f5554f2f1d4aabe9638c3a90bd04a9c7a0b91f3b4934aecd8e4581e30348457439847f0961645904cf555841fc14749b092e2f8414a428a69ebf6d897e6581f21babf5dc3d5eced26c33593ecceca481488511e718b92f0287cf29391ab8c5f66f4b64451dd7be4a2a0ec6515fc719fbc7de85425e50dd70b591130aad2f40a1d3e636df54ee04e81c1e51cad01f5560f7f7fa5b1efae5ce5e986e4871eff6c2cab0e794b7f45b0fc4fe356fa3c2717d4ee9037dfd912e54cdae60d4a4af627e7456cd66e42a3114062b72691758af8f7f4be6da	8462	6	4294967294	1	1113682789	1	4	2115	-	162,38,164,156	85,121,135,12	175,51,177,169
synthetic_4_23	0400a5a500000000000000000000000000000000000000000000000000000000000000000000000009000000020000000000000073000000000000000000ffff000000002d000000000003000000ffff0000000030010000000000000000ffff0000000000000000000001000000ffff0000000000000000000002000000ffff0000000000000000000004000000ffff0000000000000000000005000000ffff0000000000000000000006000000ffff0000000000000000000062610000ffff111111110d000000222222224900000038cb8a966704db915e0ea9058970cc32ce9df95d226debedf99d8a70ec134cc9b9b4d37b304e728005fcd898f5554f2f1d4aabe9638c3a90bd04a9c7a0b91f3b4934aecd8e4581e30348457439847f0961645904cf555841fc14749b092e2f8414a428a69ebf6d897e6581f21babf5dc3d5eced26c33593ecceca481488511e718b92f0287cf29391ab8c5f66f4b64451dd7be4a2a0ec6515fc719fbc7de85425e50dd70b591130aad2f40a1d3e636df54ee04e81c1e51cad01f5560f7f7fa5b1efae5ce5e986e4871eff6c2cab0e794b7f45b0fc4fe356fa3c2717d4ee9037dfd912e54cdae60d4a4af627e7456cd66e42a3114062b72691758af8f7f4be6da	7382	4294967295	4294967295	65535	1886527520	2	4	1845	-	4294967291,4294967292,4294967293,4294967294	3,4,5,6	7,8,9,10
synthetic_4_24	0400a5a5000000000000000000000000000000000000000000000000000000000000000000000000090000000200000000000000730000000000000000000000000000002d00000000000300000001000000000030010000000000000000ffff0000000000000000000001000000ffff0000000000000000000002000000ffff0000000000000000000004000000ffff0000000000000000000005000000ffff0000000000000000000006000000ffff0000000000000000000062610000ffff111111110d0000002222222249000000beb938d9abae58b6f9df7381787fb7b86cd479a04e62fc991565e869db6a59f1325c8e3b47373abb17c3029764e750ef4ccfdaeb8c80cc290147201706cf62656a34e199aa696fdac8a9bb197c1027747e6139778dd71799aa034966e909711c6bf41246468c00dfbdd9c0dda8ae62cca0b35d7ed1c5f99b27a6e31e16199cf8a18e6ab9cea80953d85a607ad7fad5d99f474eba2252b12512c8346ec2f2a9389888a4e639e5c96ef54101d5ba38fe565ce9a06e6dc85297d2a13e1bf5ff55224d8403a2ec90d589a54731eab4e02b0e145a574d1aefa59343b8fda760d2ab9d5cb311e28424551a0dc5c6397c8b34c031f2fa8102f475ad62bc5f6018e9280d	1280	18	0	0	1701191712	0	4	320	160	215,23,153,170	222,30,160,177	82,89,197,45
synthetic_4_25	0400a5a5000000000000000000000000000000000000000000000000000000000000000000000000090000000200000000000000730000000000000000000000000000002d00000000000300000001000000000030010000000000000000ffff0000000000000000000001000000ffff0000000000000000000002000000ffff0000000000000000000004000000ffff0000000000000000000005000000ffff0000000000000000000006000000ffff0000000000000000000062610000ffff111111110d00000022222222490000003703601b69026f439ed6ff0cd5938dce71403dfe5614b5a2a7804e88774f1b7b6df3c923c95339f7c8fd8a9503880cc2bd147dde9d11af79efae043375ac1b3b1521b6ed7d007ebb6003b4096578eadbfb6e934cb59679e57eab5b0105e848c67fa19b87768228a5f5c6e6c865af8149e6fb7f75c468ccdb2dea18de063645f4c20d2f1ea6eb5fc3fce8f6852176fdc0ca1a49466933132436749e6ac0b9b1ee6d54460371cdffbd6074e36a00d8e35111c2aa873cdcd644b2786d3dcdcf911ebd8a2e299ff5ca059a6774141f642a8acd5c9f570af5c203fae9baea89690385e862b102d1a42b0c598146646121f2b070e0e9077526ea79c35e40d32c951b50	2148	5	7	1	1633820704	1	4	537	-	239,79,205,134	250,208,42,208	243,83,209,138
synthetic_4_26	0400a5a500000000000000000000000000000000000000000000000000000000000000000000000009000000020000000000000073000000000000000000ffff000000002d000000000003000000ffff0000000030010000000000000000ffff0000000000000000000001000000ffff0000000000000000000002000000ffff0000000000000000000004000000ffff0000000000000000000005000000ffff0000000000000000000006000000ffff0000000000000000000062610000ffff111111110d00000022222222490000003703601b69026f439ed6ff0cd5938dce71403dfe5614b5a2a7804e88774f1b7b6df3c923c95339f7c8fd8a9503880cc2bd147dde9d11af79efae043375ac1b3b1521b6ed7d007ebb6003b4096578eadbfb6e934cb59679e57eab5b0105e848c67fa19b87768228a5f5c6e6c865af8149e6fb7f75c468ccdb2dea18de063645f4c20d2f1ea6eb5fc3fce8f6852176fdc0ca1a49466933132436749e6ac0b9b1ee6d54460371cdffbd6074e36a00d8e35111c2aa873cdcd644b2786d3dcdcf911ebd8a2e299ff5ca059a6774141f642a8acd5c9f570af5c203fae9baea89690385e862b102d1a42b0c598146646121f2b070e0e9077526ea79c35e40d32c951b50	5622	2147483647	4294967294	65535	2054823968	2	4	1405	-	4294967290,4294967291,4294967292,4294967293	3,4,5,6	7,8,9,10
synthetic_4_27	0400a5a5000000000000000000000000000000000000000000000000000000000000000000000000090000000200000000000000730000000000000000000000000000002d00000000000300000001000000000030010000000000000000ffff0000000000000000000001000000ffff0000000000000000000002000000ffff0000000000000000000004000000ffff0000000000000000000005000000ffff0000000000000000000006000000ffff0000000000000000000062610000ffff111111110d000000222222224900000059a3059bcdccddbd44d9e0ff783f60fc99088cf92a14088e28d35f4ae6c8e89f3cb62fb7e75c0b095430a87a939ff707a9d4255ad768b18378c95ca53b0941ce8dd94174d58e889bc968c6a5b04129b9fbda90d444372a176c0f6ab8d8b69f127b235299742d6bc58f101ecff41c19bdf52ab84ce48d170e06202b0abbcb5c29ec9c27d7517751d1a3d517ed61ed601d6d33015fdef9fae511f8996d79fd5b42aa0a69f93f49d23164d6a09e3069fa2cdea3b1f6e6e973949222bcd3a262b648236877d12b341b7d1715ed1e160f19fe99a3268a249ae9c464576aad893c2b241e8eeeeb6c9b4dccb98f1bc3e5a3c27b9a76bcf909887af6b7c4b56671e600c9	3838	17	4294967295	0	1987321888	0	4	959	48	217,143,211,67	225,151,219,75	248,107,40,120
synthetic_4_28	0400a5a5000000000000000000000000000000000000000000000000000000000000000000000000090000000200000000000000730000000000000000000000000000002d00000000000300000001000000000030010000000000000000ffff0000000000000000000001000000ffff0000000000000000000002000000ffff0000000000000000000004000000ffff0000000000000000000005000000ffff0000000000000000000006000000ffff0000000000000000000062610000ffff111111110d00000022222222490000004fe9d3452d96d2a19f882f2298ba28dcbde207b7c1006087a7c7677c7c62badf6b1a061159afd238fa6fe2b93308b50f7aae37b1cb93e696eba25dee3f1a31fc87e77bd794419d5623b764e5c68bbc58942bb0e65e8db1b6c641c06a33a41f01cf76ff30ef93c609e2711ba1bdaa466a6ef9718c3ea387a77665b6507f0828051f52e702a58e3f6c8e5ef30048aba10bacefbb27b46fe13f556f8df20fa6643530e55ebd4c76be068dbe4c35bc229eaeee12423287c3e80ac1853b2866f8b02ff01c1542cbb93334a7f6bb1a92b60cbde3c0186124e906de6a9a1c01859151d4efa93d9fa5f2041ffbe760f20b53851023d51cb6fdb3dcd090e5257e6382d8b9	7540	4	0	1	1852645408	1	4	1885	-	65,192,106,51	105,193,230,114	76,203,117,62
synthetic_4_29	0400a5a5000000000000000000000000000000000000000000000000000000000000000000000000090000000200000000000000730000000000000000000000000000002d00000000000300000001000000000030010000000000000000ffff0000000000000000000001000000ffff0000000000000000000002000000ffff0000000000000000000004000000ffff0000000000000000000005000000ffff0000000000000000000006000000ffff0000000000000000000062610000ffff111111110d0000002222222249000000d583f2a643b9dee8c43eb50b67e76630b0dbbe30cbbe60f2bfa1ac04e465b3cef7999689c45fca9b0d42d4a3b6bd0b9e02c5776c0044d2d545780166ad844e24694d699f001fb175fc5a43cdee572af74822958ef3fd13b039a4ca4e6f951f375e6ad12928e0016485781acd4315a4afb1a0d330bc309b62702c273d1b0621bad3e081fddd4fa5e6b4c8b12c1d6667c6ae5561fe91e0195bf0d8a99fb2b139b122f94756328f6a279cb723876c9d50c5123b8c5d919ce5fc6f4ad49077e30b61b0ba6c04c4965d9448f5c5f2f46bb686ad24860b57530ef3047f658ededf634b57bccf4178b5f21ac980ee88a7ee3bcb095e157602a1c8660c12661b883695af	5321	1	7	65535	1970675744	2	4	1330	-	11,12,13,14	226,197,55,210	98,53,258,83
synthetic_4_30	0400a5a5000000000000000000000000000000000000000000000000000000000000000000000000090000000200000000000000730000000000000000000000000000002d00000000000300000001000000000030010000000000000000ffff0000000000000000000001000000ffff0000000000000000000002000000ffff0000000000000000000004000000ffff0000000000000000000005000000ffff0000000000000000000006000000ffff0000000000000000000062610000ffff111111110d0000002222222249000000d9a1f6ca085baa119622ae0442c0b5089aaf5d208b7801d6a2efe617a29529b7333fbf7501114432ccfb66a08c5bb3d0456a68e87d9e4a42d70c36d6a3f3160cd5d7526dddb7465fca80bbae87dc15c6404ea62711e3ab89114a4dc57db5d6a78ab9eca9934bf55c69f3641cd581a9f0ad410735a1e26f5548810ae2c5be588f1e146a8466c0ba6d84a146166986b01d2ab71f8f5376f15cf46a672e9536a4acc1eff235a80808361fd34bbd3a96c801daff5531b49bab436dbcfb545db43ef1c2ed819448575595db38cf51c79857caea09900e1df02f4f5915d06c31579813a6c26d72837dc5b551be1448f279492dc302e0b276978a6c4872268849c63f16	2872	9	4294967294	0	1684414496	0	4	718	64	104,102,230,123	113,111,239,132	140,180,251,184
synthetic_4_31	0400a5a5000000000000000000000000000000000000000000000000000000000000000000000000090000000200000000000000730000000000000000000000000000002d00000000000300000001000000000030010000000000000000ffff0000000000000000000001000000ffff0000000000000000000002000000ffff0000000000000000000004000000ffff0000000000000000000005000000ffff0000000000000000000006000000ffff0000000000000000000062610000ffff111111110d00000022222222490000005bf62e5fc39939045e02ce911228ed035b523533b5145ba55b87b18af3f03622a60a9b886d2e1979a5844c7a1b01c2c350f753b608919336b4ae4b1c3cbe3c908b05be717523670c1e5601a84d25b1c7ad9d9663c49b43d97f97eb2a8173d346b52e1a90fda96e15804f14ef3a197bacc024ad735ce423a518f047e8afe0fe51369e045af0675eb78410ff0a4a1b15a5f88ed4997d0818a66671a1859bb466785ba7d922e2bc458aabe956c17baf933283e5f6cabd07203dacf59aa3dbf13b5e04790858ad6640a9bda6f789ab6cb57b546bf603f79b577090139e0ca47b024e9c9b9a6f42b1d8da4e61e4407dc72f170500b38474fe0d14451d8751495c5d09	224	17	4294967295	1	1113682789	1	4	56	-	26,20,164,247	164,157,106,203	38,32,176,259
synthetic_4_32	0400a5a5000000000000000000000000000000000000000000000000000000000000000000000000090000000200000000000000730000000000000000000000000000002d00000000000300000001000000000030010000000000000000ffff0000000000000000000001000000ffff0000000000000000000002000000ffff0000000000000000000004000000ffff0000000000000000000005000000ffff0000000000000000000006000000ffff0000000000000000000062610000ffff111111110d0000002222222249000000b86d6ecebd00d84c0d2d360af6ae92ae3d984e4cd60f713ddc499f31659d0364ee39f75a2b3b58321781c5a7d479fb3795e09baade45a181a1c77ed64498e0bc4604b641a123c1cb441a37afc14b376156f49bed14dd897de04e02c0b997fd7540d3bbc8d0d6041df715e5572890d9a8f1840e93c704ff61f9980e23eb79046ac90fe5a366c26305b9f5ddc7dcbb6bf1242bda42ead1795e74e41b0652a5a256967094c4c3cdae501c8bbb70f4ec38ce9cee6113f865c79a98e838f451240bcb5dcab156af87a052e1d79ab9bb4a7685ae0542a969229e609ad44afbc33943d8f1497d657448cba3eaeed75391fd43984e2b9b053ed55e6940930f3998f3a40e	9245	0	0	65535	1886527520	2	4	2311	-	0,1,2,3	181,153,181,68	37,66,186,204
synthetic_4_33	0400a5a5000000000000000000000000000000000000000000000000000000000000000000000000090000000200000000000000730000000000000000000000000000002d00000000000300000001000000000030010000000000000000ffff0000000000000000000001000000ffff0000000000000000000002000000ffff0000000000000000000004000000ffff0000000000000000000005000000ffff0000000000000000000006000000ffff0000000000000000000062610000ffff111111110d0000002222222249000000a34467e945e09125d55df97604decb02906f90bc1e00073c8c00399a94c5c9f27f3a509610d3030ef221c72641c661bd1ba772bbfe89d57ad60df272847a90e487adae488670e51bce0c63dfe7c3fab237d4a9243bb714b987ca49b22cf0176425d867e5b346ae120e41a2f51e9de2e66fffef9560de097a2ee9f6ac55c2a43804938ecacf09ab52307e08afc596731316c45fadb27da75fc3bb7ad3bba2e223e783b47f69a00910cacab4933fe2eaa015ced8106af07d8591b347b1a1d32b5b2dba97792c8dd135cefc951b6866bc31fad660f811fa55f11889fb22b59710da9f3938faa0033c789ec2e22759ff11a014e3cd3a7afa8faa44be605b7736efc7	9600	3	7	0	1701191712	0	4	2400	160	7,64,161,155	7,64,161,155	194,31,196,146
synthetic_4_34	0400a5a5000000000000000000000000000000000000000000000000000000000000000000000000090000000200000000000000730000000000000000000000000000002d00000000000300000001000000000030010000000000000000ffff0000000000000000000001000000ffff0000000000000000000002000000ffff0000000000000000000004000000ffff0000000000000000000005000000ffff0000000000000000000006000000ffff0000000000000000000062610000ffff111111110d00000022222222490000006a04d54fa3d0788b028b910f62a71065b6149176a028274a58b0631d2ce80abe32fd472c24a8822b3a840c13d6c4e6a3c85f70de992cf2403ee6421574cb91a30faf3bfa12d9037eac4dd52e02f34df6f4549679eb347dbefd1a9e2d7068bd0ed07d11af5bc6b5161f45902ce927f0ca830c45dae46c423eb6fbd0455565d1b973cecfd33c39b98b6595d46bd33c9fa74511926637d606a007a7a7f728a354f4ed5548764a36cfe81489f719a8629441b669d0501419b95ee36ae26ad449d07e00e04a5102b2292e776c86eb456882b051617e2e4a26ed2adc9c6ac58839454ece77c830946b434b56d38170c88f3e4c3a2a79ebae242cd69ec557e3bad4a527	8658	10	4294967294	1	1633820704	1	4	2164	-	10,67,216,226	51,249,71,69	23,80,229,239
synthetic_4_35	0400a5a500000000000000000000000000000000000000000000000000000000000000000000000009000000020000000000000073000000000000000000ffff000000002d000000000003000000ffff0000000030010000000000000000ffff0000000000000000000001000000ffff0000000000000000000002000000ffff0000000000000000000004000000ffff0000000000000000000005000000ffff0000000000000000000006000000ffff0000000000000000000062610000ffff111111110d00000022222222490000006a04d54fa3d0788b028b910f62a71065b6149176a028274a58b0631d2ce80abe32fd472c24a8822b3a840c13d6c4e6a3c85f70de992cf2403ee6421574cb91a30faf3bfa12d9037eac4dd52e02f34df6f4549679eb347dbefd1a9e2d7068bd0ed07d11af5bc6b5161f45902ce927f0ca830c45dae46c423eb6fbd0455565d1b973cecfd33c39b98b6595d46bd33c9fa74511926637d606a007a7a7f728a354f4ed5548764a36cfe81489f719a8629441b669d0501419b95ee36ae26ad449d07e00e04a5102b2292e776c86eb456882b051617e2e4a26ed2adc9c6ac58839454ece77c830946b434b56d38170c88f3e4c3a2a79ebae242cd69ec557e3bad4a527	925	4294967295	4294967295	65535	2054823968	2	4	231	-	4294967291,4294967292,4294967293,4294967294	3,4,5,6	7,8,9,10
synthetic_4_36	0400a5a5000000000000000000000000000000000000000000000000000000000000000000000000090000000200000000000000730000000000000000000000000000002d00000000000300000001000000000030010000000000000000ffff0000000000000000000001000000ffff0000000000000000000002000000ffff0000000000000000000004000000ffff0000000000000000000005000000ffff0000000000000000000006000000ffff0000000000000000000062610000ffff111111110d0000002222222249000000371488ba5ff28a41308efce039a2d044ea0df14b2d17a84c2d635c475a0e507cda959a09763ebc58dd1fd9887b4fbbeeba04e3c69a69dc21248f273928450166e93bb3a644c3249cf292bbd043a5ee4457848114001e7ca1f4e6d24688deb703ed1ef71994b81ff59f50e6266ea8dfdaddc6c6195990c59a3682dccc6c15e5f2c8717aacf640cac2d2fce0855abb0e9568c60524f1b0f8df8671073b0aebdb97791bbdb2bb2d32f1bcdcda87af715c2a0bae27de219ed3f772a216d18288cc5455164491b9c89b5b8f1848786134ff9c1cb26ae66d9e32c0ba690f222e00f6eb4d9ca87a18c1643058fcf756e4f63fbddc61de10b8c405b174e4b41f858cc40c	6562	7	0	0	1987321888	0	4	1640	48	31,217,136,123	38,224,143,130	195,42,256,170
synthetic_4_37	0400a5a5000000000000000000000000000000000000000000000000000000000000000000000000090000000200000000000000730000000000000000000000000000002d00000000000300000001000000000030010000000000000000ffff0000000000000000000001000000ffff0000000000000000000002000000ffff0000000000000000000004000000ffff0000000000000000000005000000ffff0000000000000000000006000000ffff0000000000000000000062610000ffff111111110d00000022222222490000007bbf09637f3d087cd2461cb09f3be477df26425e73ed9f1aa1ff382840fd4e26c697f9d1ce49706662e4df6e5c87803dec6a58389697aa33be7e25013892881c895e6d42a44d082af847843ed2f9883e6c28a25556f646504a81b7d51eb0a56e9bacdbd2ebeb4efed1deaf30a01a1a941913faca46ec5c392ed43efc4deab817e3e5f4af8ac8111d91d2b2321c426de494224633e6a40f936e2019f92c7c087e507d6e58d2738cfd4473aa428465c8c416b05b89602816446c9a4d7c408c40c7d89e0e5c79d00b5b5315bdb35c76172f2bfbed5c759b3512f995840c3e22a2bd8d1f9476d4054fd477bd1a0050380db69ee741b49a6fc73dff6415b2f5130ff1	3184	5	7	1	1852645408	1	4	796	-	183,172,117,162	158,256,216,213	187,176,121,166
synthetic_4_38	0400a5a500000000000000000000000000000000000000000000000000000000000000000000000009000000020000000000000073000000000000000000ffff000000002d000000000003000000ffff0000000030010000000000000000ffff0000000000000000000001000000ffff0000000000000000000002000000ffff0000000000000000000004000000ffff0000000000000000000005000000ffff0000000000000000000006000000ffff0000000000000000000062610000ffff111111110d00000022222222490000007bbf09637f3d087cd2461cb09f3be477df26425e73ed9f1aa1ff382840fd4e26c697f9d1ce49706662e4df6e5c87803dec6a58389697aa33be7e25013892881c895e6d42a44d082af847843ed2f9883e6c28a25556f646504a81b7d51eb0a56e9bacdbd2ebeb4efed1deaf30a01a1a941913faca46ec5c392ed43efc4deab817e3e5f4af8ac8111d91d2b2321c426de494224633e6a40f936e2019f92c7c087e507d6e58d2738cfd4473aa428465c8c416b05b89602816446c9a4d7c408c40c7d89e0e5c79d00b5b5315bdb35c76172f2bfbed5c759b3512f995840c3e22a2bd8d1f9476d4054fd477bd1a0050380db69ee741b49a6fc73dff6415b2f5130ff1	1685	2147483647	4294967294	65535	1970675744	2	4	421	-	4294967290,4294967291,4294967292,4294967293	3,4,5,6	7,8,9,10
synthetic_4_39	0400a5a5000000000000000000000000000000000000000000000000000000000000000000000000090000000200000000000000730000000000000000000000000000002d00000000000300000001000000000030010000000000000000ffff0000000000000000000001000000ffff0000000000000000000002000000ffff0000000000000000000004000000ffff0000000000000000000005000000ffff0000000000000000000006000000ffff0000000000000000000062610000ffff111111110d00000022222222490000002adfff973a11a6d36de3c61a7d00dbe1938b11d95a54ac56652c463ce124bd15dd7d2fa74f7ffed882190e488199e7e9d65ef44a096e689b593ea8342c62e894acdf4cafc691b596c233c1a195ebf3ac5a42bd2f7326a83fa2cf337647ff426f2f7f4638cf799090307fa92ef749c091a54a81dd1e18201c4fdeeca2e2b02be27bddfe214beeb366fbfb5cc7edeac4150753ea8945d8fd189ba044cca86297d64890a0adf9795b66b937f85c6c28951c926443a54dd08682a94a70fe18ab457b5f873b748a2a848220b4dade66e8ec505e087f0bdd62d620d882887af819ffde6db9cdf193c9ff43e67a980736fb35e0d7d5c374cc436280243eb241ba3d0b34	651	15	4294967295	0	1684414496	0	4	162	64	50,192,160,148	58,200,168,156	249,190,113,262
alps_pr0_3_0	030002005c0000800b1b6dc3972944434ad164c552d2df410000000000000000000000000000000003000000020000000900000000000000300003000000ffff0a00000000000000c0000200000001000b00000000000000b0010000000000000100764900000000010075490c00000018031a181a120f18120f1219130b08130810130300130010	12	0	0	0	1987321888	0	3	4	80	24,3,26	24,3,26	0,1,2
alps_pr0_3_2	030002005c0000800b1b6dc3972944434ad164c552d2df410000000000000000000000000000000003000000020000000900000000000000300003000000ffff0a00000000000000c0000200000001000b00000000000000b0010000000000000100764900000000010075490c00000018031a181a120f18120f1219130b08130810130300130010	12	2	0	0	1987321888	0	3	4	80	15,24,18	15,24,18	6,7,8
alps_pr0_3_3	030002005c0000800b1b6dc3972944434ad164c552d2df410000000000000000000000000000000003000000020000000900000000000000300003000000ffff0a00000000000000c0000200000001000b00000000000000b0010000000000000100764900000000010075490c00000018031a181a120f18120f1219130b08130810130300130010	12	3	0	0	1987321888	0	3	4	80	15,18,25	15,18,25	9,10,11
alps_pr1_4_0	04000100ab000080f88daf40706000c030327040698a50410000000000000000000000000000000004000000000000000b000000a00e0000c00f00000000ffffffffffffa00e0000c00f01000000ffff0a00000050070000e00702000000ffff09000000a8030000f00303000000ffff	252	0	234	65535	1987321888	0	4	63	48	234,235,236,237	234,235,236,237	234,235,236,237
alps_pr1_4_31	04000100ab000080f88daf40706000c030327040698a50410000000000000000000000000000000004000000000000000b000000a00e0000c00f00000000ffffffffffffa00e0000c00f01000000ffff0a00000050070000e00702000000ffff09000000a8030000f00303000000ffff	252	31	234	65535	1987321888	0	4	63	48	358,359,360,361	358,359,360,361	358,359,360,361
alps_pr1_4_62	04000100ab000080f88daf40706000c030327040698a50410000000000000000000000000000000004000000000000000b000000a00e0000c00f00000000ffffffffffffa00e0000c00f01000000ffff0a00000050070000e00702000000ffff09000000a8030000f00303000000ffff	252	62	234	65535	1987321888	0	4	63	48	482,483,484,485	482,483,484,485	482,483,484,485
alps_pr2_1_0	010002023c00008070ec113f0b0feb3edec6393e663d16400000000000000000000000000000000003000000020000000900000070050000480003000000ffff0a0000000802000058000200000001000b00000000000000e004000000000000010076490000000001007549120000000c3c2f3c063a1d3a1e3a363a163a013a383c00050a050402010207020902060208020305	18	0	0	0	1987321888	0	3	16	80	12,60,47	12,60,47	348,349,350
alps_pr2_1_8	010002023c00008070ec113f0b0feb3edec6393e663d16400000000000000000000000000000000003000000020000000900000070050000480003000000ffff0a0000000802000058000200000001000b00000000000000e004000000000000010076490000000001007549120000000c3c2f3c063a1d3a1e3a363a163a013a383c00050a050402010207020902060208020305	18	8	0	0	1987321888	0	3	16	80	30,58,54	30,58,54	356,357,358
alps_pr2_1_15	010002023c00008070ec113f0b0feb3edec6393e663d16400000000000000000000000000000000003000000020000000900000070050000480003000000ffff0a0000000802000058000200000001000b00000000000000e004000000000000010076490000000001007549120000000c3c2f3c063a1d3a1e3a363a163a013a383c00050a050402010207020902060208020305	18	15	0	0	1987321888	0	3	16	80	58,56,60	58,56,60	363,364,365
autobahn_pr0_3_0	030002020a000080e2fe1045d859e1c183957c45eb0114410000000000000000000000000000000003000000020000000900000000000000080103000000ffff0a0000000000000028010200000001000b00000000000000f000000000000000010076490000000001007549420000000c0d0e06050e09020d020e0d02060e090c01010c0e010e0501050b010b0706020a060a0805060805080b0b080a0b0a0703000c030c0904030904090d00040d000d0c1c040200091b16140c140f0c14000f12131a1a13201a201803000e030e11101501100100170d0a170a071d23241d241e2206052205191f06051f052108060508050b	66	0	0	0	1987321888	0	3	22	80	12,13,14	12,13,14	0,1,2
autobahn_pr0_3_11	030002020a000080e2fe1045d859e1c183957c45eb0114410000000000000000000000000000000003000000020000000900000000000000080103000000ffff0a0000000000000028010200000001000b00000000000000f000000000000000010076490000000001007549420000000c0d0e06050e09020d020e0d02060e090c01010c0e010e0501050b010b0706020a060a0805060805080b0b080a0b0a0703000c030c0904030904090d00040d000d0c1c040200091b16140c140f0c14000f12131a1a13201a201803000e030e11101501100100170d0a170a071d23241d241e2206052205191f06051f052108060508050b	66	11	0	0	1987321888	0	3	22	80	6,10,8	6,10,8	33,34,35
autobahn_pr0_3_21	030002020a000080e2fe1045d859e1c183957c45eb0114410000000000000000000000000000000003000000020000000900000000000000080103000000ffff0a0000000000000028010200000001000b00000000000000f000000000000000010076490000000001007549420000000c0d0e06050e09020d020e0d02060e090c01010c0e010e0501050b010b0706020a060a0805060805080b0b080a0b0a0703000c030c0904030904090d00040d000d0c1c040200091b16140c140f0c14000f12131a1a13201a201803000e030e11101501100100170d0a170a071d23241d241e2206052205191f06051f052108060508050b	66	21	0	0	1987321888	0	3	22	80	0,13,12	0,13,12	63,64,65
autobahn_pr1_4_0	040002005a000080c67e963ac0dec8bfe42850c2a147f0400000000000000000000000000000000004000000000000000b00000040050000800f00000000ffffffffffff40050000800f01000000ffff0a000000a0020000c00702000000ffff0900000050010000e00303000000ffff	248	0	84	65535	1987321888	0	4	62	48	84,85,86,87	84,85,86,87	84,85,86,87
autobahn_pr1_4_31	040002005a000080c67e963ac0dec8bfe42850c2a147f0400000000000000000000000000000000004000000000000000b00000040050000800f00000000ffffffffffff40050000800f01000000ffff0a000000a0020000c00702000000ffff0900000050010000e00303000000ffff	248	31	84	65535	1987321888	0	4	62	48	208,209,210,211	208,209,210,211	208,209,210,211
autobahn_pr1_4_61	040002005a000080c67e963ac0dec8bfe42850c2a147f0400000000000000000000000000000000004000000000000000b00000040050000800f00000000ffffffffffff40050000800f01000000ffff0a000000a0020000c00702000000ffff0900000050010000e00303000000ffff	248	61	84	65535	1987321888	0	4	62	48	328,329,330,331	328,329,330,331	328,329,330,331
autobahn_pr2_1_0	010002001e000080b6ae9244e68653c26a97dc448ff90e4200000000000000000000000000000000030000000200000009000000d0080000280003000000ffff0a00000000000000e8010200000001000b0000000000000010070000000000000100764900000000010075490a0000006d22290629284746100f2e2c003000022829090a	10	0	0	0	1987321888	0	3	8	80	109,34,41	109,34,41	564,565,566
autobahn_pr2_1_4	010002001e000080b6ae9244e68653c26a97dc448ff90e4200000000000000000000000000000000030000000200000009000000d0080000280003000000ffff0a00000000000000e8010200000001000b0000000000000010070000000000000100764900000000010075490a0000006d22290629284746100f2e2c003000022829090a	10	4	0	0	1987321888	0	3	8	80	41,40,71	41,40,71	568,569,570
autobahn_pr2_1_7	010002001e000080b6ae9244e68653c26a97dc448ff90e4200000000000000000000000000000000030000000200000009000000d0080000280003000000ffff0a00000000000000e8010200000001000b0000000000000010070000000000000100764900000000010075490a0000006d22290629284746100f2e2c003000022829090a	10	7	0	0	1987321888	0	3	8	80	70,16,15	70,16,15	571,572,573
canyon_pr0_3_0	0300010297000080645081c4b386db42d2dd99c445bfd13e0000000000000000000000000000000003000000020000000900000000000000300003000000ffff0a0000000000000020000200000001000b0000000000000080000000000000000100764900000000010075490c000000060001010706030504040203020001010302020001010302	12	0	0	0	1987321888	0	3	4	80	6,0,1	6,0,1	0,1,2
canyon_pr0_3_2	0300010297000080645081c4b386db42d2dd99c445bfd13e0000000000000000000000000000000003000000020000000900000000000000300003000000ffff0a0000000000000020000200000001000b0000000000000080000000000000000100764900000000010075490c000000060001010706030504040203020001010302020001010302	12	2	0	0	1987321888	0	3	4	80	3,5,4	3,5,4	6,7,8
canyon_pr0_3_3	0300010297000080645081c4b386db42d2dd99c445bfd13e0000000000000000000000000000000003000000020000000900000000000000300003000000ffff0a0000000000000020000200000001000b0000000000000080000000000000000100764900000000010075490c000000060001010706030504040203020001010302020001010302	12	3	0	0	1987321888	0	3	4	80	4,2,3	4,2,3	9,10,11
canyon_pr1_1_0	0100020038000080ff5ba1c497abc1422693aec41713df4100000000000000000000000000000000030000000200000009000000e4030000280003000000ffff0a0000006003000038000200000001000b0000000000000040050000000000000100764900000000010075490a0000000b0906092f093b09192d06020102040205020300	10	0	0	0	1987321888	0	3	8	80	11,9,6	11,9,6	249,250,251
canyon_pr1_1_4	0100020038000080ff5ba1c497abc1422693aec41713df4100000000000000000000000000000000030000000200000009000000e4030000280003000000ffff0a0000006003000038000200000001000b0000000000000040050000000000000100764900000000010075490a0000000b0906092f093b09192d06020102040205020300	10	4	0	0	1987321888	0	3	8	80	47,9,59	47,9,59	253,254,255
canyon_pr1_1_7	0100020038000080ff5ba1c497abc1422693aec41713df4100000000000000000000000000000000030000000200000009000000e4030000280003000000ffff0a0000006003000038000200000001000b0000000000000040050000000000000100764900000000010075490a0000000b0906092f093b09192d06020102040205020300	10	7	0	0	1987321888	0	3	8	80	9,25,45	9,25,45	256,257,258
canyon_pr0_4_0	040001005400008020f2163dffa71b408cdd2b3c8cea873f0000000000000000000000000000000004000000000000000b00000040000000400000000000ffffffffffff40000000400001000000ffff0a00000020000000200002000000ffff0900000010000000100003000000ffff	4	0	4	65535	1987321888	0	4	1	48	4,5,6,7	4,5,6,7	4,5,6,7
castle_pr0_3_0	030001021301008086a727c3678c7d42f80a2dc5ab308b3f0000000000000000000000000000000003000000020000000900000000000000600003000000ffff0a0000000000000020000200000001000b00000000000000800000000000000001007649000000000100754918000000030706030602010302010200040100040005070405070506000203000301000203000301000203000301000203000301	24	0	0	0	1987321888	0	3	8	80	3,7,6	3,7,6	0,1,2
castle_pr0_3_4	030001021301008086a727c3678c7d42f80a2dc5ab308b3f0000000000000000000000000000000003000000020000000900000000000000600003000000ffff0a0000000000000020000200000001000b00000000000000800000000000000001007649000000000100754918000000030706030602010302010200040100040005070405070506000203000301000203000301000203000301000203000301	24	4	0	0	1987321888	0	3	8	80	4,1,0	4,1,0	12,13,14
castle_pr0_3_7	030001021301008086a727c3678c7d42f80a2dc5ab308b3f0000000000000000000000000000000003000000020000000900000000000000600003000000ffff0a0000000000000020000200000001000b00000000000000800000000000000001007649000000000100754918000000030706030602010302010200040100040005070405070506000203000301000203000301000203000301000203000301	24	7	0	0	1987321888	0	3	8	80	7,5,6	7,5,6	21,22,23
castle_pr4_1_0	010002006200008083e18cc4b03bcc42a2f9fec4a530c54100000000000000000000000000000000030000000200000009000000c0030000480003000000ffff0a00000000000000c8020200000001000b000000100300007002000000000000010076490000000001007549120000001e1f11131c1d191b14150b0d252603050807050025243534252405002524353425240500	18	0	49	0	1987321888	0	3	16	80	79,80,66	79,80,66	240,241,242
castle_pr4_1_8	010002006200008083e18cc4b03bcc42a2f9fec4a530c54100000000000000000000000000000000030000000200000009000000c0030000480003000000ffff0a00000000000000c8020200000001000b000000100300007002000000000000010076490000000001007549120000001e1f11131c1d191b14150b0d252603050807050025243534252405002524353425240500	18	8	49	0	1987321888	0	3	16	80	69,70,60	69,70,60	248,249,250
castle_pr4_1_15	010002006200008083e18cc4b03bcc42a2f9fec4a530c54100000000000000000000000000000000030000000200000009000000c0030000480003000000ffff0a00000000000000c8020200000001000b000000100300007002000000000000010076490000000001007549120000001e1f11131c1d191b14150b0d252603050807050025243534252405002524353425240500	18	15	49	0	1987321888	0	3	16	80	54,57,56	54,57,56	255,256,257
castle_pr0_4_0	04000200f30000803ce6e13f53a8adbef6e9af3e21ca97400000000000000000000000000000000004000000000000000b00000000000000000200000000ffffffffffff00000000000201000000ffff0a00000000000000000102000000ffff0900000000000000800003000000ffff	32	0	0	65535	1987321888	0	4	8	48	0,1,2,3	0,1,2,3	0,1,2,3
castle_pr0_4_4	04000200f30000803ce6e13f53a8adbef6e9af3e21ca97400000000000000000000000000000000004000000000000000b00000000000000000200000000ffffffffffff00000000000201000000ffff0a00000000000000000102000000ffff0900000000000000800003000000ffff	32	4	0	65535	1987321888	0	4	8	48	16,17,18,19	16,17,18,19	16,17,18,19
castle_pr0_4_7	04000200f30000803ce6e13f53a8adbef6e9af3e21ca97400000000000000000000000000000000004000000000000000b00000000000000000200000000ffffffffffff00000000000201000000ffff0a00000000000000000102000000ffff0900000000000000800003000000ffff	32	7	0	65535	1987321888	0	4	8	48	28,29,30,31	28,29,30,31	28,29,30,31
coastal_pr0_3_0	0300020023000080da3d12455048a44223c2d544ca00294200000000000000000000000000000000030000000200000009000000740100008c0103000000ffff0a0000000000000078010200000001000b000000d0010000b0020000000000000100764900000000010075496300000028090c0709280c051a0c06050c200609200c131006100806230a010926020919261412151f0c111e282715072424072824281e27280c270c1f1a0b111a110c050608050829062023062313200d0a200a2309020d090d2007251907190915122515250726272b2227262b1a2c2b1b1a2b251b1c252b12111b11131b16291027192a272e1901240b022b0008260705220604222604260807262b072b022c28002c002b1a1b131a130f1b25161b16122520292529161c2a201c202522212e222e270b24210b2122	99	0	29	0	1987321888	0	3	33	80	69,38,41	69,38,41	93,94,95
coastal_pr0_3_16	0300020023000080da3d12455048a44223c2d544ca00294200000000000000000000000000000000030000000200000009000000740100008c0103000000ffff0a0000000000000078010200000001000b000000d0010000b0020000000000000100764900000000010075496300000028090c0709280c051a0c06050c200609200c131006100806230a010926020919261412151f0c111e282715072424072824281e27280c270c1f1a0b111a110c050608050829062023062313200d0a200a2309020d090d2007251907190915122515250726272b2227262b1a2c2b1b1a2b251b1c252b12111b11131b16291027192a272e1901240b022b0008260705220604222604260807262b072b022c28002c002b1a1b131a130f1b25161b16122520292529161c2a201c202522212e222e270b24210b2122	99	16	29	0	1987321888	0	3	33	80	65,69,59	65,69,59	141,142,143
coastal_pr0_3_32	0300020023000080da3d12455048a44223c2d544ca00294200000000000000000000000000000000030000000200000009000000740100008c0103000000ffff0a0000000000000078010200000001000b000000d0010000b0020000000000000100764900000000010075496300000028090c0709280c051a0c06050c200609200c131006100806230a010926020919261412151f0c111e282715072424072824281e27280c270c1f1a0b111a110c050608050829062023062313200d0a200a2309020d090d2007251907190915122515250726272b2227262b1a2c2b1b1a2b251b1c252b12111b11131b16291027192a272e1901240b022b0008260705220604222604260807262b072b022c28002c002b1a1b131a130f1b25161b16122520292529161c2a201c202522212e222e270b24210b2122	99	32	29	0	1987321888	0	3	33	80	50,66,36	50,66,36	189,190,191
coastal_pr0_4_0	04000200c9000080368e63bf5655d53f368ee33ed0e40c410000000000000000000000000000000004000000000000000900000080000000800100000000ffffffffffff80000000800101000000ffff0800000040000000c00002000000ffffffffffff20000000600003000000ffff	24	0	8	65535	1987321888	0	4	6	48	8,9,10,11	8,9,10,11	8,9,10,11
coastal_pr0_4_3	04000200c9000080368e63bf5655d53f368ee33ed0e40c410000000000000000000000000000000004000000000000000900000080000000800100000000ffffffffffff80000000800101000000ffff0800000040000000c00002000000ffffffffffff20000000600003000000ffff	24	3	8	65535	1987321888	0	4	6	48	20,21,22,23	20,21,22,23	20,21,22,23
coastal_pr0_4_5	04000200c9000080368e63bf5655d53f368ee33ed0e40c410000000000000000000000000000000004000000000000000900000080000000800100000000ffffffffffff80000000800101000000ffff0800000040000000c00002000000ffffffffffff20000000600003000000ffff	24	5	8	65535	1987321888	0	4	6	48	28,29,30,31	28,29,30,31	28,29,30,31
coastal_pr1_1_0	0100020023000080367e56c2ea670d438ecad1c31647c4420000000000000000000000000000000003000000020000000900000038010000700003000000ffff0a00000000000000f0010200000001000b00000000000000e0020000000000000100764900000000010075491c00000001191b2921291f291a191a181a0b1a021f020802140211022402160b2a362b302f3027302136213c2129212027202c201620152014201229	28	0	0	0	1987321888	0	3	26	80	1,25,27	1,25,27	78,79,80
coastal_pr1_1_13	0100020023000080367e56c2ea670d438ecad1c31647c4420000000000000000000000000000000003000000020000000900000038010000700003000000ffff0a00000000000000f0010200000001000b00000000000000e0020000000000000100764900000000010075491c00000001191b2921291f291a191a181a0b1a021f020802140211022402160b2a362b302f3027302136213c2129212027202c201620152014201229	28	13	0	0	1987321888	0	3	26	80	11,26,2	11,26,2	91,92,93
coastal_pr1_1_25	0100020023000080367e56c2ea670d438ecad1c31647c4420000000000000000000000000000000003000000020000000900000038010000700003000000ffff0a00000000000000f0010200000001000b00000000000000e0020000000000000100764900000000010075491c00000001191b2921291f291a191a181a0b1a021f020802140211022402160b2a362b302f3027302136213c2129212027202c201620152014201229	28	25	0	0	1987321888	0	3	26	80	2,22,11	2,22,11	103,104,105
farmland_pr0_3_0	0300020076000080505c5ec5d4688ac0b64233c3e9c7dd410000000000000000000000000000000003000000020000000900000000000000b00103000000ffff0a0000000000000068010200000001000b0000000000000040020000000000000100764900000000010075496c00000003221a031a1f0d00220d220311150011000d1712151715111421121412171b04211b21140c01040c041b0f16010f010c180e1d181d0a0b130e0b0e1820091320130b1e05091e092002070502051e1908071907020610080608190106190119041c23101c1006161c061606011a03001a001617010317031a1902011901171b22241b24191c201f1c1f1b1d26231d231c1e28251e251d182b2c182c1e11080411040d0e05080e081110070510050e120907120710130a09130912140b0a140a13150c0b150b1421151421142a0f060c0f0c15290f15291527	108	0	0	0	1987321888	0	3	36	80	3,34,26	3,34,26	0,1,2
farmland_pr0_3_18	0300020076000080505c5ec5d4688ac0b64233c3e9c7dd410000000000000000000000000000000003000000020000000900000000000000b00103000000ffff0a0000000000000068010200000001000b0000000000000040020000000000000100764900000000010075496c00000003221a031a1f0d00220d220311150011000d1712151715111421121412171b04211b21140c01040c041b0f16010f010c180e1d181d0a0b130e0b0e1820091320130b1e05091e092002070502051e1908071907020610080608190106190119041c23101c1006161c061606011a03001a001617010317031a1902011901171b22241b24191c201f1c1f1b1d26231d231c1e28251e251d182b2c182c1e11080411040d0e05080e081110070510050e120907120710130a09130912140b0a140a13150c0b150b1421151421142a0f060c0f0c15290f15291527	108	18	0	0	1987321888	0	3	36	80	11,19,14	11,19,14	54,55,56
farmland_pr0_3_35	0300020076000080505c5ec5d4688ac0b64233c3e9c7dd410000000000000000000000000000000003000000020000000900000000000000b00103000000ffff0a0000000000000068010200000001000b0000000000000040020000000000000100764900000000010075496c00000003221a031a1f0d00220d220311150011000d1712151715111421121412171b04211b21140c01040c041b0f16010f010c180e1d181d0a0b130e0b0e1820091320130b1e05091e092002070502051e1908071907020610080608190106190119041c23101c1006161c061606011a03001a001617010317031a1902011901171b22241b24191c201f1c1f1b1d26231d231c1e28251e251d182b2c182c1e11080411040d0e05080e081110070510050e120907120710130a09130912140b0a140a13150c0b150b1421151421142a0f060c0f0c15290f15291527	108	35	0	0	1987321888	0	3	36	80	22,6,1	22,6,1	105,106,107
farmland_pr1_1_0	0100020073000080ebda4cc563fe3c3f9c749640857412420000000000000000000000000000000003000000020000000900000060060000500003000000ffff0a0000000000000018040200000001000b00000000000000e005000000000000010076490000000001007549140000005a5607560e563d3f3d27185d264b2603261e563f775379537c534d364d76803f6364636663655336	20	0	0	0	1987321888	0	3	18	80	90,86,7	90,86,7	408,409,410
farmland_pr1_1_9	0100020073000080ebda4cc563fe3c3f9c749640857412420000000000000000000000000000000003000000020000000900000060060000500003000000ffff0a0000000000000018040200000001000b00000000000000e005000000000000010076490000000001007549140000005a5607560e563d3f3d27185d264b2603261e563f775379537c534d364d76803f6364636663655336	20	9	0	0	1987321888	0	3	18	80	39,24,93	39,24,93	417,418,419
farmland_pr1_1_17	0100020073000080ebda4cc563fe3c3f9c749640857412420000000000000000000000000000000003000000020000000900000060060000500003000000ffff0a0000000000000018040200000001000b00000000000000e005000000000000010076490000000001007549140000005a5607560e563d3f3d27185d264b2603261e563f775379537c534d364d76803f6364636663655336	20	17	0	0	1987321888	0	3	18	80	30,86,63	30,86,63	425,426,427
farmland_pr1_4_0	040001005d000080363d90be9847ca3f1e266a3e8cc025400000000000000000000000000000000004000000000000000b00000080010000c00900000000ffffffffffff80010000c00901000000ffff0a000000c0000000e00402000000ffff0900000060000000700203000000ffff	156	0	24	65535	1987321888	0	4	39	48	24,25,26,27	24,25,26,27	24,25,26,27
farmland_pr1_4_19	040001005d000080363d90be9847ca3f1e266a3e8cc025400000000000000000000000000000000004000000000000000b00000080010000c00900000000ffffffffffff80010000c00901000000ffff0a000000c0000000e00402000000ffff0900000060000000700203000000ffff	156	19	24	65535	1987321888	0	4	39	48	100,101,102,103	100,101,102,103	100,101,102,103
farmland_pr1_4_38	040001005d000080363d90be9847ca3f1e266a3e8cc025400000000000000000000000000000000004000000000000000b00000080010000c00900000000ffffffffffff80010000c00901000000ffff0a000000c0000000e00402000000ffff0900000060000000700203000000ffff	156	38	24	65535	1987321888	0	4	39	48	176,177,178,179	176,177,178,179	176,177,178,179
foothills_pr0_3_0	0300020024000080835e1745965f6243b0fac0c4868c34420000000000000000000000000000000003000000020000000900000018030000980103000000ffff0a0000002000000008020200000001000b000000000000006003000000000000010076490000000001007549660000001b022f2f02250d1a080d082d04081a041a3502043502350125020125011c1f151a1f1a0d351a153515300135300130311c01311c312e072b1807180017182b172b2733172733271005331005100e2d082b2d2b07272b082708041027041004020e10020e021b271b36361b2e29391629162b10163910392f1b102f1b2f3a2e1b3a2e3a2a0005390039292f39052f05063a2f063a06012a3a012a010326340d260d090f0d340f34130b0f130b13350e0b350e35282b16342b342613341613161035131035101b28351b281b27	102	0	0	0	1987321888	0	3	34	80	27,2,47	27,2,47	198,199,200
foothills_pr0_3_17	0300020024000080835e1745965f6243b0fac0c4868c34420000000000000000000000000000000003000000020000000900000018030000980103000000ffff0a0000002000000008020200000001000b000000000000006003000000000000010076490000000001007549660000001b022f2f02250d1a080d082d04081a041a3502043502350125020125011c1f151a1f1a0d351a153515300135300130311c01311c312e072b1807180017182b172b2733172733271005331005100e2d082b2d2b07272b082708041027041004020e10020e021b271b36361b2e29391629162b10163910392f1b102f1b2f3a2e1b3a2e3a2a0005390039292f39052f05063a2f063a06012a3a012a010326340d260d090f0d340f34130b0f130b13350e0b350e35282b16342b342613341613161035131035101b28351b281b27	102	17	0	0	1987321888	0	3	34	80	28,49,46	28,49,46	249,250,251
foothills_pr0_3_33	0300020024000080835e1745965f6243b0fac0c4868c34420000000000000000000000000000000003000000020000000900000018030000980103000000ffff0a0000002000000008020200000001000b000000000000006003000000000000010076490000000001007549660000001b022f2f02250d1a080d082d04081a041a3502043502350125020125011c1f151a1f1a0d351a153515300135300130311c01311c312e072b1807180017182b172b2733172733271005331005100e2d082b2d2b07272b082708041027041004020e10020e021b271b36361b2e29391629162b10163910392f1b102f1b2f3a2e1b3a2e3a2a0005390039292f39052f05063a2f063a06012a3a012a010326340d260d090f0d340f34130b0f130b13350e0b350e35282b16342b342613341613161035131035101b28351b281b27	102	33	0	0	1987321888	0	3	34	80	14,2,27	14,2,27	297,298,299
foothills_pr1_1_0	010002002e000080f895ac43d5eda1417e5a73c3aa61684300000000000000000000000000000000030000000200000009000000f4050000500003000000ffff0a0000009801000090010200000001000b000000000000005007000000000000010076490000000001007549140000004e4005374213424158065d062920152033724d1a241109292a1e2a2d052e062e0b033103082c300a	20	0	0	0	1987321888	0	3	18	80	78,64,5	78,64,5	381,382,383
foothills_pr1_1_9	010002002e000080f895ac43d5eda1417e5a73c3aa61684300000000000000000000000000000000030000000200000009000000f4050000500003000000ffff0a0000009801000090010200000001000b000000000000005007000000000000010076490000000001007549140000004e4005374213424158065d062920152033724d1a241109292a1e2a2d052e062e0b033103082c300a	20	9	0	0	1987321888	0	3	18	80	6,93,6	6,93,6	390,391,392
foothills_pr1_1_17	010002002e000080f895ac43d5eda1417e5a73c3aa61684300000000000000000000000000000000030000000200000009000000f4050000500003000000ffff0a0000009801000090010200000001000b000000000000005007000000000000010076490000000001007549140000004e4005374213424158065d062920152033724d1a241109292a1e2a2d052e062e0b033103082c300a	20	17	0	0	1987321888	0	3	18	80	114,77,26	114,77,26	398,399,400
foothills_pr0_4_0	040001007500008020f2163dffa71b408cdd2b3c8cea873f0000000000000000000000000000000004000000000000000b00000040000000400000000000ffffffffffff40000000400001000000ffff0a00000020000000200002000000ffff0900000010000000100003000000ffff	4	0	4	65535	1987321888	0	4	1	48	4,5,6,7	4,5,6,7	4,5,6,7
forest_pr0_3_0	0300020284000080dc3056436707d4424f1df4c27d3fd3410000000000000000000000000000000003000000020000000900000000000000800103000000ffff0a00000000000000d8000200000001000b00000000000000b00100000000000001007649000000000100754960000000180c00180005110b0c110c18040a0b040b11060f0a060a0414190f140f06020d19021914070e0d070d0217010e170e070818050805090311180318081a04111a110315060415041a121406120615100214101412160702160210131707130716160d09160912130a0d130d16150c0a150a13170e0c170c15180f0e180e1719100f190f181a11101a1019140b1114111a1604001600121301041304161503011501131705031703151806051805171907061906181a08071a071914020814081a	96	0	0	0	1987321888	0	3	32	80	24,12,0	24,12,0	0,1,2
forest_pr0_3_16	0300020284000080dc3056436707d4424f1df4c27d3fd3410000000000000000000000000000000003000000020000000900000000000000800103000000ffff0a00000000000000d8000200000001000b00000000000000b00100000000000001007649000000000100754960000000180c00180005110b0c110c18040a0b040b11060f0a060a0414190f140f06020d19021914070e0d070d0217010e170e070818050805090311180318081a04111a110315060415041a121406120615100214101412160702160210131707130716160d09160912130a0d130d16150c0a150a13170e0c170c15180f0e180e1719100f190f181a11101a1019140b1114111a1604001600121301041304161503011501131705031703151806051805171907061906181a08071a071914020814081a	96	16	0	0	1987321888	0	3	32	80	8,24,5	8,24,5	48,49,50
forest_pr0_3_31	0300020284000080dc3056436707d4424f1df4c27d3fd3410000000000000000000000000000000003000000020000000900000000000000800103000000ffff0a00000000000000d8000200000001000b00000000000000b00100000000000001007649000000000100754960000000180c00180005110b0c110c18040a0b040b11060f0a060a0414190f140f06020d19021914070e0d070d0217010e170e070818050805090311180318081a04111a110315060415041a121406120615100214101412160702160210131707130716160d09160912130a0d130d16150c0a150a13170e0c170c15180f0e180e1719100f190f181a11101a1019140b1114111a1604001600121301041304161503011501131705031703151806051805171907061906181a08071a071914020814081a	96	31	0	0	1987321888	0	3	32	80	19,7,22	19,7,22	93,94,95
forest_pr3_1_0	01000200620000809e322f44ded81343254213c4ee2e4d420000000000000000000000000000000003000000020000000900000064020000780003000000ffff0a0000000000000000020200000001000b0000004000000040040000000000000100764900000000010075491e0000001f2a082a0a260a320a1708173a173e17283231323d1409272e2726273214000a350a2909291b291a351a181a3b1a3d1b3f1b3e193c30023009301b19	30	0	4	0	1987321888	0	3	28	80	35,46,12	35,46,12	153,154,155
forest_pr3_1_14	01000200620000809e322f44ded81343254213c4ee2e4d420000000000000000000000000000000003000000020000000900000064020000780003000000ffff0a0000000000000000020200000001000b0000004000000040040000000000000100764900000000010075491e0000001f2a082a0a260a320a1708173a173e17283231323d1409272e2726273214000a350a2909291b291a351a181a3b1a3d1b3f1b3e193c30023009301b19	30	14	4	0	1987321888	0	3	28	80	66,27,44	66,27,44	167,168,169
forest_pr3_1_27	01000200620000809e322f44ded81343254213c4ee2e4d420000000000000000000000000000000003000000020000000900000064020000780003000000ffff0a0000000000000000020200000001000b0000004000000040040000000000000100764900000000010075491e0000001f2a082a0a260a320a1708173a173e17283231323d1409272e2726273214000a350a2909291b291a351a181a3b1a3d1b3f1b3e193c30023009301b19	30	27	4	0	1987321888	0	3	28	80	43,54,24	43,54,24	180,181,182
forest_pr0_4_0	040001008b00008020f2163dffa71b408cdd2b3c8cea873f0000000000000000000000000000000004000000000000000b00000040000000400000000000ffffffffffff40000000400001000000ffff0a00000020000000200002000000ffff0900000010000000100003000000ffff	4	0	4	65535	1987321888	0	4	1	48	4,5,6,7	4,5,6,7	4,5,6,7
industrial_pr0_3_0	030002021f0000809a7101bfbb17b73fe3aa81bed7dd24400000000000000000000000000000000003000000020000000e00000000000000500103000000ffff0f00000000000000480102000000010010000000000000000001000000000000010076490000000001007549540000000600020602080906080908070309070307010003010001020e0a000e00060f0e060f06090b0f090b09030a0b030a03000c040a0c0a0e0d0c0e0d0e0f050d0f050f0b04050b040b0a020107020708040c0d040d05041a1304130b1803281828260e12170e17060d15250d25270109050105011d01011d01231e1d231e2324091e24092405212219211908201f0c200c1b2122162116071f201b1f1b0214100014000a010f1c011c11	84	0	0	0	1987321888	0	3	28	80	6,0,2	6,0,2	0,1,2
industrial_pr0_3_14	030002021f0000809a7101bfbb17b73fe3aa81bed7dd24400000000000000000000000000000000003000000020000000e00000000000000500103000000ffff0f00000000000000480102000000010010000000000000000001000000000000010076490000000001007549540000000600020602080906080908070309070307010003010001020e0a000e00060f0e060f06090b0f090b09030a0b030a03000c040a0c0a0e0d0c0e0d0e0f050d0f050f0b04050b040b0a020107020708040c0d040d05041a1304130b1803281828260e12170e17060d15250d25270109050105011d01011d01231e1d231e2324091e24092405212219211908201f0c200c1b2122162116071f201b1f1b0214100014000a010f1c011c11	84	14	0	0	1987321888	0	3	28	80	10,11,3	10,11,3	42,43,44
industrial_pr0_3_27	030002021f0000809a7101bfbb17b73fe3aa81bed7dd24400000000000000000000000000000000003000000020000000e00000000000000500103000000ffff0f00000000000000480102000000010010000000000000000001000000000000010076490000000001007549540000000600020602080906080908070309070307010003010001020e0a000e00060f0e060f06090b0f090b09030a0b030a03000c040a0c0a0e0d0c0e0d0e0f050d0f050f0b04050b040b0a020107020708040c0d040d05041a1304130b1803281828260e12170e17060d15250d25270109050105011d01011d01231e1d231e2324091e24092405212219211908201f0c200c1b2122162116071f201b1f1b0214100014000a010f1c011c11	84	27	0	0	1987321888	0	3	28	80	4,13,5	4,13,5	81,82,83
industrial_pr2_1_0	01000200d300008040016cc5eaa929c2923683c53c7b28420000000000000000000000000000000003000000020000000e00000090030000480003000000ffff0f00000000000000480302000000010010000000e00300000004000000000000010076490000000001007549120000001c1f15120f0c02043b3d34312c2a23251b180b0060541f143733100e32501311613d2321	18	0	62	0	1987321888	0	3	16	80	90,93,83	90,93,83	228,229,230
industrial_pr2_1_8	01000200d300008040016cc5eaa929c2923683c53c7b28420000000000000000000000000000000003000000020000000e00000090030000480003000000ffff0f00000000000000480302000000010010000000e00300000004000000000000010076490000000001007549120000001c1f15120f0c02043b3d34312c2a23251b180b0060541f143733100e32501311613d2321	18	8	62	0	1987321888	0	3	16	80	121,123,114	121,123,114	236,237,238
industrial_pr2_1_15	01000200d300008040016cc5eaa929c2923683c53c7b28420000000000000000000000000000000003000000020000000e00000090030000480003000000ffff0f00000000000000480302000000010010000000e00300000004000000000000010076490000000001007549120000001c1f15120f0c02043b3d34312c2a23251b180b0060541f143733100e32501311613d2321	18	15	62	0	1987321888	0	3	16	80	99,89,86	99,89,86	243,244,245
industrial_pr0_4_0	04000200260000800178993f430bbfbfabe6ccbfe9da10410000000000000000000000000000000004000000000000001000000080000000000100000000ffffffffffff80000000000101000000ffff0f00000040000000800002000000ffff0e00000020000000400003000000ffff	16	0	8	65535	1987321888	0	4	4	48	8,9,10,11	8,9,10,11	8,9,10,11
industrial_pr0_4_2	04000200260000800178993f430bbfbfabe6ccbfe9da10410000000000000000000000000000000004000000000000001000000080000000000100000000ffffffffffff80000000000101000000ffff0f00000040000000800002000000ffff0e00000020000000400003000000ffff	16	2	8	65535	1987321888	0	4	4	48	16,17,18,19	16,17,18,19	16,17,18,19
industrial_pr0_4_3	04000200260000800178993f430bbfbfabe6ccbfe9da10410000000000000000000000000000000004000000000000001000000080000000000100000000ffffffffffff80000000000101000000ffff0f00000040000000800002000000ffff0e00000020000000400003000000ffff	16	3	8	65535	1987321888	0	4	4	48	20,21,22,23	20,21,22,23	20,21,22,23
monaco1_pr0_3_0	03000202050000800ef134c36a6dcdc03449bac2b65940410000000000000000000000000000000003000000020000000e00000000000000480003000000ffff0f0000000000000020000200000001001000000000000000600000000000000001007649000000000100754912000000020305020501040201040100030400030005030100030002030100030002030100030002	18	0	0	0	1987321888	0	3	6	80	2,3,5	2,3,5	0,1,2
monaco1_pr0_3_3	03000202050000800ef134c36a6dcdc03449bac2b65940410000000000000000000000000000000003000000020000000e00000000000000480003000000ffff0f0000000000000020000200000001001000000000000000600000000000000001007649000000000100754912000000020305020501040201040100030400030005030100030002030100030002030100030002	18	3	0	0	1987321888	0	3	6	80	4,1,0	4,1,0	9,10,11
monaco1_pr0_3_5	03000202050000800ef134c36a6dcdc03449bac2b65940410000000000000000000000000000000003000000020000000e00000000000000480003000000ffff0f0000000000000020000200000001001000000000000000600000000000000001007649000000000100754912000000020305020501040201040100030400030005030100030002030100030002030100030002	18	5	0	0	1987321888	0	3	6	80	3,0,5	3,0,5	15,16,17
monaco1_pr15_1_0	0100020080000080a0cd34c3ab9f723f28d8b3c26717a3420000000000000000000000000000000003000000020000000e000000e8170000300003000000ffff0f00000000000000f80702000000010010000000f00f0000100a0000000000000100764900000000010075490c0000000c0f3f419a975150535283826754f5f3a7a5bcb488877674	12	0	255	0	1987321888	0	3	10	80	267,270,318	267,270,318	1530,1531,1532
monaco1_pr15_1_5	0100020080000080a0cd34c3ab9f723f28d8b3c26717a3420000000000000000000000000000000003000000020000000e000000e8170000300003000000ffff0f00000000000000f80702000000010010000000f00f0000100a0000000000000100764900000000010075490c0000000c0f3f419a975150535283826754f5f3a7a5bcb488877674	12	5	255	0	1987321888	0	3	10	80	406,336,335	406,336,335	1535,1536,1537
monaco1_pr15_1_9	0100020080000080a0cd34c3ab9f723f28d8b3c26717a3420000000000000000000000000000000003000000020000000e000000e8170000300003000000ffff0f00000000000000f80702000000010010000000f00f0000100a0000000000000100764900000000010075490c0000000c0f3f419a975150535283826754f5f3a7a5bcb488877674	12	9	255	0	1987321888	0	3	10	80	337,386,385	337,386,385	1539,1540,1541
monaco1_pr0_4_0	040001007900008020f2163dffa71b408cdd2b3c8cea873f0000000000000000000000000000000004000000000000000b00000040000000400000000000ffffffffffff40000000400001000000ffff0a00000020000000200002000000ffff0900000010000000100003000000ffff	4	0	4	65535	1987321888	0	4	1	48	4,5,6,7	4,5,6,7	4,5,6,7
monaco2_pr0_3_0	0300020005000080c41b614333375a4190937fc2ab2038400000000000000000000000000000000003000000020000000e000000840000006c0003000000ffff0f0000001800000070000200000001001000000000000000e0000000000000000100764900000000010075491b0000000007050c00050c0506090b080908020d03090d0902030d0803080b0006070006070702000b090d0b0d0c01000801080a040305040500	27	0	0	0	1987321888	0	3	9	80	0,7,5	0,7,5	33,34,35
monaco2_pr0_3_4	0300020005000080c41b614333375a4190937fc2ab2038400000000000000000000000000000000003000000020000000e000000840000006c0003000000ffff0f0000001800000070000200000001001000000000000000e0000000000000000100764900000000010075491b0000000007050c00050c0506090b080908020d03090d0902030d0803080b0006070006070702000b090d0b0d0c01000801080a040305040500	27	4	0	0	1987321888	0	3	9	80	9,8,2	9,8,2	45,46,47
monaco2_pr0_3_8	0300020005000080c41b614333375a4190937fc2ab2038400000000000000000000000000000000003000000020000000e000000840000006c0003000000ffff0f0000001800000070000200000001001000000000000000e0000000000000000100764900000000010075491b0000000007050c00050c0506090b080908020d03090d0902030d0803080b0006070006070702000b090d0b0d0c01000801080a040305040500	27	8	0	0	1987321888	0	3	9	80	3,8,11	3,8,11	57,58,59
monaco2_pr15_1_0	0100020080000080a0cd34c3ab9f723f28d8b3c26717a3420000000000000000000000000000000003000000020000000e000000dc170000300003000000ffff0f00000000000000f00702000000010010000000f00f0000100a0000000000000100764900000000010075490c0000000c0f3f419a975251545385846552f4f2a8a6bab386857472	12	0	255	0	1987321888	0	3	10	80	267,270,318	267,270,318	1527,1528,1529
monaco2_pr15_1_5	0100020080000080a0cd34c3ab9f723f28d8b3c26717a3420000000000000000000000000000000003000000020000000e000000dc170000300003000000ffff0f00000000000000f00702000000010010000000f00f0000100a0000000000000100764900000000010075490c0000000c0f3f419a975251545385846552f4f2a8a6bab386857472	12	5	255	0	1987321888	0	3	10	80	406,337,336	406,337,336	1532,1533,1534
monaco2_pr15_1_9	0100020080000080a0cd34c3ab9f723f28d8b3c26717a3420000000000000000000000000000000003000000020000000e000000dc170000300003000000ffff0f00000000000000f00702000000010010000000f00f0000100a0000000000000100764900000000010075490c0000000c0f3f419a975251545385846552f4f2a8a6bab386857472	12	9	255	0	1987321888	0	3	10	80	338,388,387	338,388,387	1536,1537,1538
monaco2_pr0_4_0	040001007900008020f2163dffa71b408cdd2b3c8cea873f0000000000000000000000000000000004000000000000000b00000040000000400000000000ffffffffffff40000000400001000000ffff0a00000020000000200002000000ffff0900000010000000100003000000ffff	4	0	4	65535	1987321888	0	4	1	48	4,5,6,7	4,5,6,7	4,5,6,7
monaco3_pr0_3_0	030001000d000080442998c30c20cbc16893754414fa424200000000000000000000000000000000030000000200000009000000bc010000900003000000ffff0a0000007004000080000200000001000b00000040010000d008000000000000010076490000000001007549240000003563643564360735360736082307082308245e0c0d5e0d5d825e5d825d8367828367836809060709070a08090a080a0b01080b010b030d05040d040c0f0d0c0f0c0e020f0e020e00	36	0	20	0	1987321888	0	3	12	80	73,119,120	73,119,120	111,112,113
monaco3_pr0_3_6	030001000d000080442998c30c20cbc16893754414fa424200000000000000000000000000000000030000000200000009000000bc010000900003000000ffff0a0000007004000080000200000001000b00000040010000d008000000000000010076490000000001007549240000003563643564360735360736082307082308245e0c0d5e0d5d825e5d825d8367828367836809060709070a08090a080a0b01080b010b030d05040d040c0f0d0c0f0c0e020f0e020e00	36	6	20	0	1987321888	0	3	12	80	114,32,33	114,32,33	129,130,131
monaco3_pr0_3_11	030001000d000080442998c30c20cbc16893754414fa424200000000000000000000000000000000030000000200000009000000bc010000900003000000ffff0a0000007004000080000200000001000b00000040010000d008000000000000010076490000000001007549240000003563643564360735360736082307082308245e0c0d5e0d5d825e5d825d8367828367836809060709070a08090a080a0b01080b010b030d05040d040c0f0d0c0f0c0e020f0e020e00	36	11	20	0	1987321888	0	3	12	80	123,151,124	123,151,124	144,145,146
monaco3_pr4_1_0	010002002d000080183dc9c33cdbaac1ca258344289007420000000000000000000000000000000003000000020000000e000000a0050000280003000000ffff0f000000600000000005020000000100100000008001000030090000000000000100764900000000010075490a0000003e393032212352545e5f2941929384850001292a	10	0	24	0	1987321888	0	3	8	80	86,81,72	86,81,72	360,361,362
monaco3_pr4_1_4	010002002d000080183dc9c33cdbaac1ca258344289007420000000000000000000000000000000003000000020000000e000000a0050000280003000000ffff0f000000600000000005020000000100100000008001000030090000000000000100764900000000010075490a0000003e393032212352545e5f2941929384850001292a	10	4	24	0	1987321888	0	3	8	80	57,59,106	57,59,106	364,365,366
monaco3_pr4_1_7	010002002d000080183dc9c33cdbaac1ca258344289007420000000000000000000000000000000003000000020000000e000000a0050000280003000000ffff0f000000600000000005020000000100100000008001000030090000000000000100764900000000010075490a0000003e393032212352545e5f2941929384850001292a	10	7	24	0	1987321888	0	3	8	80	108,118,119	108,118,119	367,368,369
monaco3_pr0_4_0	040001006700008020f2163dffa71b408cdd2b3c8cea873f0000000000000000000000000000000004000000000000000b00000040000000400000000000ffffffffffff40000000400001000000ffff0a00000020000000200002000000ffff0900000010000000100003000000ffff	4	0	4	65535	1987321888	0	4	1	48	4,5,6,7	4,5,6,7	4,5,6,7
monaco4_pr0_3_0	030002000600008028d1f2c2a332fa4000a9d1c2a0f937400000000000000000000000000000000003000000020000000e000000840000006c0003000000ffff0f0000001800000070000200000001001000000000000000e0000000000000000100764900000000010075491b00000004070b0a040b0a0b01060d0c060c0900050600060905000c050c0d0006070006070702000b090d0b0d0c01000801080a040305040500	27	0	0	0	1987321888	0	3	9	80	4,7,11	4,7,11	33,34,35
monaco4_pr0_3_4	030002000600008028d1f2c2a332fa4000a9d1c2a0f937400000000000000000000000000000000003000000020000000e000000840000006c0003000000ffff0f0000001800000070000200000001001000000000000000e0000000000000000100764900000000010075491b00000004070b0a040b0a0b01060d0c060c0900050600060905000c050c0d0006070006070702000b090d0b0d0c01000801080a040305040500	27	4	0	0	1987321888	0	3	9	80	6,12,9	6,12,9	45,46,47
monaco4_pr0_3_8	030002000600008028d1f2c2a332fa4000a9d1c2a0f937400000000000000000000000000000000003000000020000000e000000840000006c0003000000ffff0f0000001800000070000200000001001000000000000000e0000000000000000100764900000000010075491b00000004070b0a040b0a0b01060d0c060c0900050600060905000c050c0d0006070006070702000b090d0b0d0c01000801080a040305040500	27	8	0	0	1987321888	0	3	9	80	5,12,13	5,12,13	57,58,59
monaco4_pr15_1_0	0100020082000080a0cd34c3ab9f723f28d8b3c26717a3420000000000000000000000000000000003000000020000000e000000dc170000300003000000ffff0f00000000000000e00702000000010010000000f00f0000100a0000000000000100764900000000010075490c0000000c0f3f419a975251545385846552f2f0a8a6bab386857472	12	0	255	0	1987321888	0	3	10	80	267,270,318	267,270,318	1527,1528,1529
monaco4_pr15_1_5	0100020082000080a0cd34c3ab9f723f28d8b3c26717a3420000000000000000000000000000000003000000020000000e000000dc170000300003000000ffff0f00000000000000e00702000000010010000000f00f0000100a0000000000000100764900000000010075490c0000000c0f3f419a975251545385846552f2f0a8a6bab386857472	12	5	255	0	1987321888	0	3	10	80	406,337,336	406,337,336	1532,1533,1534
monaco4_pr15_1_9	0100020082000080a0cd34c3ab9f723f28d8b3c26717a3420000000000000000000000000000000003000000020000000e000000dc170000300003000000ffff0f00000000000000e00702000000010010000000f00f0000100a0000000000000100764900000000010075490c0000000c0f3f419a975251545385846552f2f0a8a6bab386857472	12	9	255	0	1987321888	0	3	10	80	338,388,387	338,388,387	1536,1537,1538
monaco4_pr0_4_0	040001007b00008020f2163dffa71b408cdd2b3c8cea873f0000000000000000000000000000000004000000000000000b00000040000000400000000000ffffffffffff40000000400001000000ffff0a00000020000000200002000000ffff0900000010000000100003000000ffff	4	0	4	65535	1987321888	0	4	1	48	4,5,6,7	4,5,6,7	4,5,6,7
monaco5_pr0_3_0	030002026800008046eaa1c3ea0827c1fd4b99c2f5ffc7410000000000000000000000000000000003000000020000000e00000000000000800103000000ffff0f0000000000000020010200000001001000000000000000b0010000000000000100764900000000010075496000000004120a040a180c19120c120414051914190c000d0500051407150d070d000f01150f150717080117010f03100803081713041813180b1a0c041a041306140c060c1a0e00140e140616070016000e020f0702071609170f090f02110317111709041612041200011316011604031513031301051715051503061817061705071918071806081a1908190702141a021a081f0d091f091b1c0a0d1c0d1f1e0c0a1e0a1c200e0c200c1e210f0e210e2022100f220f212311102310221d0b111d1123	96	0	0	0	1987321888	0	3	32	80	4,18,10	4,18,10	0,1,2
monaco5_pr0_3_16	030002026800008046eaa1c3ea0827c1fd4b99c2f5ffc7410000000000000000000000000000000003000000020000000e00000000000000800103000000ffff0f0000000000000020010200000001001000000000000000b0010000000000000100764900000000010075496000000004120a040a180c19120c120414051914190c000d0500051407150d070d000f01150f150717080117010f03100803081713041813180b1a0c041a041306140c060c1a0e00140e140616070016000e020f0702071609170f090f02110317111709041612041200011316011604031513031301051715051503061817061705071918071806081a1908190702141a021a081f0d091f091b1c0a0d1c0d1f1e0c0a1e0a1c200e0c200c1e210f0e210e2022100f220f212311102310221d0b111d1123	96	16	0	0	1987321888	0	3	32	80	19,4,24	19,4,24	48,49,50
monaco5_pr0_3_31	030002026800008046eaa1c3ea0827c1fd4b99c2f5ffc7410000000000000000000000000000000003000000020000000e00000000000000800103000000ffff0f0000000000000020010200000001001000000000000000b0010000000000000100764900000000010075496000000004120a040a180c19120c120414051914190c000d0500051407150d070d000f01150f150717080117010f03100803081713041813180b1a0c041a041306140c060c1a0e00140e140616070016000e020f0702071609170f090f02110317111709041612041200011316011604031513031301051715051503061817061705071918071806081a1908190702141a021a081f0d091f091b1c0a0d1c0d1f1e0c0a1e0a1c200e0c200c1e210f0e210e2022100f220f212311102310221d0b111d1123	96	31	0	0	1987321888	0	3	32	80	17,23,9	17,23,9	93,94,95
monaco5_pr15_1_0	010002007e000080a0cd34c3ab9f723f28d8b3c26717a3420000000000000000000000000000000003000000020000000e000000dc170000300003000000ffff0f00000000000000e00702000000010010000000f00f0000100a0000000000000100764900000000010075490c0000000c0f3f419a975251545385846552f2f0a8a6bab386857472	12	0	255	0	1987321888	0	3	10	80	267,270,318	267,270,318	1527,1528,1529
monaco5_pr15_1_5	010002007e000080a0cd34c3ab9f723f28d8b3c26717a3420000000000000000000000000000000003000000020000000e000000dc170000300003000000ffff0f00000000000000e00702000000010010000000f00f0000100a0000000000000100764900000000010075490c0000000c0f3f419a975251545385846552f2f0a8a6bab386857472	12	5	255	0	1987321888	0	3	10	80	406,337,336	406,337,336	1532,1533,1534
monaco5_pr15_1_9	010002007e000080a0cd34c3ab9f723f28d8b3c26717a3420000000000000000000000000000000003000000020000000e000000dc170000300003000000ffff0f00000000000000e00702000000010010000000f00f0000100a0000000000000100764900000000010075490c0000000c0f3f419a975251545385846552f2f0a8a6bab386857472	12	9	255	0	1987321888	0	3	10	80	338,388,387	338,388,387	1536,1537,1538
monaco5_pr0_4_0	040001007800008020f2163dffa71b408cdd2b3c8cea873f0000000000000000000000000000000004000000000000000b00000040000000400000000000ffffffffffff40000000400001000000ffff0a00000020000000200002000000ffff0900000010000000100003000000ffff	4	0	4	65535	1987321888	0	4	1	48	4,5,6,7	4,5,6,7	4,5,6,7
skidpad_pr0_3_0	03000202390000809fe85242505515bf281a4e439999c0410000000000000000000000000000000003000000020000000900000000000000780003000000ffff0a0000000000000060000200000001000b00000000000000c0000000000000000100764900000000010075491e000000050208010205070a00060a070b030904030b0a06090a090302010002000a080a02070a08050b06030b050409010009040b03010b01090a07060a060b	30	0	0	0	1987321888	0	3	10	80	5,2,8	5,2,8	0,1,2
skidpad_pr0_3_5	03000202390000809fe85242505515bf281a4e439999c0410000000000000000000000000000000003000000020000000900000000000000780003000000ffff0a0000000000000060000200000001000b00000000000000c0000000000000000100764900000000010075491e000000050208010205070a00060a070b030904030b0a06090a090302010002000a080a02070a08050b06030b050409010009040b03010b01090a07060a060b	30	5	0	0	1987321888	0	3	10	80	4,3,11	4,3,11	15,16,17
skidpad_pr0_3_9	03000202390000809fe85242505515bf281a4e439999c0410000000000000000000000000000000003000000020000000900000000000000780003000000ffff0a0000000000000060000200000001000b00000000000000c0000000000000000100764900000000010075491e000000050208010205070a00060a070b030904030b0a06090a090302010002000a080a02070a08050b06030b050409010009040b03010b01090a07060a060b	30	9	0	0	1987321888	0	3	10	80	2,0,10	2,0,10	27,28,29
skidpad_pr0_4_0	040001003d00008020f2163dffa71b408cdd2b3c8cea873f0000000000000000000000000000000004000000000000000b00000040000000400000000000ffffffffffff40000000400001000000ffff0a00000020000000200002000000ffff0900000010000000100003000000ffff	4	0	4	65535	1987321888	0	4	1	48	4,5,6,7	4,5,6,7	4,5,6,7
skidpad_pr2_1_0	010002021100008070ec113f0b0feb3edec6393e663d16400000000000000000000000000000000003000000020000000900000070050000480003000000ffff0a0000000802000058000200000001000b00000000000000e004000000000000010076490000000001007549120000000c3c2f3c063a1d3a1e3a363a163a013a383c00050a050402010207020902060208020305	18	0	0	0	1987321888	0	3	16	80	12,60,47	12,60,47	348,349,350
skidpad_pr2_1_8	010002021100008070ec113f0b0feb3edec6393e663d16400000000000000000000000000000000003000000020000000900000070050000480003000000ffff0a0000000802000058000200000001000b00000000000000e004000000000000010076490000000001007549120000000c3c2f3c063a1d3a1e3a363a163a013a383c00050a050402010207020902060208020305	18	8	0	0	1987321888	0	3	16	80	30,58,54	30,58,54	356,357,358
skidpad_pr2_1_15	010002021100008070ec113f0b0feb3edec6393e663d16400000000000000000000000000000000003000000020000000900000070050000480003000000ffff0a0000000802000058000200000001000b00000000000000e004000000000000010076490000000001007549120000000c3c2f3c063a1d3a1e3a363a163a013a383c00050a050402010207020902060208020305	18	15	0	0	1987321888	0	3	16	80	58,56,60	58,56,60	363,364,365
