name	vx	vy	vz	nx	ny	nz	alternate	angular	old_forward	out_velocity_0	out_velocity_1	out_velocity_2	out_position_0	out_position_1	out_position_2	out_local_velocity_0	out_local_velocity_1	out_local_velocity_2	out_speed_0	out_return_0	out_wheels_0	out_wheels_1	out_wheels_2	out_wheels_3	out_wheels_4	out_wheels_5	out_wheels_6	out_wheels_7	out_wheels_8	out_wheels_9	out_wheels_10	out_wheels_11	out_resets_0	out_resets_1	out_resets_2	out_resets_3	out_resets_4	out_resets_5	out_angular_0	out_contact_field_434_0
head_on_alt0_angular0_forward19.999	-10.0	0.0	0.0	1.0	0.0	0.0	0	0	19.999000549316406	0.9980000257492065	0.0	0.0	10.125	19.75	30.5	0.9980000257492065	0.0	0.0	0.9980000257492065	30.0	40.125	50.0	60.5	40.125	50.0	60.5	40.125	50.0	60.5	40.125	50.0	60.5	9.0	9.0	9.0	9.0	7.0	8.0	0.375	1234.0
head_on_alt0_angular0_forward20.0	-10.0	0.0	0.0	1.0	0.0	0.0	0	0	20.0	0.9980000257492065	0.0	0.0	10.125	19.75	30.5	0.9980000257492065	0.0	0.0	0.9980000257492065	30.0	40.125	50.0	60.5	40.125	50.0	60.5	40.125	50.0	60.5	40.125	50.0	60.5	9.0	9.0	9.0	9.0	7.0	8.0	0.375	1234.0
head_on_alt0_angular0_forward20.001	-10.0	0.0	0.0	1.0	0.0	0.0	0	0	20.000999450683594	0.9980000257492065	0.0	0.0	10.125	19.75	30.5	0.9980000257492065	0.0	0.0	0.9980000257492065	30.0	40.125	50.0	60.5	40.125	50.0	60.5	40.125	50.0	60.5	40.125	50.0	60.5	9.0	9.0	9.0	9.0	7.0	8.0	0.375	1234.0
head_on_alt0_angular1_forward19.999	-10.0	0.0	0.0	1.0	0.0	0.0	0	1	19.999000549316406	0.9980000257492065	0.0	0.0	10.125	19.75	30.5	0.9980000257492065	0.0	0.0	0.9980000257492065	30.0	40.125	50.0	60.5	40.125	50.0	60.5	40.125	50.0	60.5	40.125	50.0	60.5	9.0	9.0	9.0	9.0	7.0	8.0	0.0	0.0
head_on_alt0_angular1_forward20.0	-10.0	0.0	0.0	1.0	0.0	0.0	0	1	20.0	0.9980000257492065	0.0	0.0	10.125	19.75	30.5	0.9980000257492065	0.0	0.0	0.9980000257492065	30.0	40.125	50.0	60.5	40.125	50.0	60.5	40.125	50.0	60.5	40.125	50.0	60.5	9.0	9.0	9.0	9.0	7.0	8.0	0.0	0.0
head_on_alt0_angular1_forward20.001	-10.0	0.0	0.0	1.0	0.0	0.0	0	1	20.000999450683594	0.9980000257492065	0.0	0.0	10.125	19.75	30.5	0.9980000257492065	0.0	0.0	0.9980000257492065	30.0	40.125	50.0	60.5	40.125	50.0	60.5	40.125	50.0	60.5	40.125	50.0	60.5	9.0	9.0	9.0	9.0	7.0	8.0	0.0	0.0
head_on_alt1_angular0_forward19.999	-10.0	0.0	0.0	1.0	0.0	0.0	1	0	19.999000549316406	0.9980000257492065	0.0	0.0	10.125	19.75	30.5	0.0	0.0	0.9980000257492065	0.9980000257492065	30.0	40.125	50.0	60.5	40.125	50.0	60.5	40.125	50.0	60.5	40.125	50.0	60.5	0.0	0.0	0.0	0.0	0.0	0.0	0.375	1234.0
head_on_alt1_angular0_forward20.0	-10.0	0.0	0.0	1.0	0.0	0.0	1	0	20.0	0.9980000257492065	0.0	0.0	10.125	19.75	30.5	0.0	0.0	0.9980000257492065	0.9980000257492065	30.0	40.125	50.0	60.5	40.125	50.0	60.5	40.125	50.0	60.5	40.125	50.0	60.5	0.0	0.0	0.0	0.0	0.0	0.0	0.375	1234.0
head_on_alt1_angular0_forward20.001	-10.0	0.0	0.0	1.0	0.0	0.0	1	0	20.000999450683594	0.9980000257492065	0.0	0.0	10.125	19.75	30.5	0.0	0.0	0.9980000257492065	0.9980000257492065	30.0	40.125	50.0	60.5	40.125	50.0	60.5	40.125	50.0	60.5	40.125	50.0	60.5	0.0	0.0	0.0	0.0	0.0	0.0	0.375	1234.0
head_on_alt1_angular1_forward19.999	-10.0	0.0	0.0	1.0	0.0	0.0	1	1	19.999000549316406	0.9980000257492065	0.0	0.0	10.125	19.75	30.5	0.0	0.0	0.9980000257492065	0.9980000257492065	30.0	40.125	50.0	60.5	40.125	50.0	60.5	40.125	50.0	60.5	40.125	50.0	60.5	0.0	0.0	0.0	0.0	0.0	0.0	0.0	0.0
head_on_alt1_angular1_forward20.0	-10.0	0.0	0.0	1.0	0.0	0.0	1	1	20.0	0.9980000257492065	0.0	0.0	10.125	19.75	30.5	0.0	0.0	0.9980000257492065	0.9980000257492065	30.0	40.125	50.0	60.5	40.125	50.0	60.5	40.125	50.0	60.5	40.125	50.0	60.5	0.0	0.0	0.0	0.0	0.0	0.0	0.0	0.0
head_on_alt1_angular1_forward20.001	-10.0	0.0	0.0	1.0	0.0	0.0	1	1	20.000999450683594	0.9980000257492065	0.0	0.0	10.125	19.75	30.5	0.0	0.0	0.9980000257492065	0.9980000257492065	30.0	40.125	50.0	60.5	40.125	50.0	60.5	40.125	50.0	60.5	40.125	50.0	60.5	0.0	0.0	0.0	0.0	0.0	0.0	0.0	0.0
departing_alt0_angular0_forward19.999	10.0	1.0	4.0	1.0	0.0	0.0	0	0	19.999000549316406	10.0	1.0	4.0	10.0	20.0	30.0	11.0	12.0	19.999000549316406	11.0	0.0	40.0	50.0	60.0	40.0	50.0	60.0	40.0	50.0	60.0	40.0	50.0	60.0	9.0	9.0	9.0	9.0	7.0	8.0	0.375	1234.0
departing_alt0_angular0_forward20.0	10.0	1.0	4.0	1.0	0.0	0.0	0	0	20.0	10.0	1.0	4.0	10.0	20.0	30.0	11.0	12.0	20.0	11.0	0.0	40.0	50.0	60.0	40.0	50.0	60.0	40.0	50.0	60.0	40.0	50.0	60.0	9.0	9.0	9.0	9.0	7.0	8.0	0.375	1234.0
departing_alt0_angular0_forward20.001	10.0	1.0	4.0	1.0	0.0	0.0	0	0	20.000999450683594	10.0	1.0	4.0	10.0	20.0	30.0	11.0	12.0	20.000999450683594	11.0	0.0	40.0	50.0	60.0	40.0	50.0	60.0	40.0	50.0	60.0	40.0	50.0	60.0	9.0	9.0	9.0	9.0	7.0	8.0	0.375	1234.0
departing_alt0_angular1_forward19.999	10.0	1.0	4.0	1.0	0.0	0.0	0	1	19.999000549316406	10.0	1.0	4.0	10.0	20.0	30.0	11.0	12.0	19.999000549316406	11.0	0.0	40.0	50.0	60.0	40.0	50.0	60.0	40.0	50.0	60.0	40.0	50.0	60.0	9.0	9.0	9.0	9.0	7.0	8.0	0.375	1234.0
departing_alt0_angular1_forward20.0	10.0	1.0	4.0	1.0	0.0	0.0	0	1	20.0	10.0	1.0	4.0	10.0	20.0	30.0	11.0	12.0	20.0	11.0	0.0	40.0	50.0	60.0	40.0	50.0	60.0	40.0	50.0	60.0	40.0	50.0	60.0	9.0	9.0	9.0	9.0	7.0	8.0	0.375	1234.0
departing_alt0_angular1_forward20.001	10.0	1.0	4.0	1.0	0.0	0.0	0	1	20.000999450683594	10.0	1.0	4.0	10.0	20.0	30.0	11.0	12.0	20.000999450683594	11.0	0.0	40.0	50.0	60.0	40.0	50.0	60.0	40.0	50.0	60.0	40.0	50.0	60.0	9.0	9.0	9.0	9.0	7.0	8.0	0.375	1234.0
departing_alt1_angular0_forward19.999	10.0	1.0	4.0	1.0	0.0	0.0	1	0	19.999000549316406	10.0	1.0	4.0	10.0	20.0	30.0	11.0	12.0	19.999000549316406	11.0	0.0	40.0	50.0	60.0	40.0	50.0	60.0	40.0	50.0	60.0	40.0	50.0	60.0	9.0	9.0	9.0	9.0	7.0	8.0	0.375	1234.0
departing_alt1_angular0_forward20.0	10.0	1.0	4.0	1.0	0.0	0.0	1	0	20.0	10.0	1.0	4.0	10.0	20.0	30.0	11.0	12.0	20.0	11.0	0.0	40.0	50.0	60.0	40.0	50.0	60.0	40.0	50.0	60.0	40.0	50.0	60.0	9.0	9.0	9.0	9.0	7.0	8.0	0.375	1234.0
departing_alt1_angular0_forward20.001	10.0	1.0	4.0	1.0	0.0	0.0	1	0	20.000999450683594	10.0	1.0	4.0	10.0	20.0	30.0	11.0	12.0	20.000999450683594	11.0	0.0	40.0	50.0	60.0	40.0	50.0	60.0	40.0	50.0	60.0	40.0	50.0	60.0	9.0	9.0	9.0	9.0	7.0	8.0	0.375	1234.0
departing_alt1_angular1_forward19.999	10.0	1.0	4.0	1.0	0.0	0.0	1	1	19.999000549316406	10.0	1.0	4.0	10.0	20.0	30.0	11.0	12.0	19.999000549316406	11.0	0.0	40.0	50.0	60.0	40.0	50.0	60.0	40.0	50.0	60.0	40.0	50.0	60.0	9.0	9.0	9.0	9.0	7.0	8.0	0.375	1234.0
departing_alt1_angular1_forward20.0	10.0	1.0	4.0	1.0	0.0	0.0	1	1	20.0	10.0	1.0	4.0	10.0	20.0	30.0	11.0	12.0	20.0	11.0	0.0	40.0	50.0	60.0	40.0	50.0	60.0	40.0	50.0	60.0	40.0	50.0	60.0	9.0	9.0	9.0	9.0	7.0	8.0	0.375	1234.0
departing_alt1_angular1_forward20.001	10.0	1.0	4.0	1.0	0.0	0.0	1	1	20.000999450683594	10.0	1.0	4.0	10.0	20.0	30.0	11.0	12.0	20.000999450683594	11.0	0.0	40.0	50.0	60.0	40.0	50.0	60.0	40.0	50.0	60.0	40.0	50.0	60.0	9.0	9.0	9.0	9.0	7.0	8.0	0.375	1234.0
stationary_alt0_angular0_forward19.999	0.0	0.0	0.0	1.0	0.0	0.0	0	0	19.999000549316406	0.0	0.0	0.0	10.0	20.0	30.0	11.0	12.0	19.999000549316406	0.0	0.0	40.0	50.0	60.0	40.0	50.0	60.0	40.0	50.0	60.0	40.0	50.0	60.0	9.0	9.0	9.0	9.0	7.0	8.0	0.375	1234.0
stationary_alt0_angular0_forward20.0	0.0	0.0	0.0	1.0	0.0	0.0	0	0	20.0	0.0	0.0	0.0	10.0	20.0	30.0	11.0	12.0	20.0	0.0	0.0	40.0	50.0	60.0	40.0	50.0	60.0	40.0	50.0	60.0	40.0	50.0	60.0	9.0	9.0	9.0	9.0	7.0	8.0	0.375	1234.0
stationary_alt0_angular0_forward20.001	0.0	0.0	0.0	1.0	0.0	0.0	0	0	20.000999450683594	0.0	0.0	0.0	10.0	20.0	30.0	11.0	12.0	20.000999450683594	0.0	0.0	40.0	50.0	60.0	40.0	50.0	60.0	40.0	50.0	60.0	40.0	50.0	60.0	9.0	9.0	9.0	9.0	7.0	8.0	0.375	1234.0
stationary_alt0_angular1_forward19.999	0.0	0.0	0.0	1.0	0.0	0.0	0	1	19.999000549316406	0.0	0.0	0.0	10.0	20.0	30.0	11.0	12.0	19.999000549316406	0.0	0.0	40.0	50.0	60.0	40.0	50.0	60.0	40.0	50.0	60.0	40.0	50.0	60.0	9.0	9.0	9.0	9.0	7.0	8.0	0.375	1234.0
stationary_alt0_angular1_forward20.0	0.0	0.0	0.0	1.0	0.0	0.0	0	1	20.0	0.0	0.0	0.0	10.0	20.0	30.0	11.0	12.0	20.0	0.0	0.0	40.0	50.0	60.0	40.0	50.0	60.0	40.0	50.0	60.0	40.0	50.0	60.0	9.0	9.0	9.0	9.0	7.0	8.0	0.375	1234.0
stationary_alt0_angular1_forward20.001	0.0	0.0	0.0	1.0	0.0	0.0	0	1	20.000999450683594	0.0	0.0	0.0	10.0	20.0	30.0	11.0	12.0	20.000999450683594	0.0	0.0	40.0	50.0	60.0	40.0	50.0	60.0	40.0	50.0	60.0	40.0	50.0	60.0	9.0	9.0	9.0	9.0	7.0	8.0	0.375	1234.0
stationary_alt1_angular0_forward19.999	0.0	0.0	0.0	1.0	0.0	0.0	1	0	19.999000549316406	0.0	0.0	0.0	10.0	20.0	30.0	11.0	12.0	19.999000549316406	0.0	0.0	40.0	50.0	60.0	40.0	50.0	60.0	40.0	50.0	60.0	40.0	50.0	60.0	9.0	9.0	9.0	9.0	7.0	8.0	0.375	1234.0
stationary_alt1_angular0_forward20.0	0.0	0.0	0.0	1.0	0.0	0.0	1	0	20.0	0.0	0.0	0.0	10.0	20.0	30.0	11.0	12.0	20.0	0.0	0.0	40.0	50.0	60.0	40.0	50.0	60.0	40.0	50.0	60.0	40.0	50.0	60.0	9.0	9.0	9.0	9.0	7.0	8.0	0.375	1234.0
stationary_alt1_angular0_forward20.001	0.0	0.0	0.0	1.0	0.0	0.0	1	0	20.000999450683594	0.0	0.0	0.0	10.0	20.0	30.0	11.0	12.0	20.000999450683594	0.0	0.0	40.0	50.0	60.0	40.0	50.0	60.0	40.0	50.0	60.0	40.0	50.0	60.0	9.0	9.0	9.0	9.0	7.0	8.0	0.375	1234.0
stationary_alt1_angular1_forward19.999	0.0	0.0	0.0	1.0	0.0	0.0	1	1	19.999000549316406	0.0	0.0	0.0	10.0	20.0	30.0	11.0	12.0	19.999000549316406	0.0	0.0	40.0	50.0	60.0	40.0	50.0	60.0	40.0	50.0	60.0	40.0	50.0	60.0	9.0	9.0	9.0	9.0	7.0	8.0	0.375	1234.0
stationary_alt1_angular1_forward20.0	0.0	0.0	0.0	1.0	0.0	0.0	1	1	20.0	0.0	0.0	0.0	10.0	20.0	30.0	11.0	12.0	20.0	0.0	0.0	40.0	50.0	60.0	40.0	50.0	60.0	40.0	50.0	60.0	40.0	50.0	60.0	9.0	9.0	9.0	9.0	7.0	8.0	0.375	1234.0
stationary_alt1_angular1_forward20.001	0.0	0.0	0.0	1.0	0.0	0.0	1	1	20.000999450683594	0.0	0.0	0.0	10.0	20.0	30.0	11.0	12.0	20.000999450683594	0.0	0.0	40.0	50.0	60.0	40.0	50.0	60.0	40.0	50.0	60.0	40.0	50.0	60.0	9.0	9.0	9.0	9.0	7.0	8.0	0.375	1234.0
tangent_alt0_angular0_forward19.999	0.0	2.0	40.0	1.0	0.0	0.0	0	0	19.999000549316406	0.0	2.0	40.0	10.0	20.0	30.0	11.0	12.0	19.999000549316406	40.0	0.0	40.0	50.0	60.0	40.0	50.0	60.0	40.0	50.0	60.0	40.0	50.0	60.0	9.0	9.0	9.0	9.0	7.0	8.0	0.375	1234.0
tangent_alt0_angular0_forward20.0	0.0	2.0	40.0	1.0	0.0	0.0	0	0	20.0	0.0	2.0	40.0	10.0	20.0	30.0	11.0	12.0	20.0	40.0	0.0	40.0	50.0	60.0	40.0	50.0	60.0	40.0	50.0	60.0	40.0	50.0	60.0	9.0	9.0	9.0	9.0	7.0	8.0	0.375	1234.0
tangent_alt0_angular0_forward20.001	0.0	2.0	40.0	1.0	0.0	0.0	0	0	20.000999450683594	0.0	2.0	40.0	10.0	20.0	30.0	11.0	12.0	20.000999450683594	40.0	0.0	40.0	50.0	60.0	40.0	50.0	60.0	40.0	50.0	60.0	40.0	50.0	60.0	9.0	9.0	9.0	9.0	7.0	8.0	0.375	1234.0
tangent_alt0_angular1_forward19.999	0.0	2.0	40.0	1.0	0.0	0.0	0	1	19.999000549316406	0.0	2.0	40.0	10.0	20.0	30.0	11.0	12.0	19.999000549316406	40.0	0.0	40.0	50.0	60.0	40.0	50.0	60.0	40.0	50.0	60.0	40.0	50.0	60.0	9.0	9.0	9.0	9.0	7.0	8.0	0.375	1234.0
tangent_alt0_angular1_forward20.0	0.0	2.0	40.0	1.0	0.0	0.0	0	1	20.0	0.0	2.0	40.0	10.0	20.0	30.0	11.0	12.0	20.0	40.0	0.0	40.0	50.0	60.0	40.0	50.0	60.0	40.0	50.0	60.0	40.0	50.0	60.0	9.0	9.0	9.0	9.0	7.0	8.0	0.375	1234.0
tangent_alt0_angular1_forward20.001	0.0	2.0	40.0	1.0	0.0	0.0	0	1	20.000999450683594	0.0	2.0	40.0	10.0	20.0	30.0	11.0	12.0	20.000999450683594	40.0	0.0	40.0	50.0	60.0	40.0	50.0	60.0	40.0	50.0	60.0	40.0	50.0	60.0	9.0	9.0	9.0	9.0	7.0	8.0	0.375	1234.0
tangent_alt1_angular0_forward19.999	0.0	2.0	40.0	1.0	0.0	0.0	1	0	19.999000549316406	0.0	2.0	40.0	10.0	20.0	30.0	11.0	12.0	19.999000549316406	40.0	0.0	40.0	50.0	60.0	40.0	50.0	60.0	40.0	50.0	60.0	40.0	50.0	60.0	9.0	9.0	9.0	9.0	7.0	8.0	0.375	1234.0
tangent_alt1_angular0_forward20.0	0.0	2.0	40.0	1.0	0.0	0.0	1	0	20.0	0.0	2.0	40.0	10.0	20.0	30.0	11.0	12.0	20.0	40.0	0.0	40.0	50.0	60.0	40.0	50.0	60.0	40.0	50.0	60.0	40.0	50.0	60.0	9.0	9.0	9.0	9.0	7.0	8.0	0.375	1234.0
tangent_alt1_angular0_forward20.001	0.0	2.0	40.0	1.0	0.0	0.0	1	0	20.000999450683594	0.0	2.0	40.0	10.0	20.0	30.0	11.0	12.0	20.000999450683594	40.0	0.0	40.0	50.0	60.0	40.0	50.0	60.0	40.0	50.0	60.0	40.0	50.0	60.0	9.0	9.0	9.0	9.0	7.0	8.0	0.375	1234.0
tangent_alt1_angular1_forward19.999	0.0	2.0	40.0	1.0	0.0	0.0	1	1	19.999000549316406	0.0	2.0	40.0	10.0	20.0	30.0	11.0	12.0	19.999000549316406	40.0	0.0	40.0	50.0	60.0	40.0	50.0	60.0	40.0	50.0	60.0	40.0	50.0	60.0	9.0	9.0	9.0	9.0	7.0	8.0	0.375	1234.0
tangent_alt1_angular1_forward20.0	0.0	2.0	40.0	1.0	0.0	0.0	1	1	20.0	0.0	2.0	40.0	10.0	20.0	30.0	11.0	12.0	20.0	40.0	0.0	40.0	50.0	60.0	40.0	50.0	60.0	40.0	50.0	60.0	40.0	50.0	60.0	9.0	9.0	9.0	9.0	7.0	8.0	0.375	1234.0
tangent_alt1_angular1_forward20.001	0.0	2.0	40.0	1.0	0.0	0.0	1	1	20.000999450683594	0.0	2.0	40.0	10.0	20.0	30.0	11.0	12.0	20.000999450683594	40.0	0.0	40.0	50.0	60.0	40.0	50.0	60.0	40.0	50.0	60.0	40.0	50.0	60.0	9.0	9.0	9.0	9.0	7.0	8.0	0.375	1234.0
glancing_alt0_angular0_forward19.999	-0.10000000149011612	2.0	40.0	1.0	0.0	0.0	0	0	19.999000549316406	0.009980005212128162	1.996000051498413	39.92000198364258	10.125	19.75	30.5	0.009980005212128162	1.996000051498413	39.92000198364258	39.9224967956543	10.006250381469727	40.125	50.0	60.5	40.125	50.0	60.5	40.125	50.0	60.5	40.125	50.0	60.5	9.0	9.0	9.0	9.0	7.0	8.0	0.375	1234.0
glancing_alt0_angular0_forward20.0	-0.10000000149011612	2.0	40.0	1.0	0.0	0.0	0	0	20.0	0.009980005212128162	1.996000051498413	39.92000198364258	10.125	19.75	30.5	0.009980005212128162	1.996000051498413	39.92000198364258	39.9224967956543	10.006250381469727	40.125	50.0	60.5	40.125	50.0	60.5	40.125	50.0	60.5	40.125	50.0	60.5	9.0	9.0	9.0	9.0	7.0	8.0	0.375	1234.0
glancing_alt0_angular0_forward20.001	-0.10000000149011612	2.0	40.0	1.0	0.0	0.0	0	0	20.000999450683594	0.009980005212128162	1.996000051498413	39.92000198364258	10.125	19.75	30.5	0.009980005212128162	1.996000051498413	39.92000198364258	39.9224967956543	10.006250381469727	40.125	50.0	60.5	40.125	50.0	60.5	40.125	50.0	60.5	40.125	50.0	60.5	9.0	9.0	9.0	9.0	7.0	8.0	0.375	1234.0
glancing_alt0_angular1_forward19.999	-0.10000000149011612	2.0	40.0	1.0	0.0	0.0	0	1	19.999000549316406	0.009980005212128162	1.996000051498413	39.92000198364258	10.125	19.75	30.5	0.009980005212128162	1.996000051498413	39.92000198364258	39.9224967956543	10.006250381469727	40.125	50.0	60.5	40.125	50.0	60.5	40.125	50.0	60.5	40.125	50.0	60.5	9.0	9.0	9.0	9.0	7.0	8.0	0.0	0.0
glancing_alt0_angular1_forward20.0	-0.10000000149011612	2.0	40.0	1.0	0.0	0.0	0	1	20.0	0.009980005212128162	1.996000051498413	39.92000198364258	10.125	19.75	30.5	0.009980005212128162	1.996000051498413	39.92000198364258	39.9224967956543	10.006250381469727	40.125	50.0	60.5	40.125	50.0	60.5	40.125	50.0	60.5	40.125	50.0	60.5	9.0	9.0	9.0	9.0	7.0	8.0	0.0	0.0
glancing_alt0_angular1_forward20.001	-0.10000000149011612	2.0	40.0	1.0	0.0	0.0	0	1	20.000999450683594	0.009980005212128162	1.996000051498413	39.92000198364258	10.125	19.75	30.5	0.009980005212128162	1.996000051498413	39.92000198364258	39.9224967956543	10.006250381469727	40.125	50.0	60.5	40.125	50.0	60.5	40.125	50.0	60.5	40.125	50.0	60.5	9.0	9.0	9.0	9.0	7.0	8.0	0.0	0.0
glancing_alt1_angular0_forward19.999	-0.10000000149011612	2.0	40.0	1.0	0.0	0.0	1	0	19.999000549316406	0.009980005212128162	1.996000051498413	39.92000198364258	10.125	19.75	30.5	-39.92000198364258	1.996000051498413	0.009980005212128162	39.9224967956543	10.006250381469727	40.125	50.0	60.5	40.125	50.0	60.5	40.125	50.0	60.5	40.125	50.0	60.5	0.0	0.0	0.0	0.0	0.0	0.0	0.375	1234.0
glancing_alt1_angular0_forward20.0	-0.10000000149011612	2.0	40.0	1.0	0.0	0.0	1	0	20.0	0.009980005212128162	1.996000051498413	39.92000198364258	10.125	19.75	30.5	-39.92000198364258	1.996000051498413	0.009980005212128162	39.9224967956543	10.006250381469727	40.125	50.0	60.5	40.125	50.0	60.5	40.125	50.0	60.5	40.125	50.0	60.5	0.0	0.0	0.0	0.0	0.0	0.0	0.375	1234.0
glancing_alt1_angular0_forward20.001	-0.10000000149011612	2.0	40.0	1.0	0.0	0.0	1	0	20.000999450683594	0.009980005212128162	1.996000051498413	39.92000198364258	10.125	19.75	30.5	-39.92000198364258	1.996000051498413	0.009980005212128162	39.9224967956543	10.006250381469727	40.125	50.0	60.5	40.125	50.0	60.5	40.125	50.0	60.5	40.125	50.0	60.5	0.0	0.0	0.0	0.0	0.0	0.0	0.375	1234.0
glancing_alt1_angular1_forward19.999	-0.10000000149011612	2.0	40.0	1.0	0.0	0.0	1	1	19.999000549316406	0.009980005212128162	1.996000051498413	39.92000198364258	10.125	19.75	30.5	-39.92000198364258	1.996000051498413	0.009980005212128162	39.9224967956543	10.006250381469727	40.125	50.0	60.5	40.125	50.0	60.5	40.125	50.0	60.5	40.125	50.0	60.5	0.0	0.0	0.0	0.0	0.0	0.0	0.0	0.0
glancing_alt1_angular1_forward20.0	-0.10000000149011612	2.0	40.0	1.0	0.0	0.0	1	1	20.0	0.009980005212128162	1.996000051498413	39.92000198364258	10.125	19.75	30.5	-39.92000198364258	1.996000051498413	0.009980005212128162	39.9224967956543	10.006250381469727	40.125	50.0	60.5	40.125	50.0	60.5	40.125	50.0	60.5	40.125	50.0	60.5	0.0	0.0	0.0	0.0	0.0	0.0	0.0	0.0
glancing_alt1_angular1_forward20.001	-0.10000000149011612	2.0	40.0	1.0	0.0	0.0	1	1	20.000999450683594	0.009980005212128162	1.996000051498413	39.92000198364258	10.125	19.75	30.5	-39.92000198364258	1.996000051498413	0.009980005212128162	39.9224967956543	10.006250381469727	40.125	50.0	60.5	40.125	50.0	60.5	40.125	50.0	60.5	40.125	50.0	60.5	0.0	0.0	0.0	0.0	0.0	0.0	0.0	0.0
oblique_0_alt0_angular0_forward19.999	-10.428986549377441	3.0261857509613037	-5.439844608306885	0.9990204572677612	0.0	0.044251274317502975	0	0	19.999000549316406	1.2823984622955322	3.0201334953308105	-4.911137104034424	10.125	19.75	30.5	1.2823984622955322	3.0201334953308105	-4.911137104034424	5.231736660003662	31.978471755981445	40.125	50.0	60.5	40.125	50.0	60.5	40.125	50.0	60.5	40.125	50.0	60.5	9.0	9.0	9.0	9.0	7.0	8.0	0.375	1234.0
oblique_0_alt0_angular0_forward20.0	-10.428986549377441	3.0261857509613037	-5.439844608306885	0.9990204572677612	0.0	0.044251274317502975	0	0	20.0	1.2823984622955322	3.0201334953308105	-4.911137104034424	10.125	19.75	30.5	1.2823984622955322	3.0201334953308105	-4.911137104034424	5.231736660003662	31.978471755981445	40.125	50.0	60.5	40.125	50.0	60.5	40.125	50.0	60.5	40.125	50.0	60.5	9.0	9.0	9.0	9.0	7.0	8.0	0.375	1234.0
oblique_0_alt0_angular0_forward20.001	-10.428986549377441	3.0261857509613037	-5.439844608306885	0.9990204572677612	0.0	0.044251274317502975	0	0	20.000999450683594	1.2823984622955322	3.0201334953308105	-4.911137104034424	10.125	19.75	30.5	1.2823984622955322	3.0201334953308105	-4.911137104034424	5.231736660003662	31.978471755981445	40.125	50.0	60.5	40.125	50.0	60.5	40.125	50.0	60.5	40.125	50.0	60.5	9.0	9.0	9.0	9.0	7.0	8.0	0.375	1234.0
oblique_0_alt0_angular1_forward19.999	-10.428986549377441	3.0261857509613037	-5.439844608306885	0.9990204572677612	0.0	0.044251274317502975	0	1	19.999000549316406	1.2823984622955322	3.0201334953308105	-4.911137104034424	10.125	19.75	30.5	1.2823984622955322	3.0201334953308105	-4.911137104034424	5.231736660003662	31.978471755981445	40.125	50.0	60.5	40.125	50.0	60.5	40.125	50.0	60.5	40.125	50.0	60.5	9.0	9.0	9.0	9.0	7.0	8.0	0.005531409289687872	0.0
oblique_0_alt0_angular1_forward20.0	-10.428986549377441	3.0261857509613037	-5.439844608306885	0.9990204572677612	0.0	0.044251274317502975	0	1	20.0	1.2823984622955322	3.0201334953308105	-4.911137104034424	10.125	19.75	30.5	1.2823984622955322	3.0201334953308105	-4.911137104034424	5.231736660003662	31.978471755981445	40.125	50.0	60.5	40.125	50.0	60.5	40.125	50.0	60.5	40.125	50.0	60.5	9.0	9.0	9.0	9.0	7.0	8.0	0.005531409289687872	0.0
oblique_0_alt0_angular1_forward20.001	-10.428986549377441	3.0261857509613037	-5.439844608306885	0.9990204572677612	0.0	0.044251274317502975	0	1	20.000999450683594	1.2823984622955322	3.0201334953308105	-4.911137104034424	10.125	19.75	30.5	1.2823984622955322	3.0201334953308105	-4.911137104034424	5.231736660003662	31.978471755981445	40.125	50.0	60.5	40.125	50.0	60.5	40.125	50.0	60.5	40.125	50.0	60.5	9.0	9.0	9.0	9.0	7.0	8.0	0.005531409289687872	0.0
oblique_0_alt1_angular0_forward19.999	-10.428986549377441	3.0261857509613037	-5.439844608306885	0.9990204572677612	0.0	0.044251274317502975	1	0	19.999000549316406	1.2823984622955322	3.0201334953308105	-4.911137104034424	10.125	19.75	30.5	4.911137104034424	3.0201334953308105	1.2823984622955322	5.231736660003662	31.978471755981445	40.125	50.0	60.5	40.125	50.0	60.5	40.125	50.0	60.5	40.125	50.0	60.5	0.0	0.0	0.0	0.0	0.0	0.0	0.375	1234.0
oblique_0_alt1_angular0_forward20.0	-10.428986549377441	3.0261857509613037	-5.439844608306885	0.9990204572677612	0.0	0.044251274317502975	1	0	20.0	1.2823984622955322	3.0201334953308105	-4.911137104034424	10.125	19.75	30.5	4.911137104034424	3.0201334953308105	1.2823984622955322	5.231736660003662	31.978471755981445	40.125	50.0	60.5	40.125	50.0	60.5	40.125	50.0	60.5	40.125	50.0	60.5	0.0	0.0	0.0	0.0	0.0	0.0	0.375	1234.0
oblique_0_alt1_angular0_forward20.001	-10.428986549377441	3.0261857509613037	-5.439844608306885	0.9990204572677612	0.0	0.044251274317502975	1	0	20.000999450683594	1.2823984622955322	3.0201334953308105	-4.911137104034424	10.125	19.75	30.5	4.911137104034424	3.0201334953308105	1.2823984622955322	5.231736660003662	31.978471755981445	40.125	50.0	60.5	40.125	50.0	60.5	40.125	50.0	60.5	40.125	50.0	60.5	0.0	0.0	0.0	0.0	0.0	0.0	0.375	1234.0
oblique_0_alt1_angular1_forward19.999	-10.428986549377441	3.0261857509613037	-5.439844608306885	0.9990204572677612	0.0	0.044251274317502975	1	1	19.999000549316406	1.2823984622955322	3.0201334953308105	-4.911137104034424	10.125	19.75	30.5	4.911137104034424	3.0201334953308105	1.2823984622955322	5.231736660003662	31.978471755981445	40.125	50.0	60.5	40.125	50.0	60.5	40.125	50.0	60.5	40.125	50.0	60.5	0.0	0.0	0.0	0.0	0.0	0.0	0.005531409289687872	0.0
oblique_0_alt1_angular1_forward20.0	-10.428986549377441	3.0261857509613037	-5.439844608306885	0.9990204572677612	0.0	0.044251274317502975	1	1	20.0	1.2823984622955322	3.0201334953308105	-4.911137104034424	10.125	19.75	30.5	4.911137104034424	3.0201334953308105	1.2823984622955322	5.231736660003662	31.978471755981445	40.125	50.0	60.5	40.125	50.0	60.5	40.125	50.0	60.5	40.125	50.0	60.5	0.0	0.0	0.0	0.0	0.0	0.0	0.005531409289687872	0.0
oblique_0_alt1_angular1_forward20.001	-10.428986549377441	3.0261857509613037	-5.439844608306885	0.9990204572677612	0.0	0.044251274317502975	1	1	20.000999450683594	1.2823984622955322	3.0201334953308105	-4.911137104034424	10.125	19.75	30.5	4.911137104034424	3.0201334953308105	1.2823984622955322	5.231736660003662	31.978471755981445	40.125	50.0	60.5	40.125	50.0	60.5	40.125	50.0	60.5	40.125	50.0	60.5	0.0	0.0	0.0	0.0	0.0	0.0	0.005531409289687872	0.0
oblique_1_alt0_angular0_forward19.999	-3.371436834335327	-6.832967281341553	69.81976318359375	0.24153320491313934	0.0	0.9703925848007202	0	0	19.999000549316406	-3.371436834335327	-6.832967281341553	69.81976318359375	10.0	20.0	30.0	11.0	12.0	19.999000549316406	70.6626205444336	0.0	40.0	50.0	60.0	40.0	50.0	60.0	40.0	50.0	60.0	40.0	50.0	60.0	9.0	9.0	9.0	9.0	7.0	8.0	0.375	1234.0
oblique_1_alt0_angular0_forward20.0	-3.371436834335327	-6.832967281341553	69.81976318359375	0.24153320491313934	0.0	0.9703925848007202	0	0	20.0	-3.371436834335327	-6.832967281341553	69.81976318359375	10.0	20.0	30.0	11.0	12.0	20.0	70.6626205444336	0.0	40.0	50.0	60.0	40.0	50.0	60.0	40.0	50.0	60.0	40.0	50.0	60.0	9.0	9.0	9.0	9.0	7.0	8.0	0.375	1234.0
oblique_1_alt0_angular0_forward20.001	-3.371436834335327	-6.832967281341553	69.81976318359375	0.24153320491313934	0.0	0.9703925848007202	0	0	20.000999450683594	-3.371436834335327	-6.832967281341553	69.81976318359375	10.0	20.0	30.0	11.0	12.0	20.000999450683594	70.6626205444336	0.0	40.0	50.0	60.0	40.0	50.0	60.0	40.0	50.0	60.0	40.0	50.0	60.0	9.0	9.0	9.0	9.0	7.0	8.0	0.375	1234.0
oblique_1_alt0_angular1_forward19.999	-3.371436834335327	-6.832967281341553	69.81976318359375	0.24153320491313934	0.0	0.9703925848007202	0	1	19.999000549316406	-3.371436834335327	-6.832967281341553	69.81976318359375	10.0	20.0	30.0	11.0	12.0	19.999000549316406	70.6626205444336	0.0	40.0	50.0	60.0	40.0	50.0	60.0	40.0	50.0	60.0	40.0	50.0	60.0	9.0	9.0	9.0	9.0	7.0	8.0	0.375	1234.0
oblique_1_alt0_angular1_forward20.0	-3.371436834335327	-6.832967281341553	69.81976318359375	0.24153320491313934	0.0	0.9703925848007202	0	1	20.0	-3.371436834335327	-6.832967281341553	69.81976318359375	10.0	20.0	30.0	11.0	12.0	20.0	70.6626205444336	0.0	40.0	50.0	60.0	40.0	50.0	60.0	40.0	50.0	60.0	40.0	50.0	60.0	9.0	9.0	9.0	9.0	7.0	8.0	0.375	1234.0
oblique_1_alt0_angular1_forward20.001	-3.371436834335327	-6.832967281341553	69.81976318359375	0.24153320491313934	0.0	0.9703925848007202	0	1	20.000999450683594	-3.371436834335327	-6.832967281341553	69.81976318359375	10.0	20.0	30.0	11.0	12.0	20.000999450683594	70.6626205444336	0.0	40.0	50.0	60.0	40.0	50.0	60.0	40.0	50.0	60.0	40.0	50.0	60.0	9.0	9.0	9.0	9.0	7.0	8.0	0.375	1234.0
oblique_1_alt1_angular0_forward19.999	-3.371436834335327	-6.832967281341553	69.81976318359375	0.24153320491313934	0.0	0.9703925848007202	1	0	19.999000549316406	-3.371436834335327	-6.832967281341553	69.81976318359375	10.0	20.0	30.0	11.0	12.0	19.999000549316406	70.6626205444336	0.0	40.0	50.0	60.0	40.0	50.0	60.0	40.0	50.0	60.0	40.0	50.0	60.0	9.0	9.0	9.0	9.0	7.0	8.0	0.375	1234.0
oblique_1_alt1_angular0_forward20.0	-3.371436834335327	-6.832967281341553	69.81976318359375	0.24153320491313934	0.0	0.9703925848007202	1	0	20.0	-3.371436834335327	-6.832967281341553	69.81976318359375	10.0	20.0	30.0	11.0	12.0	20.0	70.6626205444336	0.0	40.0	50.0	60.0	40.0	50.0	60.0	40.0	50.0	60.0	40.0	50.0	60.0	9.0	9.0	9.0	9.0	7.0	8.0	0.375	1234.0
oblique_1_alt1_angular0_forward20.001	-3.371436834335327	-6.832967281341553	69.81976318359375	0.24153320491313934	0.0	0.9703925848007202	1	0	20.000999450683594	-3.371436834335327	-6.832967281341553	69.81976318359375	10.0	20.0	30.0	11.0	12.0	20.000999450683594	70.6626205444336	0.0	40.0	50.0	60.0	40.0	50.0	60.0	40.0	50.0	60.0	40.0	50.0	60.0	9.0	9.0	9.0	9.0	7.0	8.0	0.375	1234.0
oblique_1_alt1_angular1_forward19.999	-3.371436834335327	-6.832967281341553	69.81976318359375	0.24153320491313934	0.0	0.9703925848007202	1	1	19.999000549316406	-3.371436834335327	-6.832967281341553	69.81976318359375	10.0	20.0	30.0	11.0	12.0	19.999000549316406	70.6626205444336	0.0	40.0	50.0	60.0	40.0	50.0	60.0	40.0	50.0	60.0	40.0	50.0	60.0	9.0	9.0	9.0	9.0	7.0	8.0	0.375	1234.0
oblique_1_alt1_angular1_forward20.0	-3.371436834335327	-6.832967281341553	69.81976318359375	0.24153320491313934	0.0	0.9703925848007202	1	1	20.0	-3.371436834335327	-6.832967281341553	69.81976318359375	10.0	20.0	30.0	11.0	12.0	20.0	70.6626205444336	0.0	40.0	50.0	60.0	40.0	50.0	60.0	40.0	50.0	60.0	40.0	50.0	60.0	9.0	9.0	9.0	9.0	7.0	8.0	0.375	1234.0
oblique_1_alt1_angular1_forward20.001	-3.371436834335327	-6.832967281341553	69.81976318359375	0.24153320491313934	0.0	0.9703925848007202	1	1	20.000999450683594	-3.371436834335327	-6.832967281341553	69.81976318359375	10.0	20.0	30.0	11.0	12.0	20.000999450683594	70.6626205444336	0.0	40.0	50.0	60.0	40.0	50.0	60.0	40.0	50.0	60.0	40.0	50.0	60.0	9.0	9.0	9.0	9.0	7.0	8.0	0.375	1234.0
oblique_2_alt0_angular0_forward19.999	-62.190860748291016	8.33320140838623	-75.83634948730469	0.400057852268219	0.0	0.9164898991584778	0	0	19.999000549316406	-20.61493492126465	8.316534996032715	19.276395797729492	10.125	19.75	30.5	-20.61493492126465	8.316534996032715	19.276395797729492	25.43403434753418	283.14959716796875	40.125	50.0	60.5	40.125	50.0	60.5	40.125	50.0	60.5	40.125	50.0	60.5	9.0	9.0	9.0	9.0	7.0	8.0	0.375	1234.0
oblique_2_alt0_angular0_forward20.0	-62.190860748291016	8.33320140838623	-75.83634948730469	0.400057852268219	0.0	0.9164898991584778	0	0	20.0	-20.61493492126465	8.316534996032715	19.276395797729492	10.125	19.75	30.5	-20.61493492126465	8.316534996032715	19.276395797729492	25.43403434753418	283.14959716796875	40.125	50.0	60.5	40.125	50.0	60.5	40.125	50.0	60.5	40.125	50.0	60.5	9.0	9.0	9.0	9.0	7.0	8.0	0.375	1234.0
oblique_2_alt0_angular0_forward20.001	-62.190860748291016	8.33320140838623	-75.83634948730469	0.400057852268219	0.0	0.9164898991584778	0	0	20.000999450683594	-20.61493492126465	8.316534996032715	19.276395797729492	10.125	19.75	30.5	-20.61493492126465	8.316534996032715	19.276395797729492	25.43403434753418	283.14959716796875	40.125	50.0	60.5	40.125	50.0	60.5	40.125	50.0	60.5	40.125	50.0	60.5	9.0	9.0	9.0	9.0	7.0	8.0	0.375	1234.0
oblique_2_alt0_angular1_forward19.999	-62.190860748291016	8.33320140838623	-75.83634948730469	0.400057852268219	0.0	0.9164898991584778	0	1	19.999000549316406	-20.61493492126465	8.316534996032715	19.276395797729492	10.125	19.75	30.5	-20.61493492126465	8.316534996032715	19.276395797729492	25.43403434753418	283.14959716796875	40.125	50.0	60.5	40.125	50.0	60.5	40.125	50.0	60.5	40.125	50.0	60.5	9.0	9.0	9.0	9.0	7.0	8.0	0.050007231533527374	0.0
oblique_2_alt0_angular1_forward20.0	-62.190860748291016	8.33320140838623	-75.83634948730469	0.400057852268219	0.0	0.9164898991584778	0	1	20.0	-20.61493492126465	8.316534996032715	19.276395797729492	10.125	19.75	30.5	-20.61493492126465	8.316534996032715	19.276395797729492	25.43403434753418	283.14959716796875	40.125	50.0	60.5	40.125	50.0	60.5	40.125	50.0	60.5	40.125	50.0	60.5	9.0	9.0	9.0	9.0	7.0	8.0	0.375	0.0
oblique_2_alt0_angular1_forward20.001	-62.190860748291016	8.33320140838623	-75.83634948730469	0.400057852268219	0.0	0.9164898991584778	0	1	20.000999450683594	-20.61493492126465	8.316534996032715	19.276395797729492	10.125	19.75	30.5	-20.61493492126465	8.316534996032715	19.276395797729492	25.43403434753418	283.14959716796875	40.125	50.0	60.5	40.125	50.0	60.5	40.125	50.0	60.5	40.125	50.0	60.5	9.0	9.0	9.0	9.0	7.0	8.0	0.375	0.0
oblique_2_alt1_angular0_forward19.999	-62.190860748291016	8.33320140838623	-75.83634948730469	0.400057852268219	0.0	0.9164898991584778	1	0	19.999000549316406	-20.61493492126465	8.316534996032715	19.276395797729492	10.125	19.75	30.5	-19.276395797729492	8.316534996032715	-20.61493492126465	25.43403434753418	283.14959716796875	40.125	50.0	60.5	40.125	50.0	60.5	40.125	50.0	60.5	40.125	50.0	60.5	0.0	0.0	0.0	0.0	0.0	0.0	0.375	1234.0
oblique_2_alt1_angular0_forward20.0	-62.190860748291016	8.33320140838623	-75.83634948730469	0.400057852268219	0.0	0.9164898991584778	1	0	20.0	-20.61493492126465	8.316534996032715	19.276395797729492	10.125	19.75	30.5	-19.276395797729492	8.316534996032715	-20.61493492126465	25.43403434753418	283.14959716796875	40.125	50.0	60.5	40.125	50.0	60.5	40.125	50.0	60.5	40.125	50.0	60.5	0.0	0.0	0.0	0.0	0.0	0.0	0.375	1234.0
oblique_2_alt1_angular0_forward20.001	-62.190860748291016	8.33320140838623	-75.83634948730469	0.400057852268219	0.0	0.9164898991584778	1	0	20.000999450683594	-20.61493492126465	8.316534996032715	19.276395797729492	10.125	19.75	30.5	-19.276395797729492	8.316534996032715	-20.61493492126465	25.43403434753418	283.14959716796875	40.125	50.0	60.5	40.125	50.0	60.5	40.125	50.0	60.5	40.125	50.0	60.5	0.0	0.0	0.0	0.0	0.0	0.0	0.375	1234.0
oblique_2_alt1_angular1_forward19.999	-62.190860748291016	8.33320140838623	-75.83634948730469	0.400057852268219	0.0	0.9164898991584778	1	1	19.999000549316406	-20.61493492126465	8.316534996032715	19.276395797729492	10.125	19.75	30.5	-19.276395797729492	8.316534996032715	-20.61493492126465	25.43403434753418	283.14959716796875	40.125	50.0	60.5	40.125	50.0	60.5	40.125	50.0	60.5	40.125	50.0	60.5	0.0	0.0	0.0	0.0	0.0	0.0	0.050007231533527374	0.0
oblique_2_alt1_angular1_forward20.0	-62.190860748291016	8.33320140838623	-75.83634948730469	0.400057852268219	0.0	0.9164898991584778	1	1	20.0	-20.61493492126465	8.316534996032715	19.276395797729492	10.125	19.75	30.5	-19.276395797729492	8.316534996032715	-20.61493492126465	25.43403434753418	283.14959716796875	40.125	50.0	60.5	40.125	50.0	60.5	40.125	50.0	60.5	40.125	50.0	60.5	0.0	0.0	0.0	0.0	0.0	0.0	0.375	0.0
oblique_2_alt1_angular1_forward20.001	-62.190860748291016	8.33320140838623	-75.83634948730469	0.400057852268219	0.0	0.9164898991584778	1	1	20.000999450683594	-20.61493492126465	8.316534996032715	19.276395797729492	10.125	19.75	30.5	-19.276395797729492	8.316534996032715	-20.61493492126465	25.43403434753418	283.14959716796875	40.125	50.0	60.5	40.125	50.0	60.5	40.125	50.0	60.5	40.125	50.0	60.5	0.0	0.0	0.0	0.0	0.0	0.0	0.375	0.0
oblique_3_alt0_angular0_forward19.999	30.912654876708984	61.30340576171875	-27.16274070739746	0.9704583287239075	0.0	-0.2412687987089157	0	0	19.999000549316406	30.912654876708984	61.30340576171875	-27.16274070739746	10.0	20.0	30.0	11.0	12.0	19.999000549316406	37.703338623046875	0.0	40.0	50.0	60.0	40.0	50.0	60.0	40.0	50.0	60.0	40.0	50.0	60.0	9.0	9.0	9.0	9.0	7.0	8.0	0.375	1234.0
oblique_3_alt0_angular0_forward20.0	30.912654876708984	61.30340576171875	-27.16274070739746	0.9704583287239075	0.0	-0.2412687987089157	0	0	20.0	30.912654876708984	61.30340576171875	-27.16274070739746	10.0	20.0	30.0	11.0	12.0	20.0	37.703338623046875	0.0	40.0	50.0	60.0	40.0	50.0	60.0	40.0	50.0	60.0	40.0	50.0	60.0	9.0	9.0	9.0	9.0	7.0	8.0	0.375	1234.0
oblique_3_alt0_angular0_forward20.001	30.912654876708984	61.30340576171875	-27.16274070739746	0.9704583287239075	0.0	-0.2412687987089157	0	0	20.000999450683594	30.912654876708984	61.30340576171875	-27.16274070739746	10.0	20.0	30.0	11.0	12.0	20.000999450683594	37.703338623046875	0.0	40.0	50.0	60.0	40.0	50.0	60.0	40.0	50.0	60.0	40.0	50.0	60.0	9.0	9.0	9.0	9.0	7.0	8.0	0.375	1234.0
oblique_3_alt0_angular1_forward19.999	30.912654876708984	61.30340576171875	-27.16274070739746	0.9704583287239075	0.0	-0.2412687987089157	0	1	19.999000549316406	30.912654876708984	61.30340576171875	-27.16274070739746	10.0	20.0	30.0	11.0	12.0	19.999000549316406	37.703338623046875	0.0	40.0	50.0	60.0	40.0	50.0	60.0	40.0	50.0	60.0	40.0	50.0	60.0	9.0	9.0	9.0	9.0	7.0	8.0	0.375	1234.0
oblique_3_alt0_angular1_forward20.0	30.912654876708984	61.30340576171875	-27.16274070739746	0.9704583287239075	0.0	-0.2412687987089157	0	1	20.0	30.912654876708984	61.30340576171875	-27.16274070739746	10.0	20.0	30.0	11.0	12.0	20.0	37.703338623046875	0.0	40.0	50.0	60.0	40.0	50.0	60.0	40.0	50.0	60.0	40.0	50.0	60.0	9.0	9.0	9.0	9.0	7.0	8.0	0.375	1234.0
oblique_3_alt0_angular1_forward20.001	30.912654876708984	61.30340576171875	-27.16274070739746	0.9704583287239075	0.0	-0.2412687987089157	0	1	20.000999450683594	30.912654876708984	61.30340576171875	-27.16274070739746	10.0	20.0	30.0	11.0	12.0	20.000999450683594	37.703338623046875	0.0	40.0	50.0	60.0	40.0	50.0	60.0	40.0	50.0	60.0	40.0	50.0	60.0	9.0	9.0	9.0	9.0	7.0	8.0	0.375	1234.0
oblique_3_alt1_angular0_forward19.999	30.912654876708984	61.30340576171875	-27.16274070739746	0.9704583287239075	0.0	-0.2412687987089157	1	0	19.999000549316406	30.912654876708984	61.30340576171875	-27.16274070739746	10.0	20.0	30.0	11.0	12.0	19.999000549316406	37.703338623046875	0.0	40.0	50.0	60.0	40.0	50.0	60.0	40.0	50.0	60.0	40.0	50.0	60.0	9.0	9.0	9.0	9.0	7.0	8.0	0.375	1234.0
oblique_3_alt1_angular0_forward20.0	30.912654876708984	61.30340576171875	-27.16274070739746	0.9704583287239075	0.0	-0.2412687987089157	1	0	20.0	30.912654876708984	61.30340576171875	-27.16274070739746	10.0	20.0	30.0	11.0	12.0	20.0	37.703338623046875	0.0	40.0	50.0	60.0	40.0	50.0	60.0	40.0	50.0	60.0	40.0	50.0	60.0	9.0	9.0	9.0	9.0	7.0	8.0	0.375	1234.0
oblique_3_alt1_angular0_forward20.001	30.912654876708984	61.30340576171875	-27.16274070739746	0.9704583287239075	0.0	-0.2412687987089157	1	0	20.000999450683594	30.912654876708984	61.30340576171875	-27.16274070739746	10.0	20.0	30.0	11.0	12.0	20.000999450683594	37.703338623046875	0.0	40.0	50.0	60.0	40.0	50.0	60.0	40.0	50.0	60.0	40.0	50.0	60.0	9.0	9.0	9.0	9.0	7.0	8.0	0.375	1234.0
oblique_3_alt1_angular1_forward19.999	30.912654876708984	61.30340576171875	-27.16274070739746	0.9704583287239075	0.0	-0.2412687987089157	1	1	19.999000549316406	30.912654876708984	61.30340576171875	-27.16274070739746	10.0	20.0	30.0	11.0	12.0	19.999000549316406	37.703338623046875	0.0	40.0	50.0	60.0	40.0	50.0	60.0	40.0	50.0	60.0	40.0	50.0	60.0	9.0	9.0	9.0	9.0	7.0	8.0	0.375	1234.0
oblique_3_alt1_angular1_forward20.0	30.912654876708984	61.30340576171875	-27.16274070739746	0.9704583287239075	0.0	-0.2412687987089157	1	1	20.0	30.912654876708984	61.30340576171875	-27.16274070739746	10.0	20.0	30.0	11.0	12.0	20.0	37.703338623046875	0.0	40.0	50.0	60.0	40.0	50.0	60.0	40.0	50.0	60.0	40.0	50.0	60.0	9.0	9.0	9.0	9.0	7.0	8.0	0.375	1234.0
oblique_3_alt1_angular1_forward20.001	30.912654876708984	61.30340576171875	-27.16274070739746	0.9704583287239075	0.0	-0.2412687987089157	1	1	20.000999450683594	30.912654876708984	61.30340576171875	-27.16274070739746	10.0	20.0	30.0	11.0	12.0	20.000999450683594	37.703338623046875	0.0	40.0	50.0	60.0	40.0	50.0	60.0	40.0	50.0	60.0	40.0	50.0	60.0	9.0	9.0	9.0	9.0	7.0	8.0	0.375	1234.0
oblique_4_alt0_angular0_forward19.999	4.217889785766602	43.63538360595703	51.0112419128418	0.731011152267456	0.0	0.6823655366897583	0	0	19.999000549316406	4.217889785766602	43.63538360595703	51.0112419128418	10.0	20.0	30.0	11.0	12.0	19.999000549316406	52.06571578979492	0.0	40.0	50.0	60.0	40.0	50.0	60.0	40.0	50.0	60.0	40.0	50.0	60.0	9.0	9.0	9.0	9.0	7.0	8.0	0.375	1234.0
oblique_4_alt0_angular0_forward20.0	4.217889785766602	43.63538360595703	51.0112419128418	0.731011152267456	0.0	0.6823655366897583	0	0	20.0	4.217889785766602	43.63538360595703	51.0112419128418	10.0	20.0	30.0	11.0	12.0	20.0	52.06571578979492	0.0	40.0	50.0	60.0	40.0	50.0	60.0	40.0	50.0	60.0	40.0	50.0	60.0	9.0	9.0	9.0	9.0	7.0	8.0	0.375	1234.0
oblique_4_alt0_angular0_forward20.001	4.217889785766602	43.63538360595703	51.0112419128418	0.731011152267456	0.0	0.6823655366897583	0	0	20.000999450683594	4.217889785766602	43.63538360595703	51.0112419128418	10.0	20.0	30.0	11.0	12.0	20.000999450683594	52.06571578979492	0.0	40.0	50.0	60.0	40.0	50.0	60.0	40.0	50.0	60.0	40.0	50.0	60.0	9.0	9.0	9.0	9.0	7.0	8.0	0.375	1234.0
oblique_4_alt0_angular1_forward19.999	4.217889785766602	43.63538360595703	51.0112419128418	0.731011152267456	0.0	0.6823655366897583	0	1	19.999000549316406	4.217889785766602	43.63538360595703	51.0112419128418	10.0	20.0	30.0	11.0	12.0	19.999000549316406	52.06571578979492	0.0	40.0	50.0	60.0	40.0	50.0	60.0	40.0	50.0	60.0	40.0	50.0	60.0	9.0	9.0	9.0	9.0	7.0	8.0	0.375	1234.0
oblique_4_alt0_angular1_forward20.0	4.217889785766602	43.63538360595703	51.0112419128418	0.731011152267456	0.0	0.6823655366897583	0	1	20.0	4.217889785766602	43.63538360595703	51.0112419128418	10.0	20.0	30.0	11.0	12.0	20.0	52.06571578979492	0.0	40.0	50.0	60.0	40.0	50.0	60.0	40.0	50.0	60.0	40.0	50.0	60.0	9.0	9.0	9.0	9.0	7.0	8.0	0.375	1234.0
oblique_4_alt0_angular1_forward20.001	4.217889785766602	43.63538360595703	51.0112419128418	0.731011152267456	0.0	0.6823655366897583	0	1	20.000999450683594	4.217889785766602	43.63538360595703	51.0112419128418	10.0	20.0	30.0	11.0	12.0	20.000999450683594	52.06571578979492	0.0	40.0	50.0	60.0	40.0	50.0	60.0	40.0	50.0	60.0	40.0	50.0	60.0	9.0	9.0	9.0	9.0	7.0	8.0	0.375	1234.0
oblique_4_alt1_angular0_forward19.999	4.217889785766602	43.63538360595703	51.0112419128418	0.731011152267456	0.0	0.6823655366897583	1	0	19.999000549316406	4.217889785766602	43.63538360595703	51.0112419128418	10.0	20.0	30.0	11.0	12.0	19.999000549316406	52.06571578979492	0.0	40.0	50.0	60.0	40.0	50.0	60.0	40.0	50.0	60.0	40.0	50.0	60.0	9.0	9.0	9.0	9.0	7.0	8.0	0.375	1234.0
oblique_4_alt1_angular0_forward20.0	4.217889785766602	43.63538360595703	51.0112419128418	0.731011152267456	0.0	0.6823655366897583	1	0	20.0	4.217889785766602	43.63538360595703	51.0112419128418	10.0	20.0	30.0	11.0	12.0	20.0	52.06571578979492	0.0	40.0	50.0	60.0	40.0	50.0	60.0	40.0	50.0	60.0	40.0	50.0	60.0	9.0	9.0	9.0	9.0	7.0	8.0	0.375	1234.0
oblique_4_alt1_angular0_forward20.001	4.217889785766602	43.63538360595703	51.0112419128418	0.731011152267456	0.0	0.6823655366897583	1	0	20.000999450683594	4.217889785766602	43.63538360595703	51.0112419128418	10.0	20.0	30.0	11.0	12.0	20.000999450683594	52.06571578979492	0.0	40.0	50.0	60.0	40.0	50.0	60.0	40.0	50.0	60.0	40.0	50.0	60.0	9.0	9.0	9.0	9.0	7.0	8.0	0.375	1234.0
oblique_4_alt1_angular1_forward19.999	4.217889785766602	43.63538360595703	51.0112419128418	0.731011152267456	0.0	0.6823655366897583	1	1	19.999000549316406	4.217889785766602	43.63538360595703	51.0112419128418	10.0	20.0	30.0	11.0	12.0	19.999000549316406	52.06571578979492	0.0	40.0	50.0	60.0	40.0	50.0	60.0	40.0	50.0	60.0	40.0	50.0	60.0	9.0	9.0	9.0	9.0	7.0	8.0	0.375	1234.0
oblique_4_alt1_angular1_forward20.0	4.217889785766602	43.63538360595703	51.0112419128418	0.731011152267456	0.0	0.6823655366897583	1	1	20.0	4.217889785766602	43.63538360595703	51.0112419128418	10.0	20.0	30.0	11.0	12.0	20.0	52.06571578979492	0.0	40.0	50.0	60.0	40.0	50.0	60.0	40.0	50.0	60.0	40.0	50.0	60.0	9.0	9.0	9.0	9.0	7.0	8.0	0.375	1234.0
oblique_4_alt1_angular1_forward20.001	4.217889785766602	43.63538360595703	51.0112419128418	0.731011152267456	0.0	0.6823655366897583	1	1	20.000999450683594	4.217889785766602	43.63538360595703	51.0112419128418	10.0	20.0	30.0	11.0	12.0	20.000999450683594	52.06571578979492	0.0	40.0	50.0	60.0	40.0	50.0	60.0	40.0	50.0	60.0	40.0	50.0	60.0	9.0	9.0	9.0	9.0	7.0	8.0	0.375	1234.0
oblique_5_alt0_angular0_forward19.999	60.69927978515625	68.11829376220703	-37.018280029296875	-0.8226205706596375	0.0	0.5685907006263733	0	0	19.999000549316406	-3.522893190383911	67.9820556640625	7.361849308013916	10.125	19.75	30.5	-3.522893190383911	67.9820556640625	7.361849308013916	8.242572784423828	212.9421844482422	40.125	50.0	60.5	40.125	50.0	60.5	40.125	50.0	60.5	40.125	50.0	60.5	9.0	9.0	9.0	9.0	7.0	8.0	0.375	1234.0
oblique_5_alt0_angular0_forward20.0	60.69927978515625	68.11829376220703	-37.018280029296875	-0.8226205706596375	0.0	0.5685907006263733	0	0	20.0	-3.522893190383911	67.9820556640625	7.361849308013916	10.125	19.75	30.5	-3.522893190383911	67.9820556640625	7.361849308013916	8.242572784423828	212.9421844482422	40.125	50.0	60.5	40.125	50.0	60.5	40.125	50.0	60.5	40.125	50.0	60.5	9.0	9.0	9.0	9.0	7.0	8.0	0.375	1234.0
oblique_5_alt0_angular0_forward20.001	60.69927978515625	68.11829376220703	-37.018280029296875	-0.8226205706596375	0.0	0.5685907006263733	0	0	20.000999450683594	-3.522893190383911	67.9820556640625	7.361849308013916	10.125	19.75	30.5	-3.522893190383911	67.9820556640625	7.361849308013916	8.242572784423828	212.9421844482422	40.125	50.0	60.5	40.125	50.0	60.5	40.125	50.0	60.5	40.125	50.0	60.5	9.0	9.0	9.0	9.0	7.0	8.0	0.375	1234.0
oblique_5_alt0_angular1_forward19.999	60.69927978515625	68.11829376220703	-37.018280029296875	-0.8226205706596375	0.0	0.5685907006263733	0	1	19.999000549316406	-3.522893190383911	67.9820556640625	7.361849308013916	10.125	19.75	30.5	-3.522893190383911	67.9820556640625	7.361849308013916	8.242572784423828	212.9421844482422	40.125	50.0	60.5	40.125	50.0	60.5	40.125	50.0	60.5	40.125	50.0	60.5	9.0	9.0	9.0	9.0	7.0	8.0	-0.14214767515659332	0.0
oblique_5_alt0_angular1_forward20.0	60.69927978515625	68.11829376220703	-37.018280029296875	-0.8226205706596375	0.0	0.5685907006263733	0	1	20.0	-3.522893190383911	67.9820556640625	7.361849308013916	10.125	19.75	30.5	-3.522893190383911	67.9820556640625	7.361849308013916	8.242572784423828	212.9421844482422	40.125	50.0	60.5	40.125	50.0	60.5	40.125	50.0	60.5	40.125	50.0	60.5	9.0	9.0	9.0	9.0	7.0	8.0	0.375	0.0
oblique_5_alt0_angular1_forward20.001	60.69927978515625	68.11829376220703	-37.018280029296875	-0.8226205706596375	0.0	0.5685907006263733	0	1	20.000999450683594	-3.522893190383911	67.9820556640625	7.361849308013916	10.125	19.75	30.5	-3.522893190383911	67.9820556640625	7.361849308013916	8.242572784423828	212.9421844482422	40.125	50.0	60.5	40.125	50.0	60.5	40.125	50.0	60.5	40.125	50.0	60.5	9.0	9.0	9.0	9.0	7.0	8.0	0.375	0.0
oblique_5_alt1_angular0_forward19.999	60.69927978515625	68.11829376220703	-37.018280029296875	-0.8226205706596375	0.0	0.5685907006263733	1	0	19.999000549316406	-3.522893190383911	67.9820556640625	7.361849308013916	10.125	19.75	30.5	-7.361849308013916	67.9820556640625	-3.522893190383911	8.242572784423828	212.9421844482422	40.125	50.0	60.5	40.125	50.0	60.5	40.125	50.0	60.5	40.125	50.0	60.5	0.0	0.0	0.0	0.0	0.0	0.0	0.375	1234.0
oblique_5_alt1_angular0_forward20.0	60.69927978515625	68.11829376220703	-37.018280029296875	-0.8226205706596375	0.0	0.5685907006263733	1	0	20.0	-3.522893190383911	67.9820556640625	7.361849308013916	10.125	19.75	30.5	-7.361849308013916	67.9820556640625	-3.522893190383911	8.242572784423828	212.9421844482422	40.125	50.0	60.5	40.125	50.0	60.5	40.125	50.0	60.5	40.125	50.0	60.5	0.0	0.0	0.0	0.0	0.0	0.0	0.375	1234.0
oblique_5_alt1_angular0_forward20.001	60.69927978515625	68.11829376220703	-37.018280029296875	-0.8226205706596375	0.0	0.5685907006263733	1	0	20.000999450683594	-3.522893190383911	67.9820556640625	7.361849308013916	10.125	19.75	30.5	-7.361849308013916	67.9820556640625	-3.522893190383911	8.242572784423828	212.9421844482422	40.125	50.0	60.5	40.125	50.0	60.5	40.125	50.0	60.5	40.125	50.0	60.5	0.0	0.0	0.0	0.0	0.0	0.0	0.375	1234.0
oblique_5_alt1_angular1_forward19.999	60.69927978515625	68.11829376220703	-37.018280029296875	-0.8226205706596375	0.0	0.5685907006263733	1	1	19.999000549316406	-3.522893190383911	67.9820556640625	7.361849308013916	10.125	19.75	30.5	-7.361849308013916	67.9820556640625	-3.522893190383911	8.242572784423828	212.9421844482422	40.125	50.0	60.5	40.125	50.0	60.5	40.125	50.0	60.5	40.125	50.0	60.5	0.0	0.0	0.0	0.0	0.0	0.0	-0.14214767515659332	0.0
oblique_5_alt1_angular1_forward20.0	60.69927978515625	68.11829376220703	-37.018280029296875	-0.8226205706596375	0.0	0.5685907006263733	1	1	20.0	-3.522893190383911	67.9820556640625	7.361849308013916	10.125	19.75	30.5	-7.361849308013916	67.9820556640625	-3.522893190383911	8.242572784423828	212.9421844482422	40.125	50.0	60.5	40.125	50.0	60.5	40.125	50.0	60.5	40.125	50.0	60.5	0.0	0.0	0.0	0.0	0.0	0.0	0.375	0.0
oblique_5_alt1_angular1_forward20.001	60.69927978515625	68.11829376220703	-37.018280029296875	-0.8226205706596375	0.0	0.5685907006263733	1	1	20.000999450683594	-3.522893190383911	67.9820556640625	7.361849308013916	10.125	19.75	30.5	-7.361849308013916	67.9820556640625	-3.522893190383911	8.242572784423828	212.9421844482422	40.125	50.0	60.5	40.125	50.0	60.5	40.125	50.0	60.5	40.125	50.0	60.5	0.0	0.0	0.0	0.0	0.0	0.0	0.375	0.0
oblique_6_alt0_angular0_forward19.999	-68.93745422363281	-77.592529296875	-18.39402961730957	0.5280868411064148	0.0	0.849190354347229	0	0	19.999000549316406	-38.638938903808594	-77.43734741210938	30.14259910583496	10.125	19.75	30.5	-38.638938903808594	-77.43734741210938	30.14259910583496	46.17458724975586	156.07498168945312	40.125	50.0	60.5	40.125	50.0	60.5	40.125	50.0	60.5	40.125	50.0	60.5	9.0	9.0	9.0	9.0	7.0	8.0	0.375	1234.0
oblique_6_alt0_angular0_forward20.0	-68.93745422363281	-77.592529296875	-18.39402961730957	0.5280868411064148	0.0	0.849190354347229	0	0	20.0	-38.638938903808594	-77.43734741210938	30.14259910583496	10.125	19.75	30.5	-38.638938903808594	-77.43734741210938	30.14259910583496	46.17458724975586	156.07498168945312	40.125	50.0	60.5	40.125	50.0	60.5	40.125	50.0	60.5	40.125	50.0	60.5	9.0	9.0	9.0	9.0	7.0	8.0	0.375	1234.0
oblique_6_alt0_angular0_forward20.001	-68.93745422363281	-77.592529296875	-18.39402961730957	0.5280868411064148	0.0	0.849190354347229	0	0	20.000999450683594	-38.638938903808594	-77.43734741210938	30.14259910583496	10.125	19.75	30.5	-38.638938903808594	-77.43734741210938	30.14259910583496	46.17458724975586	156.07498168945312	40.125	50.0	60.5	40.125	50.0	60.5	40.125	50.0	60.5	40.125	50.0	60.5	9.0	9.0	9.0	9.0	7.0	8.0	0.375	1234.0
oblique_6_alt0_angular1_forward19.999	-68.93745422363281	-77.592529296875	-18.39402961730957	0.5280868411064148	0.0	0.849190354347229	0	1	19.999000549316406	-38.638938903808594	-77.43734741210938	30.14259910583496	10.125	19.75	30.5	-38.638938903808594	-77.43734741210938	30.14259910583496	46.17458724975586	156.07498168945312	40.125	50.0	60.5	40.125	50.0	60.5	40.125	50.0	60.5	40.125	50.0	60.5	9.0	9.0	9.0	9.0	7.0	8.0	0.06601085513830185	0.0
oblique_6_alt0_angular1_forward20.0	-68.93745422363281	-77.592529296875	-18.39402961730957	0.5280868411064148	0.0	0.849190354347229	0	1	20.0	-38.638938903808594	-77.43734741210938	30.14259910583496	10.125	19.75	30.5	-38.638938903808594	-77.43734741210938	30.14259910583496	46.17458724975586	156.07498168945312	40.125	50.0	60.5	40.125	50.0	60.5	40.125	50.0	60.5	40.125	50.0	60.5	9.0	9.0	9.0	9.0	7.0	8.0	0.375	0.0
oblique_6_alt0_angular1_forward20.001	-68.93745422363281	-77.592529296875	-18.39402961730957	0.5280868411064148	0.0	0.849190354347229	0	1	20.000999450683594	-38.638938903808594	-77.43734741210938	30.14259910583496	10.125	19.75	30.5	-38.638938903808594	-77.43734741210938	30.14259910583496	46.17458724975586	156.07498168945312	40.125	50.0	60.5	40.125	50.0	60.5	40.125	50.0	60.5	40.125	50.0	60.5	9.0	9.0	9.0	9.0	7.0	8.0	0.375	0.0
oblique_6_alt1_angular0_forward19.999	-68.93745422363281	-77.592529296875	-18.39402961730957	0.5280868411064148	0.0	0.849190354347229	1	0	19.999000549316406	-38.638938903808594	-77.43734741210938	30.14259910583496	10.125	19.75	30.5	-30.14259910583496	-77.43734741210938	-38.638938903808594	46.17458724975586	156.07498168945312	40.125	50.0	60.5	40.125	50.0	60.5	40.125	50.0	60.5	40.125	50.0	60.5	0.0	0.0	0.0	0.0	0.0	0.0	0.375	1234.0
oblique_6_alt1_angular0_forward20.0	-68.93745422363281	-77.592529296875	-18.39402961730957	0.5280868411064148	0.0	0.849190354347229	1	0	20.0	-38.638938903808594	-77.43734741210938	30.14259910583496	10.125	19.75	30.5	-30.14259910583496	-77.43734741210938	-38.638938903808594	46.17458724975586	156.07498168945312	40.125	50.0	60.5	40.125	50.0	60.5	40.125	50.0	60.5	40.125	50.0	60.5	0.0	0.0	0.0	0.0	0.0	0.0	0.375	1234.0
oblique_6_alt1_angular0_forward20.001	-68.93745422363281	-77.592529296875	-18.39402961730957	0.5280868411064148	0.0	0.849190354347229	1	0	20.000999450683594	-38.638938903808594	-77.43734741210938	30.14259910583496	10.125	19.75	30.5	-30.14259910583496	-77.43734741210938	-38.638938903808594	46.17458724975586	156.07498168945312	40.125	50.0	60.5	40.125	50.0	60.5	40.125	50.0	60.5	40.125	50.0	60.5	0.0	0.0	0.0	0.0	0.0	0.0	0.375	1234.0
oblique_6_alt1_angular1_forward19.999	-68.93745422363281	-77.592529296875	-18.39402961730957	0.5280868411064148	0.0	0.849190354347229	1	1	19.999000549316406	-38.638938903808594	-77.43734741210938	30.14259910583496	10.125	19.75	30.5	-30.14259910583496	-77.43734741210938	-38.638938903808594	46.17458724975586	156.07498168945312	40.125	50.0	60.5	40.125	50.0	60.5	40.125	50.0	60.5	40.125	50.0	60.5	0.0	0.0	0.0	0.0	0.0	0.0	0.06601085513830185	0.0
oblique_6_alt1_angular1_forward20.0	-68.93745422363281	-77.592529296875	-18.39402961730957	0.5280868411064148	0.0	0.849190354347229	1	1	20.0	-38.638938903808594	-77.43734741210938	30.14259910583496	10.125	19.75	30.5	-30.14259910583496	-77.43734741210938	-38.638938903808594	46.17458724975586	156.07498168945312	40.125	50.0	60.5	40.125	50.0	60.5	40.125	50.0	60.5	40.125	50.0	60.5	0.0	0.0	0.0	0.0	0.0	0.0	0.375	0.0
oblique_6_alt1_angular1_forward20.001	-68.93745422363281	-77.592529296875	-18.39402961730957	0.5280868411064148	0.0	0.849190354347229	1	1	20.000999450683594	-38.638938903808594	-77.43734741210938	30.14259910583496	10.125	19.75	30.5	-30.14259910583496	-77.43734741210938	-38.638938903808594	46.17458724975586	156.07498168945312	40.125	50.0	60.5	40.125	50.0	60.5	40.125	50.0	60.5	40.125	50.0	60.5	0.0	0.0	0.0	0.0	0.0	0.0	0.375	0.0
oblique_7_alt0_angular0_forward19.999	-52.7960319519043	19.887510299682617	-22.56352996826172	0.9962871074676514	0.0	-0.08609318733215332	0	0	19.999000549316406	2.714820146560669	19.847736358642578	-27.306194305419922	10.125	19.75	30.5	2.714820146560669	19.847736358642578	-27.306194305419922	27.984899520874023	151.97232055664062	40.125	50.0	60.5	40.125	50.0	60.5	40.125	50.0	60.5	40.125	50.0	60.5	9.0	9.0	9.0	9.0	7.0	8.0	0.375	1234.0
oblique_7_alt0_angular0_forward20.0	-52.7960319519043	19.887510299682617	-22.56352996826172	0.9962871074676514	0.0	-0.08609318733215332	0	0	20.0	2.714820146560669	19.847736358642578	-27.306194305419922	10.125	19.75	30.5	2.714820146560669	19.847736358642578	-27.306194305419922	27.984899520874023	151.97232055664062	40.125	50.0	60.5	40.125	50.0	60.5	40.125	50.0	60.5	40.125	50.0	60.5	9.0	9.0	9.0	9.0	7.0	8.0	0.375	1234.0
oblique_7_alt0_angular0_forward20.001	-52.7960319519043	19.887510299682617	-22.56352996826172	0.9962871074676514	0.0	-0.08609318733215332	0	0	20.000999450683594	2.714820146560669	19.847736358642578	-27.306194305419922	10.125	19.75	30.5	2.714820146560669	19.847736358642578	-27.306194305419922	27.984899520874023	151.97232055664062	40.125	50.0	60.5	40.125	50.0	60.5	40.125	50.0	60.5	40.125	50.0	60.5	9.0	9.0	9.0	9.0	7.0	8.0	0.375	1234.0
oblique_7_alt0_angular1_forward19.999	-52.7960319519043	19.887510299682617	-22.56352996826172	0.9962871074676514	0.0	-0.08609318733215332	0	1	19.999000549316406	2.714820146560669	19.847736358642578	-27.306194305419922	10.125	19.75	30.5	2.714820146560669	19.847736358642578	-27.306194305419922	27.984899520874023	151.97232055664062	40.125	50.0	60.5	40.125	50.0	60.5	40.125	50.0	60.5	40.125	50.0	60.5	9.0	9.0	9.0	9.0	7.0	8.0	-0.010761648416519165	0.0
oblique_7_alt0_angular1_forward20.0	-52.7960319519043	19.887510299682617	-22.56352996826172	0.9962871074676514	0.0	-0.08609318733215332	0	1	20.0	2.714820146560669	19.847736358642578	-27.306194305419922	10.125	19.75	30.5	2.714820146560669	19.847736358642578	-27.306194305419922	27.984899520874023	151.97232055664062	40.125	50.0	60.5	40.125	50.0	60.5	40.125	50.0	60.5	40.125	50.0	60.5	9.0	9.0	9.0	9.0	7.0	8.0	0.375	0.0
oblique_7_alt0_angular1_forward20.001	-52.7960319519043	19.887510299682617	-22.56352996826172	0.9962871074676514	0.0	-0.08609318733215332	0	1	20.000999450683594	2.714820146560669	19.847736358642578	-27.306194305419922	10.125	19.75	30.5	2.714820146560669	19.847736358642578	-27.306194305419922	27.984899520874023	151.97232055664062	40.125	50.0	60.5	40.125	50.0	60.5	40.125	50.0	60.5	40.125	50.0	60.5	9.0	9.0	9.0	9.0	7.0	8.0	0.375	0.0
oblique_7_alt1_angular0_forward19.999	-52.7960319519043	19.887510299682617	-22.56352996826172	0.9962871074676514	0.0	-0.08609318733215332	1	0	19.999000549316406	2.714820146560669	19.847736358642578	-27.306194305419922	10.125	19.75	30.5	27.306194305419922	19.847736358642578	2.714820146560669	27.984899520874023	151.97232055664062	40.125	50.0	60.5	40.125	50.0	60.5	40.125	50.0	60.5	40.125	50.0	60.5	0.0	0.0	0.0	0.0	0.0	0.0	0.375	1234.0
oblique_7_alt1_angular0_forward20.0	-52.7960319519043	19.887510299682617	-22.56352996826172	0.9962871074676514	0.0	-0.08609318733215332	1	0	20.0	2.714820146560669	19.847736358642578	-27.306194305419922	10.125	19.75	30.5	27.306194305419922	19.847736358642578	2.714820146560669	27.984899520874023	151.97232055664062	40.125	50.0	60.5	40.125	50.0	60.5	40.125	50.0	60.5	40.125	50.0	60.5	0.0	0.0	0.0	0.0	0.0	0.0	0.375	1234.0
oblique_7_alt1_angular0_forward20.001	-52.7960319519043	19.887510299682617	-22.56352996826172	0.9962871074676514	0.0	-0.08609318733215332	1	0	20.000999450683594	2.714820146560669	19.847736358642578	-27.306194305419922	10.125	19.75	30.5	27.306194305419922	19.847736358642578	2.714820146560669	27.984899520874023	151.97232055664062	40.125	50.0	60.5	40.125	50.0	60.5	40.125	50.0	60.5	40.125	50.0	60.5	0.0	0.0	0.0	0.0	0.0	0.0	0.375	1234.0
oblique_7_alt1_angular1_forward19.999	-52.7960319519043	19.887510299682617	-22.56352996826172	0.9962871074676514	0.0	-0.08609318733215332	1	1	19.999000549316406	2.714820146560669	19.847736358642578	-27.306194305419922	10.125	19.75	30.5	27.306194305419922	19.847736358642578	2.714820146560669	27.984899520874023	151.97232055664062	40.125	50.0	60.5	40.125	50.0	60.5	40.125	50.0	60.5	40.125	50.0	60.5	0.0	0.0	0.0	0.0	0.0	0.0	-0.010761648416519165	0.0
oblique_7_alt1_angular1_forward20.0	-52.7960319519043	19.887510299682617	-22.56352996826172	0.9962871074676514	0.0	-0.08609318733215332	1	1	20.0	2.714820146560669	19.847736358642578	-27.306194305419922	10.125	19.75	30.5	27.306194305419922	19.847736358642578	2.714820146560669	27.984899520874023	151.97232055664062	40.125	50.0	60.5	40.125	50.0	60.5	40.125	50.0	60.5	40.125	50.0	60.5	0.0	0.0	0.0	0.0	0.0	0.0	0.375	0.0
oblique_7_alt1_angular1_forward20.001	-52.7960319519043	19.887510299682617	-22.56352996826172	0.9962871074676514	0.0	-0.08609318733215332	1	1	20.000999450683594	2.714820146560669	19.847736358642578	-27.306194305419922	10.125	19.75	30.5	27.306194305419922	19.847736358642578	2.714820146560669	27.984899520874023	151.97232055664062	40.125	50.0	60.5	40.125	50.0	60.5	40.125	50.0	60.5	40.125	50.0	60.5	0.0	0.0	0.0	0.0	0.0	0.0	0.375	0.0
oblique_8_alt0_angular0_forward19.999	-10.175052642822266	35.35319900512695	-9.892836570739746	-0.8003911375999451	0.0	0.5994781255722046	0	0	19.999000549316406	-10.175052642822266	35.35319900512695	-9.892836570739746	10.0	20.0	30.0	11.0	12.0	19.999000549316406	12.648262023925781	0.0	40.0	50.0	60.0	40.0	50.0	60.0	40.0	50.0	60.0	40.0	50.0	60.0	9.0	9.0	9.0	9.0	7.0	8.0	0.375	1234.0
oblique_8_alt0_angular0_forward20.0	-10.175052642822266	35.35319900512695	-9.892836570739746	-0.8003911375999451	0.0	0.5994781255722046	0	0	20.0	-10.175052642822266	35.35319900512695	-9.892836570739746	10.0	20.0	30.0	11.0	12.0	20.0	12.648262023925781	0.0	40.0	50.0	60.0	40.0	50.0	60.0	40.0	50.0	60.0	40.0	50.0	60.0	9.0	9.0	9.0	9.0	7.0	8.0	0.375	1234.0
oblique_8_alt0_angular0_forward20.001	-10.175052642822266	35.35319900512695	-9.892836570739746	-0.8003911375999451	0.0	0.5994781255722046	0	0	20.000999450683594	-10.175052642822266	35.35319900512695	-9.892836570739746	10.0	20.0	30.0	11.0	12.0	20.000999450683594	12.648262023925781	0.0	40.0	50.0	60.0	40.0	50.0	60.0	40.0	50.0	60.0	40.0	50.0	60.0	9.0	9.0	9.0	9.0	7.0	8.0	0.375	1234.0
oblique_8_alt0_angular1_forward19.999	-10.175052642822266	35.35319900512695	-9.892836570739746	-0.8003911375999451	0.0	0.5994781255722046	0	1	19.999000549316406	-10.175052642822266	35.35319900512695	-9.892836570739746	10.0	20.0	30.0	11.0	12.0	19.999000549316406	12.648262023925781	0.0	40.0	50.0	60.0	40.0	50.0	60.0	40.0	50.0	60.0	40.0	50.0	60.0	9.0	9.0	9.0	9.0	7.0	8.0	0.375	1234.0
oblique_8_alt0_angular1_forward20.0	-10.175052642822266	35.35319900512695	-9.892836570739746	-0.8003911375999451	0.0	0.5994781255722046	0	1	20.0	-10.175052642822266	35.35319900512695	-9.892836570739746	10.0	20.0	30.0	11.0	12.0	20.0	12.648262023925781	0.0	40.0	50.0	60.0	40.0	50.0	60.0	40.0	50.0	60.0	40.0	50.0	60.0	9.0	9.0	9.0	9.0	7.0	8.0	0.375	1234.0
oblique_8_alt0_angular1_forward20.001	-10.175052642822266	35.35319900512695	-9.892836570739746	-0.8003911375999451	0.0	0.5994781255722046	0	1	20.000999450683594	-10.175052642822266	35.35319900512695	-9.892836570739746	10.0	20.0	30.0	11.0	12.0	20.000999450683594	12.648262023925781	0.0	40.0	50.0	60.0	40.0	50.0	60.0	40.0	50.0	60.0	40.0	50.0	60.0	9.0	9.0	9.0	9.0	7.0	8.0	0.375	1234.0
oblique_8_alt1_angular0_forward19.999	-10.175052642822266	35.35319900512695	-9.892836570739746	-0.8003911375999451	0.0	0.5994781255722046	1	0	19.999000549316406	-10.175052642822266	35.35319900512695	-9.892836570739746	10.0	20.0	30.0	11.0	12.0	19.999000549316406	12.648262023925781	0.0	40.0	50.0	60.0	40.0	50.0	60.0	40.0	50.0	60.0	40.0	50.0	60.0	9.0	9.0	9.0	9.0	7.0	8.0	0.375	1234.0
oblique_8_alt1_angular0_forward20.0	-10.175052642822266	35.35319900512695	-9.892836570739746	-0.8003911375999451	0.0	0.5994781255722046	1	0	20.0	-10.175052642822266	35.35319900512695	-9.892836570739746	10.0	20.0	30.0	11.0	12.0	20.0	12.648262023925781	0.0	40.0	50.0	60.0	40.0	50.0	60.0	40.0	50.0	60.0	40.0	50.0	60.0	9.0	9.0	9.0	9.0	7.0	8.0	0.375	1234.0
oblique_8_alt1_angular0_forward20.001	-10.175052642822266	35.35319900512695	-9.892836570739746	-0.8003911375999451	0.0	0.5994781255722046	1	0	20.000999450683594	-10.175052642822266	35.35319900512695	-9.892836570739746	10.0	20.0	30.0	11.0	12.0	20.000999450683594	12.648262023925781	0.0	40.0	50.0	60.0	40.0	50.0	60.0	40.0	50.0	60.0	40.0	50.0	60.0	9.0	9.0	9.0	9.0	7.0	8.0	0.375	1234.0
oblique_8_alt1_angular1_forward19.999	-10.175052642822266	35.35319900512695	-9.892836570739746	-0.8003911375999451	0.0	0.5994781255722046	1	1	19.999000549316406	-10.175052642822266	35.35319900512695	-9.892836570739746	10.0	20.0	30.0	11.0	12.0	19.999000549316406	12.648262023925781	0.0	40.0	50.0	60.0	40.0	50.0	60.0	40.0	50.0	60.0	40.0	50.0	60.0	9.0	9.0	9.0	9.0	7.0	8.0	0.375	1234.0
oblique_8_alt1_angular1_forward20.0	-10.175052642822266	35.35319900512695	-9.892836570739746	-0.8003911375999451	0.0	0.5994781255722046	1	1	20.0	-10.175052642822266	35.35319900512695	-9.892836570739746	10.0	20.0	30.0	11.0	12.0	20.0	12.648262023925781	0.0	40.0	50.0	60.0	40.0	50.0	60.0	40.0	50.0	60.0	40.0	50.0	60.0	9.0	9.0	9.0	9.0	7.0	8.0	0.375	1234.0
oblique_8_alt1_angular1_forward20.001	-10.175052642822266	35.35319900512695	-9.892836570739746	-0.8003911375999451	0.0	0.5994781255722046	1	1	20.000999450683594	-10.175052642822266	35.35319900512695	-9.892836570739746	10.0	20.0	30.0	11.0	12.0	20.000999450683594	12.648262023925781	0.0	40.0	50.0	60.0	40.0	50.0	60.0	40.0	50.0	60.0	40.0	50.0	60.0	9.0	9.0	9.0	9.0	7.0	8.0	0.375	1234.0
oblique_9_alt0_angular0_forward19.999	-60.90524673461914	-4.138721942901611	-11.414556503295898	-0.6031869053840637	0.0	-0.7975998520851135	0	0	19.999000549316406	-60.90524673461914	-4.138721942901611	-11.414556503295898	10.0	20.0	30.0	11.0	12.0	19.999000549316406	63.75888442993164	0.0	40.0	50.0	60.0	40.0	50.0	60.0	40.0	50.0	60.0	40.0	50.0	60.0	9.0	9.0	9.0	9.0	7.0	8.0	0.375	1234.0
oblique_9_alt0_angular0_forward20.0	-60.90524673461914	-4.138721942901611	-11.414556503295898	-0.6031869053840637	0.0	-0.7975998520851135	0	0	20.0	-60.90524673461914	-4.138721942901611	-11.414556503295898	10.0	20.0	30.0	11.0	12.0	20.0	63.75888442993164	0.0	40.0	50.0	60.0	40.0	50.0	60.0	40.0	50.0	60.0	40.0	50.0	60.0	9.0	9.0	9.0	9.0	7.0	8.0	0.375	1234.0
oblique_9_alt0_angular0_forward20.001	-60.90524673461914	-4.138721942901611	-11.414556503295898	-0.6031869053840637	0.0	-0.7975998520851135	0	0	20.000999450683594	-60.90524673461914	-4.138721942901611	-11.414556503295898	10.0	20.0	30.0	11.0	12.0	20.000999450683594	63.75888442993164	0.0	40.0	50.0	60.0	40.0	50.0	60.0	40.0	50.0	60.0	40.0	50.0	60.0	9.0	9.0	9.0	9.0	7.0	8.0	0.375	1234.0
oblique_9_alt0_angular1_forward19.999	-60.90524673461914	-4.138721942901611	-11.414556503295898	-0.6031869053840637	0.0	-0.7975998520851135	0	1	19.999000549316406	-60.90524673461914	-4.138721942901611	-11.414556503295898	10.0	20.0	30.0	11.0	12.0	19.999000549316406	63.75888442993164	0.0	40.0	50.0	60.0	40.0	50.0	60.0	40.0	50.0	60.0	40.0	50.0	60.0	9.0	9.0	9.0	9.0	7.0	8.0	0.375	1234.0
oblique_9_alt0_angular1_forward20.0	-60.90524673461914	-4.138721942901611	-11.414556503295898	-0.6031869053840637	0.0	-0.7975998520851135	0	1	20.0	-60.90524673461914	-4.138721942901611	-11.414556503295898	10.0	20.0	30.0	11.0	12.0	20.0	63.75888442993164	0.0	40.0	50.0	60.0	40.0	50.0	60.0	40.0	50.0	60.0	40.0	50.0	60.0	9.0	9.0	9.0	9.0	7.0	8.0	0.375	1234.0
oblique_9_alt0_angular1_forward20.001	-60.90524673461914	-4.138721942901611	-11.414556503295898	-0.6031869053840637	0.0	-0.7975998520851135	0	1	20.000999450683594	-60.90524673461914	-4.138721942901611	-11.414556503295898	10.0	20.0	30.0	11.0	12.0	20.000999450683594	63.75888442993164	0.0	40.0	50.0	60.0	40.0	50.0	60.0	40.0	50.0	60.0	40.0	50.0	60.0	9.0	9.0	9.0	9.0	7.0	8.0	0.375	1234.0
oblique_9_alt1_angular0_forward19.999	-60.90524673461914	-4.138721942901611	-11.414556503295898	-0.6031869053840637	0.0	-0.7975998520851135	1	0	19.999000549316406	-60.90524673461914	-4.138721942901611	-11.414556503295898	10.0	20.0	30.0	11.0	12.0	19.999000549316406	63.75888442993164	0.0	40.0	50.0	60.0	40.0	50.0	60.0	40.0	50.0	60.0	40.0	50.0	60.0	9.0	9.0	9.0	9.0	7.0	8.0	0.375	1234.0
oblique_9_alt1_angular0_forward20.0	-60.90524673461914	-4.138721942901611	-11.414556503295898	-0.6031869053840637	0.0	-0.7975998520851135	1	0	20.0	-60.90524673461914	-4.138721942901611	-11.414556503295898	10.0	20.0	30.0	11.0	12.0	20.0	63.75888442993164	0.0	40.0	50.0	60.0	40.0	50.0	60.0	40.0	50.0	60.0	40.0	50.0	60.0	9.0	9.0	9.0	9.0	7.0	8.0	0.375	1234.0
oblique_9_alt1_angular0_forward20.001	-60.90524673461914	-4.138721942901611	-11.414556503295898	-0.6031869053840637	0.0	-0.7975998520851135	1	0	20.000999450683594	-60.90524673461914	-4.138721942901611	-11.414556503295898	10.0	20.0	30.0	11.0	12.0	20.000999450683594	63.75888442993164	0.0	40.0	50.0	60.0	40.0	50.0	60.0	40.0	50.0	60.0	40.0	50.0	60.0	9.0	9.0	9.0	9.0	7.0	8.0	0.375	1234.0
oblique_9_alt1_angular1_forward19.999	-60.90524673461914	-4.138721942901611	-11.414556503295898	-0.6031869053840637	0.0	-0.7975998520851135	1	1	19.999000549316406	-60.90524673461914	-4.138721942901611	-11.414556503295898	10.0	20.0	30.0	11.0	12.0	19.999000549316406	63.75888442993164	0.0	40.0	50.0	60.0	40.0	50.0	60.0	40.0	50.0	60.0	40.0	50.0	60.0	9.0	9.0	9.0	9.0	7.0	8.0	0.375	1234.0
oblique_9_alt1_angular1_forward20.0	-60.90524673461914	-4.138721942901611	-11.414556503295898	-0.6031869053840637	0.0	-0.7975998520851135	1	1	20.0	-60.90524673461914	-4.138721942901611	-11.414556503295898	10.0	20.0	30.0	11.0	12.0	20.0	63.75888442993164	0.0	40.0	50.0	60.0	40.0	50.0	60.0	40.0	50.0	60.0	40.0	50.0	60.0	9.0	9.0	9.0	9.0	7.0	8.0	0.375	1234.0
oblique_9_alt1_angular1_forward20.001	-60.90524673461914	-4.138721942901611	-11.414556503295898	-0.6031869053840637	0.0	-0.7975998520851135	1	1	20.000999450683594	-60.90524673461914	-4.138721942901611	-11.414556503295898	10.0	20.0	30.0	11.0	12.0	20.000999450683594	63.75888442993164	0.0	40.0	50.0	60.0	40.0	50.0	60.0	40.0	50.0	60.0	40.0	50.0	60.0	9.0	9.0	9.0	9.0	7.0	8.0	0.375	1234.0
oblique_10_alt0_angular0_forward19.999	-15.354779243469238	-10.577696800231934	-6.75952672958374	-0.8860189318656921	0.0	0.46364906430244446	0	0	19.999000549316406	-15.354779243469238	-10.577696800231934	-6.75952672958374	10.0	20.0	30.0	11.0	12.0	19.999000549316406	17.044660568237305	0.0	40.0	50.0	60.0	40.0	50.0	60.0	40.0	50.0	60.0	40.0	50.0	60.0	9.0	9.0	9.0	9.0	7.0	8.0	0.375	1234.0
oblique_10_alt0_angular0_forward20.0	-15.354779243469238	-10.577696800231934	-6.75952672958374	-0.8860189318656921	0.0	0.46364906430244446	0	0	20.0	-15.354779243469238	-10.577696800231934	-6.75952672958374	10.0	20.0	30.0	11.0	12.0	20.0	17.044660568237305	0.0	40.0	50.0	60.0	40.0	50.0	60.0	40.0	50.0	60.0	40.0	50.0	60.0	9.0	9.0	9.0	9.0	7.0	8.0	0.375	1234.0
oblique_10_alt0_angular0_forward20.001	-15.354779243469238	-10.577696800231934	-6.75952672958374	-0.8860189318656921	0.0	0.46364906430244446	0	0	20.000999450683594	-15.354779243469238	-10.577696800231934	-6.75952672958374	10.0	20.0	30.0	11.0	12.0	20.000999450683594	17.044660568237305	0.0	40.0	50.0	60.0	40.0	50.0	60.0	40.0	50.0	60.0	40.0	50.0	60.0	9.0	9.0	9.0	9.0	7.0	8.0	0.375	1234.0
oblique_10_alt0_angular1_forward19.999	-15.354779243469238	-10.577696800231934	-6.75952672958374	-0.8860189318656921	0.0	0.46364906430244446	0	1	19.999000549316406	-15.354779243469238	-10.577696800231934	-6.75952672958374	10.0	20.0	30.0	11.0	12.0	19.999000549316406	17.044660568237305	0.0	40.0	50.0	60.0	40.0	50.0	60.0	40.0	50.0	60.0	40.0	50.0	60.0	9.0	9.0	9.0	9.0	7.0	8.0	0.375	1234.0
oblique_10_alt0_angular1_forward20.0	-15.354779243469238	-10.577696800231934	-6.75952672958374	-0.8860189318656921	0.0	0.46364906430244446	0	1	20.0	-15.354779243469238	-10.577696800231934	-6.75952672958374	10.0	20.0	30.0	11.0	12.0	20.0	17.044660568237305	0.0	40.0	50.0	60.0	40.0	50.0	60.0	40.0	50.0	60.0	40.0	50.0	60.0	9.0	9.0	9.0	9.0	7.0	8.0	0.375	1234.0
oblique_10_alt0_angular1_forward20.001	-15.354779243469238	-10.577696800231934	-6.75952672958374	-0.8860189318656921	0.0	0.46364906430244446	0	1	20.000999450683594	-15.354779243469238	-10.577696800231934	-6.75952672958374	10.0	20.0	30.0	11.0	12.0	20.000999450683594	17.044660568237305	0.0	40.0	50.0	60.0	40.0	50.0	60.0	40.0	50.0	60.0	40.0	50.0	60.0	9.0	9.0	9.0	9.0	7.0	8.0	0.375	1234.0
oblique_10_alt1_angular0_forward19.999	-15.354779243469238	-10.577696800231934	-6.75952672958374	-0.8860189318656921	0.0	0.46364906430244446	1	0	19.999000549316406	-15.354779243469238	-10.577696800231934	-6.75952672958374	10.0	20.0	30.0	11.0	12.0	19.999000549316406	17.044660568237305	0.0	40.0	50.0	60.0	40.0	50.0	60.0	40.0	50.0	60.0	40.0	50.0	60.0	9.0	9.0	9.0	9.0	7.0	8.0	0.375	1234.0
oblique_10_alt1_angular0_forward20.0	-15.354779243469238	-10.577696800231934	-6.75952672958374	-0.8860189318656921	0.0	0.46364906430244446	1	0	20.0	-15.354779243469238	-10.577696800231934	-6.75952672958374	10.0	20.0	30.0	11.0	12.0	20.0	17.044660568237305	0.0	40.0	50.0	60.0	40.0	50.0	60.0	40.0	50.0	60.0	40.0	50.0	60.0	9.0	9.0	9.0	9.0	7.0	8.0	0.375	1234.0
oblique_10_alt1_angular0_forward20.001	-15.354779243469238	-10.577696800231934	-6.75952672958374	-0.8860189318656921	0.0	0.46364906430244446	1	0	20.000999450683594	-15.354779243469238	-10.577696800231934	-6.75952672958374	10.0	20.0	30.0	11.0	12.0	20.000999450683594	17.044660568237305	0.0	40.0	50.0	60.0	40.0	50.0	60.0	40.0	50.0	60.0	40.0	50.0	60.0	9.0	9.0	9.0	9.0	7.0	8.0	0.375	1234.0
oblique_10_alt1_angular1_forward19.999	-15.354779243469238	-10.577696800231934	-6.75952672958374	-0.8860189318656921	0.0	0.46364906430244446	1	1	19.999000549316406	-15.354779243469238	-10.577696800231934	-6.75952672958374	10.0	20.0	30.0	11.0	12.0	19.999000549316406	17.044660568237305	0.0	40.0	50.0	60.0	40.0	50.0	60.0	40.0	50.0	60.0	40.0	50.0	60.0	9.0	9.0	9.0	9.0	7.0	8.0	0.375	1234.0
oblique_10_alt1_angular1_forward20.0	-15.354779243469238	-10.577696800231934	-6.75952672958374	-0.8860189318656921	0.0	0.46364906430244446	1	1	20.0	-15.354779243469238	-10.577696800231934	-6.75952672958374	10.0	20.0	30.0	11.0	12.0	20.0	17.044660568237305	0.0	40.0	50.0	60.0	40.0	50.0	60.0	40.0	50.0	60.0	40.0	50.0	60.0	9.0	9.0	9.0	9.0	7.0	8.0	0.375	1234.0
oblique_10_alt1_angular1_forward20.001	-15.354779243469238	-10.577696800231934	-6.75952672958374	-0.8860189318656921	0.0	0.46364906430244446	1	1	20.000999450683594	-15.354779243469238	-10.577696800231934	-6.75952672958374	10.0	20.0	30.0	11.0	12.0	20.000999450683594	17.044660568237305	0.0	40.0	50.0	60.0	40.0	50.0	60.0	40.0	50.0	60.0	40.0	50.0	60.0	9.0	9.0	9.0	9.0	7.0	8.0	0.375	1234.0
oblique_11_alt0_angular0_forward19.999	-40.56425094604492	6.368553161621094	-3.1152498722076416	-0.946345329284668	0.0	0.32315701246261597	0	0	19.999000549316406	-40.56425094604492	6.368553161621094	-3.1152498722076416	10.0	20.0	30.0	11.0	12.0	19.999000549316406	41.34306335449219	0.0	40.0	50.0	60.0	40.0	50.0	60.0	40.0	50.0	60.0	40.0	50.0	60.0	9.0	9.0	9.0	9.0	7.0	8.0	0.375	1234.0
oblique_11_alt0_angular0_forward20.0	-40.56425094604492	6.368553161621094	-3.1152498722076416	-0.946345329284668	0.0	0.32315701246261597	0	0	20.0	-40.56425094604492	6.368553161621094	-3.1152498722076416	10.0	20.0	30.0	11.0	12.0	20.0	41.34306335449219	0.0	40.0	50.0	60.0	40.0	50.0	60.0	40.0	50.0	60.0	40.0	50.0	60.0	9.0	9.0	9.0	9.0	7.0	8.0	0.375	1234.0
oblique_11_alt0_angular0_forward20.001	-40.56425094604492	6.368553161621094	-3.1152498722076416	-0.946345329284668	0.0	0.32315701246261597	0	0	20.000999450683594	-40.56425094604492	6.368553161621094	-3.1152498722076416	10.0	20.0	30.0	11.0	12.0	20.000999450683594	41.34306335449219	0.0	40.0	50.0	60.0	40.0	50.0	60.0	40.0	50.0	60.0	40.0	50.0	60.0	9.0	9.0	9.0	9.0	7.0	8.0	0.375	1234.0
oblique_11_alt0_angular1_forward19.999	-40.56425094604492	6.368553161621094	-3.1152498722076416	-0.946345329284668	0.0	0.32315701246261597	0	1	19.999000549316406	-40.56425094604492	6.368553161621094	-3.1152498722076416	10.0	20.0	30.0	11.0	12.0	19.999000549316406	41.34306335449219	0.0	40.0	50.0	60.0	40.0	50.0	60.0	40.0	50.0	60.0	40.0	50.0	60.0	9.0	9.0	9.0	9.0	7.0	8.0	0.375	1234.0
oblique_11_alt0_angular1_forward20.0	-40.56425094604492	6.368553161621094	-3.1152498722076416	-0.946345329284668	0.0	0.32315701246261597	0	1	20.0	-40.56425094604492	6.368553161621094	-3.1152498722076416	10.0	20.0	30.0	11.0	12.0	20.0	41.34306335449219	0.0	40.0	50.0	60.0	40.0	50.0	60.0	40.0	50.0	60.0	40.0	50.0	60.0	9.0	9.0	9.0	9.0	7.0	8.0	0.375	1234.0
oblique_11_alt0_angular1_forward20.001	-40.56425094604492	6.368553161621094	-3.1152498722076416	-0.946345329284668	0.0	0.32315701246261597	0	1	20.000999450683594	-40.56425094604492	6.368553161621094	-3.1152498722076416	10.0	20.0	30.0	11.0	12.0	20.000999450683594	41.34306335449219	0.0	40.0	50.0	60.0	40.0	50.0	60.0	40.0	50.0	60.0	40.0	50.0	60.0	9.0	9.0	9.0	9.0	7.0	8.0	0.375	1234.0
oblique_11_alt1_angular0_forward19.999	-40.56425094604492	6.368553161621094	-3.1152498722076416	-0.946345329284668	0.0	0.32315701246261597	1	0	19.999000549316406	-40.56425094604492	6.368553161621094	-3.1152498722076416	10.0	20.0	30.0	11.0	12.0	19.999000549316406	41.34306335449219	0.0	40.0	50.0	60.0	40.0	50.0	60.0	40.0	50.0	60.0	40.0	50.0	60.0	9.0	9.0	9.0	9.0	7.0	8.0	0.375	1234.0
oblique_11_alt1_angular0_forward20.0	-40.56425094604492	6.368553161621094	-3.1152498722076416	-0.946345329284668	0.0	0.32315701246261597	1	0	20.0	-40.56425094604492	6.368553161621094	-3.1152498722076416	10.0	20.0	30.0	11.0	12.0	20.0	41.34306335449219	0.0	40.0	50.0	60.0	40.0	50.0	60.0	40.0	50.0	60.0	40.0	50.0	60.0	9.0	9.0	9.0	9.0	7.0	8.0	0.375	1234.0
oblique_11_alt1_angular0_forward20.001	-40.56425094604492	6.368553161621094	-3.1152498722076416	-0.946345329284668	0.0	0.32315701246261597	1	0	20.000999450683594	-40.56425094604492	6.368553161621094	-3.1152498722076416	10.0	20.0	30.0	11.0	12.0	20.000999450683594	41.34306335449219	0.0	40.0	50.0	60.0	40.0	50.0	60.0	40.0	50.0	60.0	40.0	50.0	60.0	9.0	9.0	9.0	9.0	7.0	8.0	0.375	1234.0
oblique_11_alt1_angular1_forward19.999	-40.56425094604492	6.368553161621094	-3.1152498722076416	-0.946345329284668	0.0	0.32315701246261597	1	1	19.999000549316406	-40.56425094604492	6.368553161621094	-3.1152498722076416	10.0	20.0	30.0	11.0	12.0	19.999000549316406	41.34306335449219	0.0	40.0	50.0	60.0	40.0	50.0	60.0	40.0	50.0	60.0	40.0	50.0	60.0	9.0	9.0	9.0	9.0	7.0	8.0	0.375	1234.0
oblique_11_alt1_angular1_forward20.0	-40.56425094604492	6.368553161621094	-3.1152498722076416	-0.946345329284668	0.0	0.32315701246261597	1	1	20.0	-40.56425094604492	6.368553161621094	-3.1152498722076416	10.0	20.0	30.0	11.0	12.0	20.0	41.34306335449219	0.0	40.0	50.0	60.0	40.0	50.0	60.0	40.0	50.0	60.0	40.0	50.0	60.0	9.0	9.0	9.0	9.0	7.0	8.0	0.375	1234.0
oblique_11_alt1_angular1_forward20.001	-40.56425094604492	6.368553161621094	-3.1152498722076416	-0.946345329284668	0.0	0.32315701246261597	1	1	20.000999450683594	-40.56425094604492	6.368553161621094	-3.1152498722076416	10.0	20.0	30.0	11.0	12.0	20.000999450683594	41.34306335449219	0.0	40.0	50.0	60.0	40.0	50.0	60.0	40.0	50.0	60.0	40.0	50.0	60.0	9.0	9.0	9.0	9.0	7.0	8.0	0.375	1234.0
oblique_12_alt0_angular0_forward19.999	-1.8772011995315552	-44.08521270751953	-16.98810386657715	0.7577787637710571	0.0	-0.6525115966796875	0	0	19.999000549316406	-1.8772011995315552	-44.08521270751953	-16.98810386657715	10.0	20.0	30.0	11.0	12.0	19.999000549316406	17.45740509033203	0.0	40.0	50.0	60.0	40.0	50.0	60.0	40.0	50.0	60.0	40.0	50.0	60.0	9.0	9.0	9.0	9.0	7.0	8.0	0.375	1234.0
oblique_12_alt0_angular0_forward20.0	-1.8772011995315552	-44.08521270751953	-16.98810386657715	0.7577787637710571	0.0	-0.6525115966796875	0	0	20.0	-1.8772011995315552	-44.08521270751953	-16.98810386657715	10.0	20.0	30.0	11.0	12.0	20.0	17.45740509033203	0.0	40.0	50.0	60.0	40.0	50.0	60.0	40.0	50.0	60.0	40.0	50.0	60.0	9.0	9.0	9.0	9.0	7.0	8.0	0.375	1234.0
oblique_12_alt0_angular0_forward20.001	-1.8772011995315552	-44.08521270751953	-16.98810386657715	0.7577787637710571	0.0	-0.6525115966796875	0	0	20.000999450683594	-1.8772011995315552	-44.08521270751953	-16.98810386657715	10.0	20.0	30.0	11.0	12.0	20.000999450683594	17.45740509033203	0.0	40.0	50.0	60.0	40.0	50.0	60.0	40.0	50.0	60.0	40.0	50.0	60.0	9.0	9.0	9.0	9.0	7.0	8.0	0.375	1234.0
oblique_12_alt0_angular1_forward19.999	-1.8772011995315552	-44.08521270751953	-16.98810386657715	0.7577787637710571	0.0	-0.6525115966796875	0	1	19.999000549316406	-1.8772011995315552	-44.08521270751953	-16.98810386657715	10.0	20.0	30.0	11.0	12.0	19.999000549316406	17.45740509033203	0.0	40.0	50.0	60.0	40.0	50.0	60.0	40.0	50.0	60.0	40.0	50.0	60.0	9.0	9.0	9.0	9.0	7.0	8.0	0.375	1234.0
oblique_12_alt0_angular1_forward20.0	-1.8772011995315552	-44.08521270751953	-16.98810386657715	0.7577787637710571	0.0	-0.6525115966796875	0	1	20.0	-1.8772011995315552	-44.08521270751953	-16.98810386657715	10.0	20.0	30.0	11.0	12.0	20.0	17.45740509033203	0.0	40.0	50.0	60.0	40.0	50.0	60.0	40.0	50.0	60.0	40.0	50.0	60.0	9.0	9.0	9.0	9.0	7.0	8.0	0.375	1234.0
oblique_12_alt0_angular1_forward20.001	-1.8772011995315552	-44.08521270751953	-16.98810386657715	0.7577787637710571	0.0	-0.6525115966796875	0	1	20.000999450683594	-1.8772011995315552	-44.08521270751953	-16.98810386657715	10.0	20.0	30.0	11.0	12.0	20.000999450683594	17.45740509033203	0.0	40.0	50.0	60.0	40.0	50.0	60.0	40.0	50.0	60.0	40.0	50.0	60.0	9.0	9.0	9.0	9.0	7.0	8.0	0.375	1234.0
oblique_12_alt1_angular0_forward19.999	-1.8772011995315552	-44.08521270751953	-16.98810386657715	0.7577787637710571	0.0	-0.6525115966796875	1	0	19.999000549316406	-1.8772011995315552	-44.08521270751953	-16.98810386657715	10.0	20.0	30.0	11.0	12.0	19.999000549316406	17.45740509033203	0.0	40.0	50.0	60.0	40.0	50.0	60.0	40.0	50.0	60.0	40.0	50.0	60.0	9.0	9.0	9.0	9.0	7.0	8.0	0.375	1234.0
oblique_12_alt1_angular0_forward20.0	-1.8772011995315552	-44.08521270751953	-16.98810386657715	0.7577787637710571	0.0	-0.6525115966796875	1	0	20.0	-1.8772011995315552	-44.08521270751953	-16.98810386657715	10.0	20.0	30.0	11.0	12.0	20.0	17.45740509033203	0.0	40.0	50.0	60.0	40.0	50.0	60.0	40.0	50.0	60.0	40.0	50.0	60.0	9.0	9.0	9.0	9.0	7.0	8.0	0.375	1234.0
oblique_12_alt1_angular0_forward20.001	-1.8772011995315552	-44.08521270751953	-16.98810386657715	0.7577787637710571	0.0	-0.6525115966796875	1	0	20.000999450683594	-1.8772011995315552	-44.08521270751953	-16.98810386657715	10.0	20.0	30.0	11.0	12.0	20.000999450683594	17.45740509033203	0.0	40.0	50.0	60.0	40.0	50.0	60.0	40.0	50.0	60.0	40.0	50.0	60.0	9.0	9.0	9.0	9.0	7.0	8.0	0.375	1234.0
oblique_12_alt1_angular1_forward19.999	-1.8772011995315552	-44.08521270751953	-16.98810386657715	0.7577787637710571	0.0	-0.6525115966796875	1	1	19.999000549316406	-1.8772011995315552	-44.08521270751953	-16.98810386657715	10.0	20.0	30.0	11.0	12.0	19.999000549316406	17.45740509033203	0.0	40.0	50.0	60.0	40.0	50.0	60.0	40.0	50.0	60.0	40.0	50.0	60.0	9.0	9.0	9.0	9.0	7.0	8.0	0.375	1234.0
oblique_12_alt1_angular1_forward20.0	-1.8772011995315552	-44.08521270751953	-16.98810386657715	0.7577787637710571	0.0	-0.6525115966796875	1	1	20.0	-1.8772011995315552	-44.08521270751953	-16.98810386657715	10.0	20.0	30.0	11.0	12.0	20.0	17.45740509033203	0.0	40.0	50.0	60.0	40.0	50.0	60.0	40.0	50.0	60.0	40.0	50.0	60.0	9.0	9.0	9.0	9.0	7.0	8.0	0.375	1234.0
oblique_12_alt1_angular1_forward20.001	-1.8772011995315552	-44.08521270751953	-16.98810386657715	0.7577787637710571	0.0	-0.6525115966796875	1	1	20.000999450683594	-1.8772011995315552	-44.08521270751953	-16.98810386657715	10.0	20.0	30.0	11.0	12.0	20.000999450683594	17.45740509033203	0.0	40.0	50.0	60.0	40.0	50.0	60.0	40.0	50.0	60.0	40.0	50.0	60.0	9.0	9.0	9.0	9.0	7.0	8.0	0.375	1234.0
oblique_13_alt0_angular0_forward19.999	-21.503040313720703	46.42306137084961	-47.038421630859375	0.923801839351654	0.0	-0.38287097215652466	0	0	19.999000549316406	-19.578886032104492	46.33021545410156	-47.72399139404297	10.125	19.75	30.5	-19.578886032104492	46.33021545410156	-47.72399139404297	52.61871337890625	13.103545188903809	40.125	50.0	60.5	40.125	50.0	60.5	40.125	50.0	60.5	40.125	50.0	60.5	9.0	9.0	9.0	9.0	7.0	8.0	0.375	1234.0
oblique_13_alt0_angular0_forward20.0	-21.503040313720703	46.42306137084961	-47.038421630859375	0.923801839351654	0.0	-0.38287097215652466	0	0	20.0	-19.578886032104492	46.33021545410156	-47.72399139404297	10.125	19.75	30.5	-19.578886032104492	46.33021545410156	-47.72399139404297	52.61871337890625	13.103545188903809	40.125	50.0	60.5	40.125	50.0	60.5	40.125	50.0	60.5	40.125	50.0	60.5	9.0	9.0	9.0	9.0	7.0	8.0	0.375	1234.0
oblique_13_alt0_angular0_forward20.001	-21.503040313720703	46.42306137084961	-47.038421630859375	0.923801839351654	0.0	-0.38287097215652466	0	0	20.000999450683594	-19.578886032104492	46.33021545410156	-47.72399139404297	10.125	19.75	30.5	-19.578886032104492	46.33021545410156	-47.72399139404297	52.61871337890625	13.103545188903809	40.125	50.0	60.5	40.125	50.0	60.5	40.125	50.0	60.5	40.125	50.0	60.5	9.0	9.0	9.0	9.0	7.0	8.0	0.375	1234.0
oblique_13_alt0_angular1_forward19.999	-21.503040313720703	46.42306137084961	-47.038421630859375	0.923801839351654	0.0	-0.38287097215652466	0	1	19.999000549316406	-19.578886032104492	46.33021545410156	-47.72399139404297	10.125	19.75	30.5	-19.578886032104492	46.33021545410156	-47.72399139404297	52.61871337890625	13.103545188903809	40.125	50.0	60.5	40.125	50.0	60.5	40.125	50.0	60.5	40.125	50.0	60.5	9.0	9.0	9.0	9.0	7.0	8.0	-0.04785887151956558	0.0
oblique_13_alt0_angular1_forward20.0	-21.503040313720703	46.42306137084961	-47.038421630859375	0.923801839351654	0.0	-0.38287097215652466	0	1	20.0	-19.578886032104492	46.33021545410156	-47.72399139404297	10.125	19.75	30.5	-19.578886032104492	46.33021545410156	-47.72399139404297	52.61871337890625	13.103545188903809	40.125	50.0	60.5	40.125	50.0	60.5	40.125	50.0	60.5	40.125	50.0	60.5	9.0	9.0	9.0	9.0	7.0	8.0	-0.04785887151956558	0.0
oblique_13_alt0_angular1_forward20.001	-21.503040313720703	46.42306137084961	-47.038421630859375	0.923801839351654	0.0	-0.38287097215652466	0	1	20.000999450683594	-19.578886032104492	46.33021545410156	-47.72399139404297	10.125	19.75	30.5	-19.578886032104492	46.33021545410156	-47.72399139404297	52.61871337890625	13.103545188903809	40.125	50.0	60.5	40.125	50.0	60.5	40.125	50.0	60.5	40.125	50.0	60.5	9.0	9.0	9.0	9.0	7.0	8.0	-0.04785887151956558	0.0
oblique_13_alt1_angular0_forward19.999	-21.503040313720703	46.42306137084961	-47.038421630859375	0.923801839351654	0.0	-0.38287097215652466	1	0	19.999000549316406	-19.578886032104492	46.33021545410156	-47.72399139404297	10.125	19.75	30.5	47.72399139404297	46.33021545410156	-19.578886032104492	52.61871337890625	13.103545188903809	40.125	50.0	60.5	40.125	50.0	60.5	40.125	50.0	60.5	40.125	50.0	60.5	0.0	0.0	0.0	0.0	0.0	0.0	0.375	1234.0
oblique_13_alt1_angular0_forward20.0	-21.503040313720703	46.42306137084961	-47.038421630859375	0.923801839351654	0.0	-0.38287097215652466	1	0	20.0	-19.578886032104492	46.33021545410156	-47.72399139404297	10.125	19.75	30.5	47.72399139404297	46.33021545410156	-19.578886032104492	52.61871337890625	13.103545188903809	40.125	50.0	60.5	40.125	50.0	60.5	40.125	50.0	60.5	40.125	50.0	60.5	0.0	0.0	0.0	0.0	0.0	0.0	0.375	1234.0
oblique_13_alt1_angular0_forward20.001	-21.503040313720703	46.42306137084961	-47.038421630859375	0.923801839351654	0.0	-0.38287097215652466	1	0	20.000999450683594	-19.578886032104492	46.33021545410156	-47.72399139404297	10.125	19.75	30.5	47.72399139404297	46.33021545410156	-19.578886032104492	52.61871337890625	13.103545188903809	40.125	50.0	60.5	40.125	50.0	60.5	40.125	50.0	60.5	40.125	50.0	60.5	0.0	0.0	0.0	0.0	0.0	0.0	0.375	1234.0
oblique_13_alt1_angular1_forward19.999	-21.503040313720703	46.42306137084961	-47.038421630859375	0.923801839351654	0.0	-0.38287097215652466	1	1	19.999000549316406	-19.578886032104492	46.33021545410156	-47.72399139404297	10.125	19.75	30.5	47.72399139404297	46.33021545410156	-19.578886032104492	52.61871337890625	13.103545188903809	40.125	50.0	60.5	40.125	50.0	60.5	40.125	50.0	60.5	40.125	50.0	60.5	0.0	0.0	0.0	0.0	0.0	0.0	-0.04785887151956558	0.0
oblique_13_alt1_angular1_forward20.0	-21.503040313720703	46.42306137084961	-47.038421630859375	0.923801839351654	0.0	-0.38287097215652466	1	1	20.0	-19.578886032104492	46.33021545410156	-47.72399139404297	10.125	19.75	30.5	47.72399139404297	46.33021545410156	-19.578886032104492	52.61871337890625	13.103545188903809	40.125	50.0	60.5	40.125	50.0	60.5	40.125	50.0	60.5	40.125	50.0	60.5	0.0	0.0	0.0	0.0	0.0	0.0	-0.04785887151956558	0.0
oblique_13_alt1_angular1_forward20.001	-21.503040313720703	46.42306137084961	-47.038421630859375	0.923801839351654	0.0	-0.38287097215652466	1	1	20.000999450683594	-19.578886032104492	46.33021545410156	-47.72399139404297	10.125	19.75	30.5	47.72399139404297	46.33021545410156	-19.578886032104492	52.61871337890625	13.103545188903809	40.125	50.0	60.5	40.125	50.0	60.5	40.125	50.0	60.5	40.125	50.0	60.5	0.0	0.0	0.0	0.0	0.0	0.0	-0.04785887151956558	0.0
oblique_14_alt0_angular0_forward19.999	76.63787841796875	52.142913818359375	8.347172737121582	0.6840705275535583	0.0	-0.7294158935546875	0	0	19.999000549316406	76.63787841796875	52.142913818359375	8.347172737121582	10.0	20.0	30.0	11.0	12.0	19.999000549316406	78.72467041015625	0.0	40.0	50.0	60.0	40.0	50.0	60.0	40.0	50.0	60.0	40.0	50.0	60.0	9.0	9.0	9.0	9.0	7.0	8.0	0.375	1234.0
oblique_14_alt0_angular0_forward20.0	76.63787841796875	52.142913818359375	8.347172737121582	0.6840705275535583	0.0	-0.7294158935546875	0	0	20.0	76.63787841796875	52.142913818359375	8.347172737121582	10.0	20.0	30.0	11.0	12.0	20.0	78.72467041015625	0.0	40.0	50.0	60.0	40.0	50.0	60.0	40.0	50.0	60.0	40.0	50.0	60.0	9.0	9.0	9.0	9.0	7.0	8.0	0.375	1234.0
oblique_14_alt0_angular0_forward20.001	76.63787841796875	52.142913818359375	8.347172737121582	0.6840705275535583	0.0	-0.7294158935546875	0	0	20.000999450683594	76.63787841796875	52.142913818359375	8.347172737121582	10.0	20.0	30.0	11.0	12.0	20.000999450683594	78.72467041015625	0.0	40.0	50.0	60.0	40.0	50.0	60.0	40.0	50.0	60.0	40.0	50.0	60.0	9.0	9.0	9.0	9.0	7.0	8.0	0.375	1234.0
oblique_14_alt0_angular1_forward19.999	76.63787841796875	52.142913818359375	8.347172737121582	0.6840705275535583	0.0	-0.7294158935546875	0	1	19.999000549316406	76.63787841796875	52.142913818359375	8.347172737121582	10.0	20.0	30.0	11.0	12.0	19.999000549316406	78.72467041015625	0.0	40.0	50.0	60.0	40.0	50.0	60.0	40.0	50.0	60.0	40.0	50.0	60.0	9.0	9.0	9.0	9.0	7.0	8.0	0.375	1234.0
oblique_14_alt0_angular1_forward20.0	76.63787841796875	52.142913818359375	8.347172737121582	0.6840705275535583	0.0	-0.7294158935546875	0	1	20.0	76.63787841796875	52.142913818359375	8.347172737121582	10.0	20.0	30.0	11.0	12.0	20.0	78.72467041015625	0.0	40.0	50.0	60.0	40.0	50.0	60.0	40.0	50.0	60.0	40.0	50.0	60.0	9.0	9.0	9.0	9.0	7.0	8.0	0.375	1234.0
oblique_14_alt0_angular1_forward20.001	76.63787841796875	52.142913818359375	8.347172737121582	0.6840705275535583	0.0	-0.7294158935546875	0	1	20.000999450683594	76.63787841796875	52.142913818359375	8.347172737121582	10.0	20.0	30.0	11.0	12.0	20.000999450683594	78.72467041015625	0.0	40.0	50.0	60.0	40.0	50.0	60.0	40.0	50.0	60.0	40.0	50.0	60.0	9.0	9.0	9.0	9.0	7.0	8.0	0.375	1234.0
oblique_14_alt1_angular0_forward19.999	76.63787841796875	52.142913818359375	8.347172737121582	0.6840705275535583	0.0	-0.7294158935546875	1	0	19.999000549316406	76.63787841796875	52.142913818359375	8.347172737121582	10.0	20.0	30.0	11.0	12.0	19.999000549316406	78.72467041015625	0.0	40.0	50.0	60.0	40.0	50.0	60.0	40.0	50.0	60.0	40.0	50.0	60.0	9.0	9.0	9.0	9.0	7.0	8.0	0.375	1234.0
oblique_14_alt1_angular0_forward20.0	76.63787841796875	52.142913818359375	8.347172737121582	0.6840705275535583	0.0	-0.7294158935546875	1	0	20.0	76.63787841796875	52.142913818359375	8.347172737121582	10.0	20.0	30.0	11.0	12.0	20.0	78.72467041015625	0.0	40.0	50.0	60.0	40.0	50.0	60.0	40.0	50.0	60.0	40.0	50.0	60.0	9.0	9.0	9.0	9.0	7.0	8.0	0.375	1234.0
oblique_14_alt1_angular0_forward20.001	76.63787841796875	52.142913818359375	8.347172737121582	0.6840705275535583	0.0	-0.7294158935546875	1	0	20.000999450683594	76.63787841796875	52.142913818359375	8.347172737121582	10.0	20.0	30.0	11.0	12.0	20.000999450683594	78.72467041015625	0.0	40.0	50.0	60.0	40.0	50.0	60.0	40.0	50.0	60.0	40.0	50.0	60.0	9.0	9.0	9.0	9.0	7.0	8.0	0.375	1234.0
oblique_14_alt1_angular1_forward19.999	76.63787841796875	52.142913818359375	8.347172737121582	0.6840705275535583	0.0	-0.7294158935546875	1	1	19.999000549316406	76.63787841796875	52.142913818359375	8.347172737121582	10.0	20.0	30.0	11.0	12.0	19.999000549316406	78.72467041015625	0.0	40.0	50.0	60.0	40.0	50.0	60.0	40.0	50.0	60.0	40.0	50.0	60.0	9.0	9.0	9.0	9.0	7.0	8.0	0.375	1234.0
oblique_14_alt1_angular1_forward20.0	76.63787841796875	52.142913818359375	8.347172737121582	0.6840705275535583	0.0	-0.7294158935546875	1	1	20.0	76.63787841796875	52.142913818359375	8.347172737121582	10.0	20.0	30.0	11.0	12.0	20.0	78.72467041015625	0.0	40.0	50.0	60.0	40.0	50.0	60.0	40.0	50.0	60.0	40.0	50.0	60.0	9.0	9.0	9.0	9.0	7.0	8.0	0.375	1234.0
oblique_14_alt1_angular1_forward20.001	76.63787841796875	52.142913818359375	8.347172737121582	0.6840705275535583	0.0	-0.7294158935546875	1	1	20.000999450683594	76.63787841796875	52.142913818359375	8.347172737121582	10.0	20.0	30.0	11.0	12.0	20.000999450683594	78.72467041015625	0.0	40.0	50.0	60.0	40.0	50.0	60.0	40.0	50.0	60.0	40.0	50.0	60.0	9.0	9.0	9.0	9.0	7.0	8.0	0.375	1234.0
oblique_15_alt0_angular0_forward19.999	-40.34417724609375	-34.74354934692383	78.25516510009766	0.863502025604248	0.0	0.5043454170227051	0	0	19.999000549316406	-40.34417724609375	-34.74354934692383	78.25516510009766	10.0	20.0	30.0	11.0	12.0	19.999000549316406	88.3412094116211	0.0	40.0	50.0	60.0	40.0	50.0	60.0	40.0	50.0	60.0	40.0	50.0	60.0	9.0	9.0	9.0	9.0	7.0	8.0	0.375	1234.0
oblique_15_alt0_angular0_forward20.0	-40.34417724609375	-34.74354934692383	78.25516510009766	0.863502025604248	0.0	0.5043454170227051	0	0	20.0	-40.34417724609375	-34.74354934692383	78.25516510009766	10.0	20.0	30.0	11.0	12.0	20.0	88.3412094116211	0.0	40.0	50.0	60.0	40.0	50.0	60.0	40.0	50.0	60.0	40.0	50.0	60.0	9.0	9.0	9.0	9.0	7.0	8.0	0.375	1234.0
oblique_15_alt0_angular0_forward20.001	-40.34417724609375	-34.74354934692383	78.25516510009766	0.863502025604248	0.0	0.5043454170227051	0	0	20.000999450683594	-40.34417724609375	-34.74354934692383	78.25516510009766	10.0	20.0	30.0	11.0	12.0	20.000999450683594	88.3412094116211	0.0	40.0	50.0	60.0	40.0	50.0	60.0	40.0	50.0	60.0	40.0	50.0	60.0	9.0	9.0	9.0	9.0	7.0	8.0	0.375	1234.0
oblique_15_alt0_angular1_forward19.999	-40.34417724609375	-34.74354934692383	78.25516510009766	0.863502025604248	0.0	0.5043454170227051	0	1	19.999000549316406	-40.34417724609375	-34.74354934692383	78.25516510009766	10.0	20.0	30.0	11.0	12.0	19.999000549316406	88.3412094116211	0.0	40.0	50.0	60.0	40.0	50.0	60.0	40.0	50.0	60.0	40.0	50.0	60.0	9.0	9.0	9.0	9.0	7.0	8.0	0.375	1234.0
oblique_15_alt0_angular1_forward20.0	-40.34417724609375	-34.74354934692383	78.25516510009766	0.863502025604248	0.0	0.5043454170227051	0	1	20.0	-40.34417724609375	-34.74354934692383	78.25516510009766	10.0	20.0	30.0	11.0	12.0	20.0	88.3412094116211	0.0	40.0	50.0	60.0	40.0	50.0	60.0	40.0	50.0	60.0	40.0	50.0	60.0	9.0	9.0	9.0	9.0	7.0	8.0	0.375	1234.0
oblique_15_alt0_angular1_forward20.001	-40.34417724609375	-34.74354934692383	78.25516510009766	0.863502025604248	0.0	0.5043454170227051	0	1	20.000999450683594	-40.34417724609375	-34.74354934692383	78.25516510009766	10.0	20.0	30.0	11.0	12.0	20.000999450683594	88.3412094116211	0.0	40.0	50.0	60.0	40.0	50.0	60.0	40.0	50.0	60.0	40.0	50.0	60.0	9.0	9.0	9.0	9.0	7.0	8.0	0.375	1234.0
oblique_15_alt1_angular0_forward19.999	-40.34417724609375	-34.74354934692383	78.25516510009766	0.863502025604248	0.0	0.5043454170227051	1	0	19.999000549316406	-40.34417724609375	-34.74354934692383	78.25516510009766	10.0	20.0	30.0	11.0	12.0	19.999000549316406	88.3412094116211	0.0	40.0	50.0	60.0	40.0	50.0	60.0	40.0	50.0	60.0	40.0	50.0	60.0	9.0	9.0	9.0	9.0	7.0	8.0	0.375	1234.0
oblique_15_alt1_angular0_forward20.0	-40.34417724609375	-34.74354934692383	78.25516510009766	0.863502025604248	0.0	0.5043454170227051	1	0	20.0	-40.34417724609375	-34.74354934692383	78.25516510009766	10.0	20.0	30.0	11.0	12.0	20.0	88.3412094116211	0.0	40.0	50.0	60.0	40.0	50.0	60.0	40.0	50.0	60.0	40.0	50.0	60.0	9.0	9.0	9.0	9.0	7.0	8.0	0.375	1234.0
oblique_15_alt1_angular0_forward20.001	-40.34417724609375	-34.74354934692383	78.25516510009766	0.863502025604248	0.0	0.5043454170227051	1	0	20.000999450683594	-40.34417724609375	-34.74354934692383	78.25516510009766	10.0	20.0	30.0	11.0	12.0	20.000999450683594	88.3412094116211	0.0	40.0	50.0	60.0	40.0	50.0	60.0	40.0	50.0	60.0	40.0	50.0	60.0	9.0	9.0	9.0	9.0	7.0	8.0	0.375	1234.0
oblique_15_alt1_angular1_forward19.999	-40.34417724609375	-34.74354934692383	78.25516510009766	0.863502025604248	0.0	0.5043454170227051	1	1	19.999000549316406	-40.34417724609375	-34.74354934692383	78.25516510009766	10.0	20.0	30.0	11.0	12.0	19.999000549316406	88.3412094116211	0.0	40.0	50.0	60.0	40.0	50.0	60.0	40.0	50.0	60.0	40.0	50.0	60.0	9.0	9.0	9.0	9.0	7.0	8.0	0.375	1234.0
oblique_15_alt1_angular1_forward20.0	-40.34417724609375	-34.74354934692383	78.25516510009766	0.863502025604248	0.0	0.5043454170227051	1	1	20.0	-40.34417724609375	-34.74354934692383	78.25516510009766	10.0	20.0	30.0	11.0	12.0	20.0	88.3412094116211	0.0	40.0	50.0	60.0	40.0	50.0	60.0	40.0	50.0	60.0	40.0	50.0	60.0	9.0	9.0	9.0	9.0	7.0	8.0	0.375	1234.0
oblique_15_alt1_angular1_forward20.001	-40.34417724609375	-34.74354934692383	78.25516510009766	0.863502025604248	0.0	0.5043454170227051	1	1	20.000999450683594	-40.34417724609375	-34.74354934692383	78.25516510009766	10.0	20.0	30.0	11.0	12.0	20.000999450683594	88.3412094116211	0.0	40.0	50.0	60.0	40.0	50.0	60.0	40.0	50.0	60.0	40.0	50.0	60.0	9.0	9.0	9.0	9.0	7.0	8.0	0.375	1234.0
oblique_16_alt0_angular0_forward19.999	-73.44650268554688	17.30010986328125	-10.48680591583252	0.4416400194168091	0.0	-0.8971923589706421	0	0	19.999000549316406	-62.1347770690918	17.26551055908203	-33.14720916748047	10.125	19.75	30.5	-62.1347770690918	17.26551055908203	-33.14720916748047	70.42157745361328	69.08470153808594	40.125	50.0	60.5	40.125	50.0	60.5	40.125	50.0	60.5	40.125	50.0	60.5	9.0	9.0	9.0	9.0	7.0	8.0	0.375	1234.0
oblique_16_alt0_angular0_forward20.0	-73.44650268554688	17.30010986328125	-10.48680591583252	0.4416400194168091	0.0	-0.8971923589706421	0	0	20.0	-62.1347770690918	17.26551055908203	-33.14720916748047	10.125	19.75	30.5	-62.1347770690918	17.26551055908203	-33.14720916748047	70.42157745361328	69.08470153808594	40.125	50.0	60.5	40.125	50.0	60.5	40.125	50.0	60.5	40.125	50.0	60.5	9.0	9.0	9.0	9.0	7.0	8.0	0.375	1234.0
oblique_16_alt0_angular0_forward20.001	-73.44650268554688	17.30010986328125	-10.48680591583252	0.4416400194168091	0.0	-0.8971923589706421	0	0	20.000999450683594	-62.1347770690918	17.26551055908203	-33.14720916748047	10.125	19.75	30.5	-62.1347770690918	17.26551055908203	-33.14720916748047	70.42157745361328	69.08470153808594	40.125	50.0	60.5	40.125	50.0	60.5	40.125	50.0	60.5	40.125	50.0	60.5	9.0	9.0	9.0	9.0	7.0	8.0	0.375	1234.0
oblique_16_alt0_angular1_forward19.999	-73.44650268554688	17.30010986328125	-10.48680591583252	0.4416400194168091	0.0	-0.8971923589706421	0	1	19.999000549316406	-62.1347770690918	17.26551055908203	-33.14720916748047	10.125	19.75	30.5	-62.1347770690918	17.26551055908203	-33.14720916748047	70.42157745361328	69.08470153808594	40.125	50.0	60.5	40.125	50.0	60.5	40.125	50.0	60.5	40.125	50.0	60.5	9.0	9.0	9.0	9.0	7.0	8.0	-0.055205002427101135	0.0
oblique_16_alt0_angular1_forward20.0	-73.44650268554688	17.30010986328125	-10.48680591583252	0.4416400194168091	0.0	-0.8971923589706421	0	1	20.0	-62.1347770690918	17.26551055908203	-33.14720916748047	10.125	19.75	30.5	-62.1347770690918	17.26551055908203	-33.14720916748047	70.42157745361328	69.08470153808594	40.125	50.0	60.5	40.125	50.0	60.5	40.125	50.0	60.5	40.125	50.0	60.5	9.0	9.0	9.0	9.0	7.0	8.0	0.375	0.0
oblique_16_alt0_angular1_forward20.001	-73.44650268554688	17.30010986328125	-10.48680591583252	0.4416400194168091	0.0	-0.8971923589706421	0	1	20.000999450683594	-62.1347770690918	17.26551055908203	-33.14720916748047	10.125	19.75	30.5	-62.1347770690918	17.26551055908203	-33.14720916748047	70.42157745361328	69.08470153808594	40.125	50.0	60.5	40.125	50.0	60.5	40.125	50.0	60.5	40.125	50.0	60.5	9.0	9.0	9.0	9.0	7.0	8.0	0.375	0.0
oblique_16_alt1_angular0_forward19.999	-73.44650268554688	17.30010986328125	-10.48680591583252	0.4416400194168091	0.0	-0.8971923589706421	1	0	19.999000549316406	-62.1347770690918	17.26551055908203	-33.14720916748047	10.125	19.75	30.5	33.14720916748047	17.26551055908203	-62.1347770690918	70.42157745361328	69.08470153808594	40.125	50.0	60.5	40.125	50.0	60.5	40.125	50.0	60.5	40.125	50.0	60.5	0.0	0.0	0.0	0.0	0.0	0.0	0.375	1234.0
oblique_16_alt1_angular0_forward20.0	-73.44650268554688	17.30010986328125	-10.48680591583252	0.4416400194168091	0.0	-0.8971923589706421	1	0	20.0	-62.1347770690918	17.26551055908203	-33.14720916748047	10.125	19.75	30.5	33.14720916748047	17.26551055908203	-62.1347770690918	70.42157745361328	69.08470153808594	40.125	50.0	60.5	40.125	50.0	60.5	40.125	50.0	60.5	40.125	50.0	60.5	0.0	0.0	0.0	0.0	0.0	0.0	0.375	1234.0
oblique_16_alt1_angular0_forward20.001	-73.44650268554688	17.30010986328125	-10.48680591583252	0.4416400194168091	0.0	-0.8971923589706421	1	0	20.000999450683594	-62.1347770690918	17.26551055908203	-33.14720916748047	10.125	19.75	30.5	33.14720916748047	17.26551055908203	-62.1347770690918	70.42157745361328	69.08470153808594	40.125	50.0	60.5	40.125	50.0	60.5	40.125	50.0	60.5	40.125	50.0	60.5	0.0	0.0	0.0	0.0	0.0	0.0	0.375	1234.0
oblique_16_alt1_angular1_forward19.999	-73.44650268554688	17.30010986328125	-10.48680591583252	0.4416400194168091	0.0	-0.8971923589706421	1	1	19.999000549316406	-62.1347770690918	17.26551055908203	-33.14720916748047	10.125	19.75	30.5	33.14720916748047	17.26551055908203	-62.1347770690918	70.42157745361328	69.08470153808594	40.125	50.0	60.5	40.125	50.0	60.5	40.125	50.0	60.5	40.125	50.0	60.5	0.0	0.0	0.0	0.0	0.0	0.0	-0.055205002427101135	0.0
oblique_16_alt1_angular1_forward20.0	-73.44650268554688	17.30010986328125	-10.48680591583252	0.4416400194168091	0.0	-0.8971923589706421	1	1	20.0	-62.1347770690918	17.26551055908203	-33.14720916748047	10.125	19.75	30.5	33.14720916748047	17.26551055908203	-62.1347770690918	70.42157745361328	69.08470153808594	40.125	50.0	60.5	40.125	50.0	60.5	40.125	50.0	60.5	40.125	50.0	60.5	0.0	0.0	0.0	0.0	0.0	0.0	0.375	0.0
oblique_16_alt1_angular1_forward20.001	-73.44650268554688	17.30010986328125	-10.48680591583252	0.4416400194168091	0.0	-0.8971923589706421	1	1	20.000999450683594	-62.1347770690918	17.26551055908203	-33.14720916748047	10.125	19.75	30.5	33.14720916748047	17.26551055908203	-62.1347770690918	70.42157745361328	69.08470153808594	40.125	50.0	60.5	40.125	50.0	60.5	40.125	50.0	60.5	40.125	50.0	60.5	0.0	0.0	0.0	0.0	0.0	0.0	0.375	0.0
oblique_17_alt0_angular0_forward19.999	-76.64750671386719	37.090370178222656	63.118350982666016	0.7860972881317139	0.0	0.6181027889251709	0	0	19.999000549316406	-58.16563415527344	37.01618957519531	77.40375518798828	10.125	19.75	30.5	-58.16563415527344	37.01618957519531	77.40375518798828	91.94515991210938	63.71630096435547	40.125	50.0	60.5	40.125	50.0	60.5	40.125	50.0	60.5	40.125	50.0	60.5	9.0	9.0	9.0	9.0	7.0	8.0	0.375	1234.0
oblique_17_alt0_angular0_forward20.0	-76.64750671386719	37.090370178222656	63.118350982666016	0.7860972881317139	0.0	0.6181027889251709	0	0	20.0	-58.16563415527344	37.01618957519531	77.40375518798828	10.125	19.75	30.5	-58.16563415527344	37.01618957519531	77.40375518798828	91.94515991210938	63.71630096435547	40.125	50.0	60.5	40.125	50.0	60.5	40.125	50.0	60.5	40.125	50.0	60.5	9.0	9.0	9.0	9.0	7.0	8.0	0.375	1234.0
oblique_17_alt0_angular0_forward20.001	-76.64750671386719	37.090370178222656	63.118350982666016	0.7860972881317139	0.0	0.6181027889251709	0	0	20.000999450683594	-58.16563415527344	37.01618957519531	77.40375518798828	10.125	19.75	30.5	-58.16563415527344	37.01618957519531	77.40375518798828	91.94515991210938	63.71630096435547	40.125	50.0	60.5	40.125	50.0	60.5	40.125	50.0	60.5	40.125	50.0	60.5	9.0	9.0	9.0	9.0	7.0	8.0	0.375	1234.0
oblique_17_alt0_angular1_forward19.999	-76.64750671386719	37.090370178222656	63.118350982666016	0.7860972881317139	0.0	0.6181027889251709	0	1	19.999000549316406	-58.16563415527344	37.01618957519531	77.40375518798828	10.125	19.75	30.5	-58.16563415527344	37.01618957519531	77.40375518798828	91.94515991210938	63.71630096435547	40.125	50.0	60.5	40.125	50.0	60.5	40.125	50.0	60.5	40.125	50.0	60.5	9.0	9.0	9.0	9.0	7.0	8.0	0.07726284861564636	0.0
oblique_17_alt0_angular1_forward20.0	-76.64750671386719	37.090370178222656	63.118350982666016	0.7860972881317139	0.0	0.6181027889251709	0	1	20.0	-58.16563415527344	37.01618957519531	77.40375518798828	10.125	19.75	30.5	-58.16563415527344	37.01618957519531	77.40375518798828	91.94515991210938	63.71630096435547	40.125	50.0	60.5	40.125	50.0	60.5	40.125	50.0	60.5	40.125	50.0	60.5	9.0	9.0	9.0	9.0	7.0	8.0	0.375	0.0
oblique_17_alt0_angular1_forward20.001	-76.64750671386719	37.090370178222656	63.118350982666016	0.7860972881317139	0.0	0.6181027889251709	0	1	20.000999450683594	-58.16563415527344	37.01618957519531	77.40375518798828	10.125	19.75	30.5	-58.16563415527344	37.01618957519531	77.40375518798828	91.94515991210938	63.71630096435547	40.125	50.0	60.5	40.125	50.0	60.5	40.125	50.0	60.5	40.125	50.0	60.5	9.0	9.0	9.0	9.0	7.0	8.0	0.375	0.0
oblique_17_alt1_angular0_forward19.999	-76.64750671386719	37.090370178222656	63.118350982666016	0.7860972881317139	0.0	0.6181027889251709	1	0	19.999000549316406	-58.16563415527344	37.01618957519531	77.40375518798828	10.125	19.75	30.5	-77.40375518798828	37.01618957519531	-58.16563415527344	91.94515991210938	63.71630096435547	40.125	50.0	60.5	40.125	50.0	60.5	40.125	50.0	60.5	40.125	50.0	60.5	0.0	0.0	0.0	0.0	0.0	0.0	0.375	1234.0
oblique_17_alt1_angular0_forward20.0	-76.64750671386719	37.090370178222656	63.118350982666016	0.7860972881317139	0.0	0.6181027889251709	1	0	20.0	-58.16563415527344	37.01618957519531	77.40375518798828	10.125	19.75	30.5	-77.40375518798828	37.01618957519531	-58.16563415527344	91.94515991210938	63.71630096435547	40.125	50.0	60.5	40.125	50.0	60.5	40.125	50.0	60.5	40.125	50.0	60.5	0.0	0.0	0.0	0.0	0.0	0.0	0.375	1234.0
oblique_17_alt1_angular0_forward20.001	-76.64750671386719	37.090370178222656	63.118350982666016	0.7860972881317139	0.0	0.6181027889251709	1	0	20.000999450683594	-58.16563415527344	37.01618957519531	77.40375518798828	10.125	19.75	30.5	-77.40375518798828	37.01618957519531	-58.16563415527344	91.94515991210938	63.71630096435547	40.125	50.0	60.5	40.125	50.0	60.5	40.125	50.0	60.5	40.125	50.0	60.5	0.0	0.0	0.0	0.0	0.0	0.0	0.375	1234.0
oblique_17_alt1_angular1_forward19.999	-76.64750671386719	37.090370178222656	63.118350982666016	0.7860972881317139	0.0	0.6181027889251709	1	1	19.999000549316406	-58.16563415527344	37.01618957519531	77.40375518798828	10.125	19.75	30.5	-77.40375518798828	37.01618957519531	-58.16563415527344	91.94515991210938	63.71630096435547	40.125	50.0	60.5	40.125	50.0	60.5	40.125	50.0	60.5	40.125	50.0	60.5	0.0	0.0	0.0	0.0	0.0	0.0	0.07726284861564636	0.0
oblique_17_alt1_angular1_forward20.0	-76.64750671386719	37.090370178222656	63.118350982666016	0.7860972881317139	0.0	0.6181027889251709	1	1	20.0	-58.16563415527344	37.01618957519531	77.40375518798828	10.125	19.75	30.5	-77.40375518798828	37.01618957519531	-58.16563415527344	91.94515991210938	63.71630096435547	40.125	50.0	60.5	40.125	50.0	60.5	40.125	50.0	60.5	40.125	50.0	60.5	0.0	0.0	0.0	0.0	0.0	0.0	0.375	0.0
oblique_17_alt1_angular1_forward20.001	-76.64750671386719	37.090370178222656	63.118350982666016	0.7860972881317139	0.0	0.6181027889251709	1	1	20.000999450683594	-58.16563415527344	37.01618957519531	77.40375518798828	10.125	19.75	30.5	-77.40375518798828	37.01618957519531	-58.16563415527344	91.94515991210938	63.71630096435547	40.125	50.0	60.5	40.125	50.0	60.5	40.125	50.0	60.5	40.125	50.0	60.5	0.0	0.0	0.0	0.0	0.0	0.0	0.375	0.0
oblique_18_alt0_angular0_forward19.999	39.24689865112305	2.4791884422302246	46.10123825073242	0.8783406019210815	0.0	0.4780353307723999	0	0	19.999000549316406	39.24689865112305	2.4791884422302246	46.10123825073242	10.0	20.0	30.0	11.0	12.0	19.999000549316406	55.9129638671875	0.0	40.0	50.0	60.0	40.0	50.0	60.0	40.0	50.0	60.0	40.0	50.0	60.0	9.0	9.0	9.0	9.0	7.0	8.0	0.375	1234.0
oblique_18_alt0_angular0_forward20.0	39.24689865112305	2.4791884422302246	46.10123825073242	0.8783406019210815	0.0	0.4780353307723999	0	0	20.0	39.24689865112305	2.4791884422302246	46.10123825073242	10.0	20.0	30.0	11.0	12.0	20.0	55.9129638671875	0.0	40.0	50.0	60.0	40.0	50.0	60.0	40.0	50.0	60.0	40.0	50.0	60.0	9.0	9.0	9.0	9.0	7.0	8.0	0.375	1234.0
oblique_18_alt0_angular0_forward20.001	39.24689865112305	2.4791884422302246	46.10123825073242	0.8783406019210815	0.0	0.4780353307723999	0	0	20.000999450683594	39.24689865112305	2.4791884422302246	46.10123825073242	10.0	20.0	30.0	11.0	12.0	20.000999450683594	55.9129638671875	0.0	40.0	50.0	60.0	40.0	50.0	60.0	40.0	50.0	60.0	40.0	50.0	60.0	9.0	9.0	9.0	9.0	7.0	8.0	0.375	1234.0
oblique_18_alt0_angular1_forward19.999	39.24689865112305	2.4791884422302246	46.10123825073242	0.8783406019210815	0.0	0.4780353307723999	0	1	19.999000549316406	39.24689865112305	2.4791884422302246	46.10123825073242	10.0	20.0	30.0	11.0	12.0	19.999000549316406	55.9129638671875	0.0	40.0	50.0	60.0	40.0	50.0	60.0	40.0	50.0	60.0	40.0	50.0	60.0	9.0	9.0	9.0	9.0	7.0	8.0	0.375	1234.0
oblique_18_alt0_angular1_forward20.0	39.24689865112305	2.4791884422302246	46.10123825073242	0.8783406019210815	0.0	0.4780353307723999	0	1	20.0	39.24689865112305	2.4791884422302246	46.10123825073242	10.0	20.0	30.0	11.0	12.0	20.0	55.9129638671875	0.0	40.0	50.0	60.0	40.0	50.0	60.0	40.0	50.0	60.0	40.0	50.0	60.0	9.0	9.0	9.0	9.0	7.0	8.0	0.375	1234.0
oblique_18_alt0_angular1_forward20.001	39.24689865112305	2.4791884422302246	46.10123825073242	0.8783406019210815	0.0	0.4780353307723999	0	1	20.000999450683594	39.24689865112305	2.4791884422302246	46.10123825073242	10.0	20.0	30.0	11.0	12.0	20.000999450683594	55.9129638671875	0.0	40.0	50.0	60.0	40.0	50.0	60.0	40.0	50.0	60.0	40.0	50.0	60.0	9.0	9.0	9.0	9.0	7.0	8.0	0.375	1234.0
oblique_18_alt1_angular0_forward19.999	39.24689865112305	2.4791884422302246	46.10123825073242	0.8783406019210815	0.0	0.4780353307723999	1	0	19.999000549316406	39.24689865112305	2.4791884422302246	46.10123825073242	10.0	20.0	30.0	11.0	12.0	19.999000549316406	55.9129638671875	0.0	40.0	50.0	60.0	40.0	50.0	60.0	40.0	50.0	60.0	40.0	50.0	60.0	9.0	9.0	9.0	9.0	7.0	8.0	0.375	1234.0
oblique_18_alt1_angular0_forward20.0	39.24689865112305	2.4791884422302246	46.10123825073242	0.8783406019210815	0.0	0.4780353307723999	1	0	20.0	39.24689865112305	2.4791884422302246	46.10123825073242	10.0	20.0	30.0	11.0	12.0	20.0	55.9129638671875	0.0	40.0	50.0	60.0	40.0	50.0	60.0	40.0	50.0	60.0	40.0	50.0	60.0	9.0	9.0	9.0	9.0	7.0	8.0	0.375	1234.0
oblique_18_alt1_angular0_forward20.001	39.24689865112305	2.4791884422302246	46.10123825073242	0.8783406019210815	0.0	0.4780353307723999	1	0	20.000999450683594	39.24689865112305	2.4791884422302246	46.10123825073242	10.0	20.0	30.0	11.0	12.0	20.000999450683594	55.9129638671875	0.0	40.0	50.0	60.0	40.0	50.0	60.0	40.0	50.0	60.0	40.0	50.0	60.0	9.0	9.0	9.0	9.0	7.0	8.0	0.375	1234.0
oblique_18_alt1_angular1_forward19.999	39.24689865112305	2.4791884422302246	46.10123825073242	0.8783406019210815	0.0	0.4780353307723999	1	1	19.999000549316406	39.24689865112305	2.4791884422302246	46.10123825073242	10.0	20.0	30.0	11.0	12.0	19.999000549316406	55.9129638671875	0.0	40.0	50.0	60.0	40.0	50.0	60.0	40.0	50.0	60.0	40.0	50.0	60.0	9.0	9.0	9.0	9.0	7.0	8.0	0.375	1234.0
oblique_18_alt1_angular1_forward20.0	39.24689865112305	2.4791884422302246	46.10123825073242	0.8783406019210815	0.0	0.4780353307723999	1	1	20.0	39.24689865112305	2.4791884422302246	46.10123825073242	10.0	20.0	30.0	11.0	12.0	20.0	55.9129638671875	0.0	40.0	50.0	60.0	40.0	50.0	60.0	40.0	50.0	60.0	40.0	50.0	60.0	9.0	9.0	9.0	9.0	7.0	8.0	0.375	1234.0
oblique_18_alt1_angular1_forward20.001	39.24689865112305	2.4791884422302246	46.10123825073242	0.8783406019210815	0.0	0.4780353307723999	1	1	20.000999450683594	39.24689865112305	2.4791884422302246	46.10123825073242	10.0	20.0	30.0	11.0	12.0	20.000999450683594	55.9129638671875	0.0	40.0	50.0	60.0	40.0	50.0	60.0	40.0	50.0	60.0	40.0	50.0	60.0	9.0	9.0	9.0	9.0	7.0	8.0	0.375	1234.0
oblique_19_alt0_angular0_forward19.999	-47.033790588378906	76.61170196533203	74.71588134765625	0.8992899656295776	0.0	-0.43735286593437195	0	0	19.999000549316406	27.077861785888672	76.45848083496094	38.56937789916992	10.125	19.75	30.5	27.077861785888672	76.45848083496094	38.56937789916992	45.338844299316406	224.92266845703125	40.125	50.0	60.5	40.125	50.0	60.5	40.125	50.0	60.5	40.125	50.0	60.5	9.0	9.0	9.0	9.0	7.0	8.0	0.375	1234.0
oblique_19_alt0_angular0_forward20.0	-47.033790588378906	76.61170196533203	74.71588134765625	0.8992899656295776	0.0	-0.43735286593437195	0	0	20.0	27.077861785888672	76.45848083496094	38.56937789916992	10.125	19.75	30.5	27.077861785888672	76.45848083496094	38.56937789916992	45.338844299316406	224.92266845703125	40.125	50.0	60.5	40.125	50.0	60.5	40.125	50.0	60.5	40.125	50.0	60.5	9.0	9.0	9.0	9.0	7.0	8.0	0.375	1234.0
oblique_19_alt0_angular0_forward20.001	-47.033790588378906	76.61170196533203	74.71588134765625	0.8992899656295776	0.0	-0.43735286593437195	0	0	20.000999450683594	27.077861785888672	76.45848083496094	38.56937789916992	10.125	19.75	30.5	27.077861785888672	76.45848083496094	38.56937789916992	45.338844299316406	224.92266845703125	40.125	50.0	60.5	40.125	50.0	60.5	40.125	50.0	60.5	40.125	50.0	60.5	9.0	9.0	9.0	9.0	7.0	8.0	0.375	1234.0
oblique_19_alt0_angular1_forward19.999	-47.033790588378906	76.61170196533203	74.71588134765625	0.8992899656295776	0.0	-0.43735286593437195	0	1	19.999000549316406	27.077861785888672	76.45848083496094	38.56937789916992	10.125	19.75	30.5	27.077861785888672	76.45848083496094	38.56937789916992	45.338844299316406	224.92266845703125	40.125	50.0	60.5	40.125	50.0	60.5	40.125	50.0	60.5	40.125	50.0	60.5	9.0	9.0	9.0	9.0	7.0	8.0	-0.054669108241796494	0.0
oblique_19_alt0_angular1_forward20.0	-47.033790588378906	76.61170196533203	74.71588134765625	0.8992899656295776	0.0	-0.43735286593437195	0	1	20.0	27.077861785888672	76.45848083496094	38.56937789916992	10.125	19.75	30.5	27.077861785888672	76.45848083496094	38.56937789916992	45.338844299316406	224.92266845703125	40.125	50.0	60.5	40.125	50.0	60.5	40.125	50.0	60.5	40.125	50.0	60.5	9.0	9.0	9.0	9.0	7.0	8.0	0.375	0.0
oblique_19_alt0_angular1_forward20.001	-47.033790588378906	76.61170196533203	74.71588134765625	0.8992899656295776	0.0	-0.43735286593437195	0	1	20.000999450683594	27.077861785888672	76.45848083496094	38.56937789916992	10.125	19.75	30.5	27.077861785888672	76.45848083496094	38.56937789916992	45.338844299316406	224.92266845703125	40.125	50.0	60.5	40.125	50.0	60.5	40.125	50.0	60.5	40.125	50.0	60.5	9.0	9.0	9.0	9.0	7.0	8.0	0.375	0.0
oblique_19_alt1_angular0_forward19.999	-47.033790588378906	76.61170196533203	74.71588134765625	0.8992899656295776	0.0	-0.43735286593437195	1	0	19.999000549316406	27.077861785888672	76.45848083496094	38.56937789916992	10.125	19.75	30.5	-38.56937789916992	76.45848083496094	27.077861785888672	45.338844299316406	224.92266845703125	40.125	50.0	60.5	40.125	50.0	60.5	40.125	50.0	60.5	40.125	50.0	60.5	0.0	0.0	0.0	0.0	0.0	0.0	0.375	1234.0
oblique_19_alt1_angular0_forward20.0	-47.033790588378906	76.61170196533203	74.71588134765625	0.8992899656295776	0.0	-0.43735286593437195	1	0	20.0	27.077861785888672	76.45848083496094	38.56937789916992	10.125	19.75	30.5	-38.56937789916992	76.45848083496094	27.077861785888672	45.338844299316406	224.92266845703125	40.125	50.0	60.5	40.125	50.0	60.5	40.125	50.0	60.5	40.125	50.0	60.5	0.0	0.0	0.0	0.0	0.0	0.0	0.375	1234.0
oblique_19_alt1_angular0_forward20.001	-47.033790588378906	76.61170196533203	74.71588134765625	0.8992899656295776	0.0	-0.43735286593437195	1	0	20.000999450683594	27.077861785888672	76.45848083496094	38.56937789916992	10.125	19.75	30.5	-38.56937789916992	76.45848083496094	27.077861785888672	45.338844299316406	224.92266845703125	40.125	50.0	60.5	40.125	50.0	60.5	40.125	50.0	60.5	40.125	50.0	60.5	0.0	0.0	0.0	0.0	0.0	0.0	0.375	1234.0
oblique_19_alt1_angular1_forward19.999	-47.033790588378906	76.61170196533203	74.71588134765625	0.8992899656295776	0.0	-0.43735286593437195	1	1	19.999000549316406	27.077861785888672	76.45848083496094	38.56937789916992	10.125	19.75	30.5	-38.56937789916992	76.45848083496094	27.077861785888672	45.338844299316406	224.92266845703125	40.125	50.0	60.5	40.125	50.0	60.5	40.125	50.0	60.5	40.125	50.0	60.5	0.0	0.0	0.0	0.0	0.0	0.0	-0.054669108241796494	0.0
oblique_19_alt1_angular1_forward20.0	-47.033790588378906	76.61170196533203	74.71588134765625	0.8992899656295776	0.0	-0.43735286593437195	1	1	20.0	27.077861785888672	76.45848083496094	38.56937789916992	10.125	19.75	30.5	-38.56937789916992	76.45848083496094	27.077861785888672	45.338844299316406	224.92266845703125	40.125	50.0	60.5	40.125	50.0	60.5	40.125	50.0	60.5	40.125	50.0	60.5	0.0	0.0	0.0	0.0	0.0	0.0	0.375	0.0
oblique_19_alt1_angular1_forward20.001	-47.033790588378906	76.61170196533203	74.71588134765625	0.8992899656295776	0.0	-0.43735286593437195	1	1	20.000999450683594	27.077861785888672	76.45848083496094	38.56937789916992	10.125	19.75	30.5	-38.56937789916992	76.45848083496094	27.077861785888672	45.338844299316406	224.92266845703125	40.125	50.0	60.5	40.125	50.0	60.5	40.125	50.0	60.5	40.125	50.0	60.5	0.0	0.0	0.0	0.0	0.0	0.0	0.375	0.0
oblique_20_alt0_angular0_forward19.999	28.9774112701416	-66.42823791503906	13.010285377502441	-0.8470866084098816	0.0	0.531454861164093	0	0	19.999000549316406	12.522902488708496	-66.29537963867188	23.271324157714844	10.125	19.75	30.5	12.522902488708496	-66.29537963867188	23.271324157714844	26.402050018310547	52.89599609375	40.125	50.0	60.5	40.125	50.0	60.5	40.125	50.0	60.5	40.125	50.0	60.5	9.0	9.0	9.0	9.0	7.0	8.0	0.375	1234.0
oblique_20_alt0_angular0_forward20.0	28.9774112701416	-66.42823791503906	13.010285377502441	-0.8470866084098816	0.0	0.531454861164093	0	0	20.0	12.522902488708496	-66.29537963867188	23.271324157714844	10.125	19.75	30.5	12.522902488708496	-66.29537963867188	23.271324157714844	26.402050018310547	52.89599609375	40.125	50.0	60.5	40.125	50.0	60.5	40.125	50.0	60.5	40.125	50.0	60.5	9.0	9.0	9.0	9.0	7.0	8.0	0.375	1234.0
oblique_20_alt0_angular0_forward20.001	28.9774112701416	-66.42823791503906	13.010285377502441	-0.8470866084098816	0.0	0.531454861164093	0	0	20.000999450683594	12.522902488708496	-66.29537963867188	23.271324157714844	10.125	19.75	30.5	12.522902488708496	-66.29537963867188	23.271324157714844	26.402050018310547	52.89599609375	40.125	50.0	60.5	40.125	50.0	60.5	40.125	50.0	60.5	40.125	50.0	60.5	9.0	9.0	9.0	9.0	7.0	8.0	0.375	1234.0
oblique_20_alt0_angular1_forward19.999	28.9774112701416	-66.42823791503906	13.010285377502441	-0.8470866084098816	0.0	0.531454861164093	0	1	19.999000549316406	12.522902488708496	-66.29537963867188	23.271324157714844	10.125	19.75	30.5	12.522902488708496	-66.29537963867188	23.271324157714844	26.402050018310547	52.89599609375	40.125	50.0	60.5	40.125	50.0	60.5	40.125	50.0	60.5	40.125	50.0	60.5	9.0	9.0	9.0	9.0	7.0	8.0	-0.13286371529102325	0.0
oblique_20_alt0_angular1_forward20.0	28.9774112701416	-66.42823791503906	13.010285377502441	-0.8470866084098816	0.0	0.531454861164093	0	1	20.0	12.522902488708496	-66.29537963867188	23.271324157714844	10.125	19.75	30.5	12.522902488708496	-66.29537963867188	23.271324157714844	26.402050018310547	52.89599609375	40.125	50.0	60.5	40.125	50.0	60.5	40.125	50.0	60.5	40.125	50.0	60.5	9.0	9.0	9.0	9.0	7.0	8.0	0.375	0.0
oblique_20_alt0_angular1_forward20.001	28.9774112701416	-66.42823791503906	13.010285377502441	-0.8470866084098816	0.0	0.531454861164093	0	1	20.000999450683594	12.522902488708496	-66.29537963867188	23.271324157714844	10.125	19.75	30.5	12.522902488708496	-66.29537963867188	23.271324157714844	26.402050018310547	52.89599609375	40.125	50.0	60.5	40.125	50.0	60.5	40.125	50.0	60.5	40.125	50.0	60.5	9.0	9.0	9.0	9.0	7.0	8.0	0.375	0.0
oblique_20_alt1_angular0_forward19.999	28.9774112701416	-66.42823791503906	13.010285377502441	-0.8470866084098816	0.0	0.531454861164093	1	0	19.999000549316406	12.522902488708496	-66.29537963867188	23.271324157714844	10.125	19.75	30.5	-23.271324157714844	-66.29537963867188	12.522902488708496	26.402050018310547	52.89599609375	40.125	50.0	60.5	40.125	50.0	60.5	40.125	50.0	60.5	40.125	50.0	60.5	0.0	0.0	0.0	0.0	0.0	0.0	0.375	1234.0
oblique_20_alt1_angular0_forward20.0	28.9774112701416	-66.42823791503906	13.010285377502441	-0.8470866084098816	0.0	0.531454861164093	1	0	20.0	12.522902488708496	-66.29537963867188	23.271324157714844	10.125	19.75	30.5	-23.271324157714844	-66.29537963867188	12.522902488708496	26.402050018310547	52.89599609375	40.125	50.0	60.5	40.125	50.0	60.5	40.125	50.0	60.5	40.125	50.0	60.5	0.0	0.0	0.0	0.0	0.0	0.0	0.375	1234.0
oblique_20_alt1_angular0_forward20.001	28.9774112701416	-66.42823791503906	13.010285377502441	-0.8470866084098816	0.0	0.531454861164093	1	0	20.000999450683594	12.522902488708496	-66.29537963867188	23.271324157714844	10.125	19.75	30.5	-23.271324157714844	-66.29537963867188	12.522902488708496	26.402050018310547	52.89599609375	40.125	50.0	60.5	40.125	50.0	60.5	40.125	50.0	60.5	40.125	50.0	60.5	0.0	0.0	0.0	0.0	0.0	0.0	0.375	1234.0
oblique_20_alt1_angular1_forward19.999	28.9774112701416	-66.42823791503906	13.010285377502441	-0.8470866084098816	0.0	0.531454861164093	1	1	19.999000549316406	12.522902488708496	-66.29537963867188	23.271324157714844	10.125	19.75	30.5	-23.271324157714844	-66.29537963867188	12.522902488708496	26.402050018310547	52.89599609375	40.125	50.0	60.5	40.125	50.0	60.5	40.125	50.0	60.5	40.125	50.0	60.5	0.0	0.0	0.0	0.0	0.0	0.0	-0.13286371529102325	0.0
oblique_20_alt1_angular1_forward20.0	28.9774112701416	-66.42823791503906	13.010285377502441	-0.8470866084098816	0.0	0.531454861164093	1	1	20.0	12.522902488708496	-66.29537963867188	23.271324157714844	10.125	19.75	30.5	-23.271324157714844	-66.29537963867188	12.522902488708496	26.402050018310547	52.89599609375	40.125	50.0	60.5	40.125	50.0	60.5	40.125	50.0	60.5	40.125	50.0	60.5	0.0	0.0	0.0	0.0	0.0	0.0	0.375	0.0
oblique_20_alt1_angular1_forward20.001	28.9774112701416	-66.42823791503906	13.010285377502441	-0.8470866084098816	0.0	0.531454861164093	1	1	20.000999450683594	12.522902488708496	-66.29537963867188	23.271324157714844	10.125	19.75	30.5	-23.271324157714844	-66.29537963867188	12.522902488708496	26.402050018310547	52.89599609375	40.125	50.0	60.5	40.125	50.0	60.5	40.125	50.0	60.5	40.125	50.0	60.5	0.0	0.0	0.0	0.0	0.0	0.0	0.375	0.0
oblique_21_alt0_angular0_forward19.999	4.967914581298828	-45.33921813964844	-47.0180778503418	-0.9968885183334351	0.0	-0.07882452756166458	0	0	19.999000549316406	3.5940706729888916	-45.248538970947266	-47.031890869140625	10.125	19.75	30.5	3.5940706729888916	-45.248538970947266	-47.031890869140625	47.9304084777832	12.065013885498047	40.125	50.0	60.5	40.125	50.0	60.5	40.125	50.0	60.5	40.125	50.0	60.5	9.0	9.0	9.0	9.0	7.0	8.0	0.375	1234.0
oblique_21_alt0_angular0_forward20.0	4.967914581298828	-45.33921813964844	-47.0180778503418	-0.9968885183334351	0.0	-0.07882452756166458	0	0	20.0	3.5940706729888916	-45.248538970947266	-47.031890869140625	10.125	19.75	30.5	3.5940706729888916	-45.248538970947266	-47.031890869140625	47.9304084777832	12.065013885498047	40.125	50.0	60.5	40.125	50.0	60.5	40.125	50.0	60.5	40.125	50.0	60.5	9.0	9.0	9.0	9.0	7.0	8.0	0.375	1234.0
oblique_21_alt0_angular0_forward20.001	4.967914581298828	-45.33921813964844	-47.0180778503418	-0.9968885183334351	0.0	-0.07882452756166458	0	0	20.000999450683594	3.5940706729888916	-45.248538970947266	-47.031890869140625	10.125	19.75	30.5	3.5940706729888916	-45.248538970947266	-47.031890869140625	47.9304084777832	12.065013885498047	40.125	50.0	60.5	40.125	50.0	60.5	40.125	50.0	60.5	40.125	50.0	60.5	9.0	9.0	9.0	9.0	7.0	8.0	0.375	1234.0
oblique_21_alt0_angular1_forward19.999	4.967914581298828	-45.33921813964844	-47.0180778503418	-0.9968885183334351	0.0	-0.07882452756166458	0	1	19.999000549316406	3.5940706729888916	-45.248538970947266	-47.031890869140625	10.125	19.75	30.5	3.5940706729888916	-45.248538970947266	-47.031890869140625	47.9304084777832	12.065013885498047	40.125	50.0	60.5	40.125	50.0	60.5	40.125	50.0	60.5	40.125	50.0	60.5	9.0	9.0	9.0	9.0	7.0	8.0	0.019706131890416145	0.0
oblique_21_alt0_angular1_forward20.0	4.967914581298828	-45.33921813964844	-47.0180778503418	-0.9968885183334351	0.0	-0.07882452756166458	0	1	20.0	3.5940706729888916	-45.248538970947266	-47.031890869140625	10.125	19.75	30.5	3.5940706729888916	-45.248538970947266	-47.031890869140625	47.9304084777832	12.065013885498047	40.125	50.0	60.5	40.125	50.0	60.5	40.125	50.0	60.5	40.125	50.0	60.5	9.0	9.0	9.0	9.0	7.0	8.0	0.019706131890416145	0.0
oblique_21_alt0_angular1_forward20.001	4.967914581298828	-45.33921813964844	-47.0180778503418	-0.9968885183334351	0.0	-0.07882452756166458	0	1	20.000999450683594	3.5940706729888916	-45.248538970947266	-47.031890869140625	10.125	19.75	30.5	3.5940706729888916	-45.248538970947266	-47.031890869140625	47.9304084777832	12.065013885498047	40.125	50.0	60.5	40.125	50.0	60.5	40.125	50.0	60.5	40.125	50.0	60.5	9.0	9.0	9.0	9.0	7.0	8.0	0.019706131890416145	0.0
oblique_21_alt1_angular0_forward19.999	4.967914581298828	-45.33921813964844	-47.0180778503418	-0.9968885183334351	0.0	-0.07882452756166458	1	0	19.999000549316406	3.5940706729888916	-45.248538970947266	-47.031890869140625	10.125	19.75	30.5	47.031890869140625	-45.248538970947266	3.5940706729888916	47.9304084777832	12.065013885498047	40.125	50.0	60.5	40.125	50.0	60.5	40.125	50.0	60.5	40.125	50.0	60.5	0.0	0.0	0.0	0.0	0.0	0.0	0.375	1234.0
oblique_21_alt1_angular0_forward20.0	4.967914581298828	-45.33921813964844	-47.0180778503418	-0.9968885183334351	0.0	-0.07882452756166458	1	0	20.0	3.5940706729888916	-45.248538970947266	-47.031890869140625	10.125	19.75	30.5	47.031890869140625	-45.248538970947266	3.5940706729888916	47.9304084777832	12.065013885498047	40.125	50.0	60.5	40.125	50.0	60.5	40.125	50.0	60.5	40.125	50.0	60.5	0.0	0.0	0.0	0.0	0.0	0.0	0.375	1234.0
oblique_21_alt1_angular0_forward20.001	4.967914581298828	-45.33921813964844	-47.0180778503418	-0.9968885183334351	0.0	-0.07882452756166458	1	0	20.000999450683594	3.5940706729888916	-45.248538970947266	-47.031890869140625	10.125	19.75	30.5	47.031890869140625	-45.248538970947266	3.5940706729888916	47.9304084777832	12.065013885498047	40.125	50.0	60.5	40.125	50.0	60.5	40.125	50.0	60.5	40.125	50.0	60.5	0.0	0.0	0.0	0.0	0.0	0.0	0.375	1234.0
oblique_21_alt1_angular1_forward19.999	4.967914581298828	-45.33921813964844	-47.0180778503418	-0.9968885183334351	0.0	-0.07882452756166458	1	1	19.999000549316406	3.5940706729888916	-45.248538970947266	-47.031890869140625	10.125	19.75	30.5	47.031890869140625	-45.248538970947266	3.5940706729888916	47.9304084777832	12.065013885498047	40.125	50.0	60.5	40.125	50.0	60.5	40.125	50.0	60.5	40.125	50.0	60.5	0.0	0.0	0.0	0.0	0.0	0.0	0.019706131890416145	0.0
oblique_21_alt1_angular1_forward20.0	4.967914581298828	-45.33921813964844	-47.0180778503418	-0.9968885183334351	0.0	-0.07882452756166458	1	1	20.0	3.5940706729888916	-45.248538970947266	-47.031890869140625	10.125	19.75	30.5	47.031890869140625	-45.248538970947266	3.5940706729888916	47.9304084777832	12.065013885498047	40.125	50.0	60.5	40.125	50.0	60.5	40.125	50.0	60.5	40.125	50.0	60.5	0.0	0.0	0.0	0.0	0.0	0.0	0.019706131890416145	0.0
oblique_21_alt1_angular1_forward20.001	4.967914581298828	-45.33921813964844	-47.0180778503418	-0.9968885183334351	0.0	-0.07882452756166458	1	1	20.000999450683594	3.5940706729888916	-45.248538970947266	-47.031890869140625	10.125	19.75	30.5	47.031890869140625	-45.248538970947266	3.5940706729888916	47.9304084777832	12.065013885498047	40.125	50.0	60.5	40.125	50.0	60.5	40.125	50.0	60.5	40.125	50.0	60.5	0.0	0.0	0.0	0.0	0.0	0.0	0.019706131890416145	0.0
oblique_22_alt0_angular0_forward19.999	-24.736482620239258	36.19932174682617	1.1088075637817383	-0.43110331892967224	0.0	-0.9023025631904602	0	0	19.999000549316406	-24.736482620239258	36.19932174682617	1.1088075637817383	10.0	20.0	30.0	11.0	12.0	19.999000549316406	25.01368522644043	0.0	40.0	50.0	60.0	40.0	50.0	60.0	40.0	50.0	60.0	40.0	50.0	60.0	9.0	9.0	9.0	9.0	7.0	8.0	0.375	1234.0
oblique_22_alt0_angular0_forward20.0	-24.736482620239258	36.19932174682617	1.1088075637817383	-0.43110331892967224	0.0	-0.9023025631904602	0	0	20.0	-24.736482620239258	36.19932174682617	1.1088075637817383	10.0	20.0	30.0	11.0	12.0	20.0	25.01368522644043	0.0	40.0	50.0	60.0	40.0	50.0	60.0	40.0	50.0	60.0	40.0	50.0	60.0	9.0	9.0	9.0	9.0	7.0	8.0	0.375	1234.0
oblique_22_alt0_angular0_forward20.001	-24.736482620239258	36.19932174682617	1.1088075637817383	-0.43110331892967224	0.0	-0.9023025631904602	0	0	20.000999450683594	-24.736482620239258	36.19932174682617	1.1088075637817383	10.0	20.0	30.0	11.0	12.0	20.000999450683594	25.01368522644043	0.0	40.0	50.0	60.0	40.0	50.0	60.0	40.0	50.0	60.0	40.0	50.0	60.0	9.0	9.0	9.0	9.0	7.0	8.0	0.375	1234.0
oblique_22_alt0_angular1_forward19.999	-24.736482620239258	36.19932174682617	1.1088075637817383	-0.43110331892967224	0.0	-0.9023025631904602	0	1	19.999000549316406	-24.736482620239258	36.19932174682617	1.1088075637817383	10.0	20.0	30.0	11.0	12.0	19.999000549316406	25.01368522644043	0.0	40.0	50.0	60.0	40.0	50.0	60.0	40.0	50.0	60.0	40.0	50.0	60.0	9.0	9.0	9.0	9.0	7.0	8.0	0.375	1234.0
oblique_22_alt0_angular1_forward20.0	-24.736482620239258	36.19932174682617	1.1088075637817383	-0.43110331892967224	0.0	-0.9023025631904602	0	1	20.0	-24.736482620239258	36.19932174682617	1.1088075637817383	10.0	20.0	30.0	11.0	12.0	20.0	25.01368522644043	0.0	40.0	50.0	60.0	40.0	50.0	60.0	40.0	50.0	60.0	40.0	50.0	60.0	9.0	9.0	9.0	9.0	7.0	8.0	0.375	1234.0
oblique_22_alt0_angular1_forward20.001	-24.736482620239258	36.19932174682617	1.1088075637817383	-0.43110331892967224	0.0	-0.9023025631904602	0	1	20.000999450683594	-24.736482620239258	36.19932174682617	1.1088075637817383	10.0	20.0	30.0	11.0	12.0	20.000999450683594	25.01368522644043	0.0	40.0	50.0	60.0	40.0	50.0	60.0	40.0	50.0	60.0	40.0	50.0	60.0	9.0	9.0	9.0	9.0	7.0	8.0	0.375	1234.0
oblique_22_alt1_angular0_forward19.999	-24.736482620239258	36.19932174682617	1.1088075637817383	-0.43110331892967224	0.0	-0.9023025631904602	1	0	19.999000549316406	-24.736482620239258	36.19932174682617	1.1088075637817383	10.0	20.0	30.0	11.0	12.0	19.999000549316406	25.01368522644043	0.0	40.0	50.0	60.0	40.0	50.0	60.0	40.0	50.0	60.0	40.0	50.0	60.0	9.0	9.0	9.0	9.0	7.0	8.0	0.375	1234.0
oblique_22_alt1_angular0_forward20.0	-24.736482620239258	36.19932174682617	1.1088075637817383	-0.43110331892967224	0.0	-0.9023025631904602	1	0	20.0	-24.736482620239258	36.19932174682617	1.1088075637817383	10.0	20.0	30.0	11.0	12.0	20.0	25.01368522644043	0.0	40.0	50.0	60.0	40.0	50.0	60.0	40.0	50.0	60.0	40.0	50.0	60.0	9.0	9.0	9.0	9.0	7.0	8.0	0.375	1234.0
oblique_22_alt1_angular0_forward20.001	-24.736482620239258	36.19932174682617	1.1088075637817383	-0.43110331892967224	0.0	-0.9023025631904602	1	0	20.000999450683594	-24.736482620239258	36.19932174682617	1.1088075637817383	10.0	20.0	30.0	11.0	12.0	20.000999450683594	25.01368522644043	0.0	40.0	50.0	60.0	40.0	50.0	60.0	40.0	50.0	60.0	40.0	50.0	60.0	9.0	9.0	9.0	9.0	7.0	8.0	0.375	1234.0
oblique_22_alt1_angular1_forward19.999	-24.736482620239258	36.19932174682617	1.1088075637817383	-0.43110331892967224	0.0	-0.9023025631904602	1	1	19.999000549316406	-24.736482620239258	36.19932174682617	1.1088075637817383	10.0	20.0	30.0	11.0	12.0	19.999000549316406	25.01368522644043	0.0	40.0	50.0	60.0	40.0	50.0	60.0	40.0	50.0	60.0	40.0	50.0	60.0	9.0	9.0	9.0	9.0	7.0	8.0	0.375	1234.0
oblique_22_alt1_angular1_forward20.0	-24.736482620239258	36.19932174682617	1.1088075637817383	-0.43110331892967224	0.0	-0.9023025631904602	1	1	20.0	-24.736482620239258	36.19932174682617	1.1088075637817383	10.0	20.0	30.0	11.0	12.0	20.0	25.01368522644043	0.0	40.0	50.0	60.0	40.0	50.0	60.0	40.0	50.0	60.0	40.0	50.0	60.0	9.0	9.0	9.0	9.0	7.0	8.0	0.375	1234.0
oblique_22_alt1_angular1_forward20.001	-24.736482620239258	36.19932174682617	1.1088075637817383	-0.43110331892967224	0.0	-0.9023025631904602	1	1	20.000999450683594	-24.736482620239258	36.19932174682617	1.1088075637817383	10.0	20.0	30.0	11.0	12.0	20.000999450683594	25.01368522644043	0.0	40.0	50.0	60.0	40.0	50.0	60.0	40.0	50.0	60.0	40.0	50.0	60.0	9.0	9.0	9.0	9.0	7.0	8.0	0.375	1234.0
oblique_23_alt0_angular0_forward19.999	-57.195533752441406	-40.84207534790039	-75.72920989990234	0.8780877590179443	0.0	0.4784996211528778	0	0	19.999000549316406	26.262380599975586	-40.76039123535156	-30.161054611206055	10.125	19.75	30.5	26.262380599975586	-40.76039123535156	-30.161054611206055	36.72665023803711	259.3772888183594	40.125	50.0	60.5	40.125	50.0	60.5	40.125	50.0	60.5	40.125	50.0	60.5	9.0	9.0	9.0	9.0	7.0	8.0	0.375	1234.0
oblique_23_alt0_angular0_forward20.0	-57.195533752441406	-40.84207534790039	-75.72920989990234	0.8780877590179443	0.0	0.4784996211528778	0	0	20.0	26.262380599975586	-40.76039123535156	-30.161054611206055	10.125	19.75	30.5	26.262380599975586	-40.76039123535156	-30.161054611206055	36.72665023803711	259.3772888183594	40.125	50.0	60.5	40.125	50.0	60.5	40.125	50.0	60.5	40.125	50.0	60.5	9.0	9.0	9.0	9.0	7.0	8.0	0.375	1234.0
oblique_23_alt0_angular0_forward20.001	-57.195533752441406	-40.84207534790039	-75.72920989990234	0.8780877590179443	0.0	0.4784996211528778	0	0	20.000999450683594	26.262380599975586	-40.76039123535156	-30.161054611206055	10.125	19.75	30.5	26.262380599975586	-40.76039123535156	-30.161054611206055	36.72665023803711	259.3772888183594	40.125	50.0	60.5	40.125	50.0	60.5	40.125	50.0	60.5	40.125	50.0	60.5	9.0	9.0	9.0	9.0	7.0	8.0	0.375	1234.0
oblique_23_alt0_angular1_forward19.999	-57.195533752441406	-40.84207534790039	-75.72920989990234	0.8780877590179443	0.0	0.4784996211528778	0	1	19.999000549316406	26.262380599975586	-40.76039123535156	-30.161054611206055	10.125	19.75	30.5	26.262380599975586	-40.76039123535156	-30.161054611206055	36.72665023803711	259.3772888183594	40.125	50.0	60.5	40.125	50.0	60.5	40.125	50.0	60.5	40.125	50.0	60.5	9.0	9.0	9.0	9.0	7.0	8.0	0.059812452644109726	0.0
oblique_23_alt0_angular1_forward20.0	-57.195533752441406	-40.84207534790039	-75.72920989990234	0.8780877590179443	0.0	0.4784996211528778	0	1	20.0	26.262380599975586	-40.76039123535156	-30.161054611206055	10.125	19.75	30.5	26.262380599975586	-40.76039123535156	-30.161054611206055	36.72665023803711	259.3772888183594	40.125	50.0	60.5	40.125	50.0	60.5	40.125	50.0	60.5	40.125	50.0	60.5	9.0	9.0	9.0	9.0	7.0	8.0	0.375	0.0
oblique_23_alt0_angular1_forward20.001	-57.195533752441406	-40.84207534790039	-75.72920989990234	0.8780877590179443	0.0	0.4784996211528778	0	1	20.000999450683594	26.262380599975586	-40.76039123535156	-30.161054611206055	10.125	19.75	30.5	26.262380599975586	-40.76039123535156	-30.161054611206055	36.72665023803711	259.3772888183594	40.125	50.0	60.5	40.125	50.0	60.5	40.125	50.0	60.5	40.125	50.0	60.5	9.0	9.0	9.0	9.0	7.0	8.0	0.375	0.0
oblique_23_alt1_angular0_forward19.999	-57.195533752441406	-40.84207534790039	-75.72920989990234	0.8780877590179443	0.0	0.4784996211528778	1	0	19.999000549316406	26.262380599975586	-40.76039123535156	-30.161054611206055	10.125	19.75	30.5	30.161054611206055	-40.76039123535156	26.262380599975586	36.72665023803711	259.3772888183594	40.125	50.0	60.5	40.125	50.0	60.5	40.125	50.0	60.5	40.125	50.0	60.5	0.0	0.0	0.0	0.0	0.0	0.0	0.375	1234.0
oblique_23_alt1_angular0_forward20.0	-57.195533752441406	-40.84207534790039	-75.72920989990234	0.8780877590179443	0.0	0.4784996211528778	1	0	20.0	26.262380599975586	-40.76039123535156	-30.161054611206055	10.125	19.75	30.5	30.161054611206055	-40.76039123535156	26.262380599975586	36.72665023803711	259.3772888183594	40.125	50.0	60.5	40.125	50.0	60.5	40.125	50.0	60.5	40.125	50.0	60.5	0.0	0.0	0.0	0.0	0.0	0.0	0.375	1234.0
oblique_23_alt1_angular0_forward20.001	-57.195533752441406	-40.84207534790039	-75.72920989990234	0.8780877590179443	0.0	0.4784996211528778	1	0	20.000999450683594	26.262380599975586	-40.76039123535156	-30.161054611206055	10.125	19.75	30.5	30.161054611206055	-40.76039123535156	26.262380599975586	36.72665023803711	259.3772888183594	40.125	50.0	60.5	40.125	50.0	60.5	40.125	50.0	60.5	40.125	50.0	60.5	0.0	0.0	0.0	0.0	0.0	0.0	0.375	1234.0
oblique_23_alt1_angular1_forward19.999	-57.195533752441406	-40.84207534790039	-75.72920989990234	0.8780877590179443	0.0	0.4784996211528778	1	1	19.999000549316406	26.262380599975586	-40.76039123535156	-30.161054611206055	10.125	19.75	30.5	30.161054611206055	-40.76039123535156	26.262380599975586	36.72665023803711	259.3772888183594	40.125	50.0	60.5	40.125	50.0	60.5	40.125	50.0	60.5	40.125	50.0	60.5	0.0	0.0	0.0	0.0	0.0	0.0	0.059812452644109726	0.0
oblique_23_alt1_angular1_forward20.0	-57.195533752441406	-40.84207534790039	-75.72920989990234	0.8780877590179443	0.0	0.4784996211528778	1	1	20.0	26.262380599975586	-40.76039123535156	-30.161054611206055	10.125	19.75	30.5	30.161054611206055	-40.76039123535156	26.262380599975586	36.72665023803711	259.3772888183594	40.125	50.0	60.5	40.125	50.0	60.5	40.125	50.0	60.5	40.125	50.0	60.5	0.0	0.0	0.0	0.0	0.0	0.0	0.375	0.0
oblique_23_alt1_angular1_forward20.001	-57.195533752441406	-40.84207534790039	-75.72920989990234	0.8780877590179443	0.0	0.4784996211528778	1	1	20.000999450683594	26.262380599975586	-40.76039123535156	-30.161054611206055	10.125	19.75	30.5	30.161054611206055	-40.76039123535156	26.262380599975586	36.72665023803711	259.3772888183594	40.125	50.0	60.5	40.125	50.0	60.5	40.125	50.0	60.5	40.125	50.0	60.5	0.0	0.0	0.0	0.0	0.0	0.0	0.375	0.0
oblique_24_alt0_angular0_forward19.999	-28.76003074645996	-69.02420806884766	38.93678665161133	-0.9809839725494385	0.0	0.19408884644508362	0	0	19.999000549316406	-28.76003074645996	-69.02420806884766	38.93678665161133	10.0	20.0	30.0	11.0	12.0	19.999000549316406	46.126792907714844	0.0	40.0	50.0	60.0	40.0	50.0	60.0	40.0	50.0	60.0	40.0	50.0	60.0	9.0	9.0	9.0	9.0	7.0	8.0	0.375	1234.0
oblique_24_alt0_angular0_forward20.0	-28.76003074645996	-69.02420806884766	38.93678665161133	-0.9809839725494385	0.0	0.19408884644508362	0	0	20.0	-28.76003074645996	-69.02420806884766	38.93678665161133	10.0	20.0	30.0	11.0	12.0	20.0	46.126792907714844	0.0	40.0	50.0	60.0	40.0	50.0	60.0	40.0	50.0	60.0	40.0	50.0	60.0	9.0	9.0	9.0	9.0	7.0	8.0	0.375	1234.0
oblique_24_alt0_angular0_forward20.001	-28.76003074645996	-69.02420806884766	38.93678665161133	-0.9809839725494385	0.0	0.19408884644508362	0	0	20.000999450683594	-28.76003074645996	-69.02420806884766	38.93678665161133	10.0	20.0	30.0	11.0	12.0	20.000999450683594	46.126792907714844	0.0	40.0	50.0	60.0	40.0	50.0	60.0	40.0	50.0	60.0	40.0	50.0	60.0	9.0	9.0	9.0	9.0	7.0	8.0	0.375	1234.0
oblique_24_alt0_angular1_forward19.999	-28.76003074645996	-69.02420806884766	38.93678665161133	-0.9809839725494385	0.0	0.19408884644508362	0	1	19.999000549316406	-28.76003074645996	-69.02420806884766	38.93678665161133	10.0	20.0	30.0	11.0	12.0	19.999000549316406	46.126792907714844	0.0	40.0	50.0	60.0	40.0	50.0	60.0	40.0	50.0	60.0	40.0	50.0	60.0	9.0	9.0	9.0	9.0	7.0	8.0	0.375	1234.0
oblique_24_alt0_angular1_forward20.0	-28.76003074645996	-69.02420806884766	38.93678665161133	-0.9809839725494385	0.0	0.19408884644508362	0	1	20.0	-28.76003074645996	-69.02420806884766	38.93678665161133	10.0	20.0	30.0	11.0	12.0	20.0	46.126792907714844	0.0	40.0	50.0	60.0	40.0	50.0	60.0	40.0	50.0	60.0	40.0	50.0	60.0	9.0	9.0	9.0	9.0	7.0	8.0	0.375	1234.0
oblique_24_alt0_angular1_forward20.001	-28.76003074645996	-69.02420806884766	38.93678665161133	-0.9809839725494385	0.0	0.19408884644508362	0	1	20.000999450683594	-28.76003074645996	-69.02420806884766	38.93678665161133	10.0	20.0	30.0	11.0	12.0	20.000999450683594	46.126792907714844	0.0	40.0	50.0	60.0	40.0	50.0	60.0	40.0	50.0	60.0	40.0	50.0	60.0	9.0	9.0	9.0	9.0	7.0	8.0	0.375	1234.0
oblique_24_alt1_angular0_forward19.999	-28.76003074645996	-69.02420806884766	38.93678665161133	-0.9809839725494385	0.0	0.19408884644508362	1	0	19.999000549316406	-28.76003074645996	-69.02420806884766	38.93678665161133	10.0	20.0	30.0	11.0	12.0	19.999000549316406	46.126792907714844	0.0	40.0	50.0	60.0	40.0	50.0	60.0	40.0	50.0	60.0	40.0	50.0	60.0	9.0	9.0	9.0	9.0	7.0	8.0	0.375	1234.0
oblique_24_alt1_angular0_forward20.0	-28.76003074645996	-69.02420806884766	38.93678665161133	-0.9809839725494385	0.0	0.19408884644508362	1	0	20.0	-28.76003074645996	-69.02420806884766	38.93678665161133	10.0	20.0	30.0	11.0	12.0	20.0	46.126792907714844	0.0	40.0	50.0	60.0	40.0	50.0	60.0	40.0	50.0	60.0	40.0	50.0	60.0	9.0	9.0	9.0	9.0	7.0	8.0	0.375	1234.0
oblique_24_alt1_angular0_forward20.001	-28.76003074645996	-69.02420806884766	38.93678665161133	-0.9809839725494385	0.0	0.19408884644508362	1	0	20.000999450683594	-28.76003074645996	-69.02420806884766	38.93678665161133	10.0	20.0	30.0	11.0	12.0	20.000999450683594	46.126792907714844	0.0	40.0	50.0	60.0	40.0	50.0	60.0	40.0	50.0	60.0	40.0	50.0	60.0	9.0	9.0	9.0	9.0	7.0	8.0	0.375	1234.0
oblique_24_alt1_angular1_forward19.999	-28.76003074645996	-69.02420806884766	38.93678665161133	-0.9809839725494385	0.0	0.19408884644508362	1	1	19.999000549316406	-28.76003074645996	-69.02420806884766	38.93678665161133	10.0	20.0	30.0	11.0	12.0	19.999000549316406	46.126792907714844	0.0	40.0	50.0	60.0	40.0	50.0	60.0	40.0	50.0	60.0	40.0	50.0	60.0	9.0	9.0	9.0	9.0	7.0	8.0	0.375	1234.0
oblique_24_alt1_angular1_forward20.0	-28.76003074645996	-69.02420806884766	38.93678665161133	-0.9809839725494385	0.0	0.19408884644508362	1	1	20.0	-28.76003074645996	-69.02420806884766	38.93678665161133	10.0	20.0	30.0	11.0	12.0	20.0	46.126792907714844	0.0	40.0	50.0	60.0	40.0	50.0	60.0	40.0	50.0	60.0	40.0	50.0	60.0	9.0	9.0	9.0	9.0	7.0	8.0	0.375	1234.0
oblique_24_alt1_angular1_forward20.001	-28.76003074645996	-69.02420806884766	38.93678665161133	-0.9809839725494385	0.0	0.19408884644508362	1	1	20.000999450683594	-28.76003074645996	-69.02420806884766	38.93678665161133	10.0	20.0	30.0	11.0	12.0	20.000999450683594	46.126792907714844	0.0	40.0	50.0	60.0	40.0	50.0	60.0	40.0	50.0	60.0	40.0	50.0	60.0	9.0	9.0	9.0	9.0	7.0	8.0	0.375	1234.0
oblique_25_alt0_angular0_forward19.999	62.7532958984375	55.736942291259766	24.82610321044922	-0.3077390789985657	0.0	-0.9514707922935486	0	0	19.999000549316406	48.12349319458008	55.62546920776367	-20.068078994750977	10.125	19.75	30.5	48.12349319458008	55.62546920776367	-20.068078994750977	53.1405143737793	128.79885864257812	40.125	50.0	60.5	40.125	50.0	60.5	40.125	50.0	60.5	40.125	50.0	60.5	9.0	9.0	9.0	9.0	7.0	8.0	0.375	1234.0
oblique_25_alt0_angular0_forward20.0	62.7532958984375	55.736942291259766	24.82610321044922	-0.3077390789985657	0.0	-0.9514707922935486	0	0	20.0	48.12349319458008	55.62546920776367	-20.068078994750977	10.125	19.75	30.5	48.12349319458008	55.62546920776367	-20.068078994750977	53.1405143737793	128.79885864257812	40.125	50.0	60.5	40.125	50.0	60.5	40.125	50.0	60.5	40.125	50.0	60.5	9.0	9.0	9.0	9.0	7.0	8.0	0.375	1234.0
oblique_25_alt0_angular0_forward20.001	62.7532958984375	55.736942291259766	24.82610321044922	-0.3077390789985657	0.0	-0.9514707922935486	0	0	20.000999450683594	48.12349319458008	55.62546920776367	-20.068078994750977	10.125	19.75	30.5	48.12349319458008	55.62546920776367	-20.068078994750977	53.1405143737793	128.79885864257812	40.125	50.0	60.5	40.125	50.0	60.5	40.125	50.0	60.5	40.125	50.0	60.5	9.0	9.0	9.0	9.0	7.0	8.0	0.375	1234.0
oblique_25_alt0_angular1_forward19.999	62.7532958984375	55.736942291259766	24.82610321044922	-0.3077390789985657	0.0	-0.9514707922935486	0	1	19.999000549316406	48.12349319458008	55.62546920776367	-20.068078994750977	10.125	19.75	30.5	48.12349319458008	55.62546920776367	-20.068078994750977	53.1405143737793	128.79885864257812	40.125	50.0	60.5	40.125	50.0	60.5	40.125	50.0	60.5	40.125	50.0	60.5	9.0	9.0	9.0	9.0	7.0	8.0	0.07693476974964142	0.0
oblique_25_alt0_angular1_forward20.0	62.7532958984375	55.736942291259766	24.82610321044922	-0.3077390789985657	0.0	-0.9514707922935486	0	1	20.0	48.12349319458008	55.62546920776367	-20.068078994750977	10.125	19.75	30.5	48.12349319458008	55.62546920776367	-20.068078994750977	53.1405143737793	128.79885864257812	40.125	50.0	60.5	40.125	50.0	60.5	40.125	50.0	60.5	40.125	50.0	60.5	9.0	9.0	9.0	9.0	7.0	8.0	0.375	0.0
oblique_25_alt0_angular1_forward20.001	62.7532958984375	55.736942291259766	24.82610321044922	-0.3077390789985657	0.0	-0.9514707922935486	0	1	20.000999450683594	48.12349319458008	55.62546920776367	-20.068078994750977	10.125	19.75	30.5	48.12349319458008	55.62546920776367	-20.068078994750977	53.1405143737793	128.79885864257812	40.125	50.0	60.5	40.125	50.0	60.5	40.125	50.0	60.5	40.125	50.0	60.5	9.0	9.0	9.0	9.0	7.0	8.0	0.375	0.0
oblique_25_alt1_angular0_forward19.999	62.7532958984375	55.736942291259766	24.82610321044922	-0.3077390789985657	0.0	-0.9514707922935486	1	0	19.999000549316406	48.12349319458008	55.62546920776367	-20.068078994750977	10.125	19.75	30.5	20.068078994750977	55.62546920776367	48.12349319458008	53.1405143737793	128.79885864257812	40.125	50.0	60.5	40.125	50.0	60.5	40.125	50.0	60.5	40.125	50.0	60.5	0.0	0.0	0.0	0.0	0.0	0.0	0.375	1234.0
oblique_25_alt1_angular0_forward20.0	62.7532958984375	55.736942291259766	24.82610321044922	-0.3077390789985657	0.0	-0.9514707922935486	1	0	20.0	48.12349319458008	55.62546920776367	-20.068078994750977	10.125	19.75	30.5	20.068078994750977	55.62546920776367	48.12349319458008	53.1405143737793	128.79885864257812	40.125	50.0	60.5	40.125	50.0	60.5	40.125	50.0	60.5	40.125	50.0	60.5	0.0	0.0	0.0	0.0	0.0	0.0	0.375	1234.0
oblique_25_alt1_angular0_forward20.001	62.7532958984375	55.736942291259766	24.82610321044922	-0.3077390789985657	0.0	-0.9514707922935486	1	0	20.000999450683594	48.12349319458008	55.62546920776367	-20.068078994750977	10.125	19.75	30.5	20.068078994750977	55.62546920776367	48.12349319458008	53.1405143737793	128.79885864257812	40.125	50.0	60.5	40.125	50.0	60.5	40.125	50.0	60.5	40.125	50.0	60.5	0.0	0.0	0.0	0.0	0.0	0.0	0.375	1234.0
oblique_25_alt1_angular1_forward19.999	62.7532958984375	55.736942291259766	24.82610321044922	-0.3077390789985657	0.0	-0.9514707922935486	1	1	19.999000549316406	48.12349319458008	55.62546920776367	-20.068078994750977	10.125	19.75	30.5	20.068078994750977	55.62546920776367	48.12349319458008	53.1405143737793	128.79885864257812	40.125	50.0	60.5	40.125	50.0	60.5	40.125	50.0	60.5	40.125	50.0	60.5	0.0	0.0	0.0	0.0	0.0	0.0	0.07693476974964142	0.0
oblique_25_alt1_angular1_forward20.0	62.7532958984375	55.736942291259766	24.82610321044922	-0.3077390789985657	0.0	-0.9514707922935486	1	1	20.0	48.12349319458008	55.62546920776367	-20.068078994750977	10.125	19.75	30.5	20.068078994750977	55.62546920776367	48.12349319458008	53.1405143737793	128.79885864257812	40.125	50.0	60.5	40.125	50.0	60.5	40.125	50.0	60.5	40.125	50.0	60.5	0.0	0.0	0.0	0.0	0.0	0.0	0.375	0.0
oblique_25_alt1_angular1_forward20.001	62.7532958984375	55.736942291259766	24.82610321044922	-0.3077390789985657	0.0	-0.9514707922935486	1	1	20.000999450683594	48.12349319458008	55.62546920776367	-20.068078994750977	10.125	19.75	30.5	20.068078994750977	55.62546920776367	48.12349319458008	53.1405143737793	128.79885864257812	40.125	50.0	60.5	40.125	50.0	60.5	40.125	50.0	60.5	40.125	50.0	60.5	0.0	0.0	0.0	0.0	0.0	0.0	0.375	0.0
oblique_26_alt0_angular0_forward19.999	35.70577621459961	33.01268005371094	18.964750289916992	-0.4521251618862152	0.0	-0.8919544816017151	0	0	19.999000549316406	19.22567367553711	32.9466552734375	-13.444315910339355	10.125	19.75	30.5	19.22567367553711	32.9466552734375	-13.444315910339355	22.58675193786621	99.17752075195312	40.125	50.0	60.5	40.125	50.0	60.5	40.125	50.0	60.5	40.125	50.0	60.5	9.0	9.0	9.0	9.0	7.0	8.0	0.375	1234.0
oblique_26_alt0_angular0_forward20.0	35.70577621459961	33.01268005371094	18.964750289916992	-0.4521251618862152	0.0	-0.8919544816017151	0	0	20.0	19.22567367553711	32.9466552734375	-13.444315910339355	10.125	19.75	30.5	19.22567367553711	32.9466552734375	-13.444315910339355	22.58675193786621	99.17752075195312	40.125	50.0	60.5	40.125	50.0	60.5	40.125	50.0	60.5	40.125	50.0	60.5	9.0	9.0	9.0	9.0	7.0	8.0	0.375	1234.0
oblique_26_alt0_angular0_forward20.001	35.70577621459961	33.01268005371094	18.964750289916992	-0.4521251618862152	0.0	-0.8919544816017151	0	0	20.000999450683594	19.22567367553711	32.9466552734375	-13.444315910339355	10.125	19.75	30.5	19.22567367553711	32.9466552734375	-13.444315910339355	22.58675193786621	99.17752075195312	40.125	50.0	60.5	40.125	50.0	60.5	40.125	50.0	60.5	40.125	50.0	60.5	9.0	9.0	9.0	9.0	7.0	8.0	0.375	1234.0
oblique_26_alt0_angular1_forward19.999	35.70577621459961	33.01268005371094	18.964750289916992	-0.4521251618862152	0.0	-0.8919544816017151	0	1	19.999000549316406	19.22567367553711	32.9466552734375	-13.444315910339355	10.125	19.75	30.5	19.22567367553711	32.9466552734375	-13.444315910339355	22.58675193786621	99.17752075195312	40.125	50.0	60.5	40.125	50.0	60.5	40.125	50.0	60.5	40.125	50.0	60.5	9.0	9.0	9.0	9.0	7.0	8.0	0.1130312904715538	0.0
oblique_26_alt0_angular1_forward20.0	35.70577621459961	33.01268005371094	18.964750289916992	-0.4521251618862152	0.0	-0.8919544816017151	0	1	20.0	19.22567367553711	32.9466552734375	-13.444315910339355	10.125	19.75	30.5	19.22567367553711	32.9466552734375	-13.444315910339355	22.58675193786621	99.17752075195312	40.125	50.0	60.5	40.125	50.0	60.5	40.125	50.0	60.5	40.125	50.0	60.5	9.0	9.0	9.0	9.0	7.0	8.0	0.375	0.0
oblique_26_alt0_angular1_forward20.001	35.70577621459961	33.01268005371094	18.964750289916992	-0.4521251618862152	0.0	-0.8919544816017151	0	1	20.000999450683594	19.22567367553711	32.9466552734375	-13.444315910339355	10.125	19.75	30.5	19.22567367553711	32.9466552734375	-13.444315910339355	22.58675193786621	99.17752075195312	40.125	50.0	60.5	40.125	50.0	60.5	40.125	50.0	60.5	40.125	50.0	60.5	9.0	9.0	9.0	9.0	7.0	8.0	0.375	0.0
oblique_26_alt1_angular0_forward19.999	35.70577621459961	33.01268005371094	18.964750289916992	-0.4521251618862152	0.0	-0.8919544816017151	1	0	19.999000549316406	19.22567367553711	32.9466552734375	-13.444315910339355	10.125	19.75	30.5	13.444315910339355	32.9466552734375	19.22567367553711	22.58675193786621	99.17752075195312	40.125	50.0	60.5	40.125	50.0	60.5	40.125	50.0	60.5	40.125	50.0	60.5	0.0	0.0	0.0	0.0	0.0	0.0	0.375	1234.0
oblique_26_alt1_angular0_forward20.0	35.70577621459961	33.01268005371094	18.964750289916992	-0.4521251618862152	0.0	-0.8919544816017151	1	0	20.0	19.22567367553711	32.9466552734375	-13.444315910339355	10.125	19.75	30.5	13.444315910339355	32.9466552734375	19.22567367553711	22.58675193786621	99.17752075195312	40.125	50.0	60.5	40.125	50.0	60.5	40.125	50.0	60.5	40.125	50.0	60.5	0.0	0.0	0.0	0.0	0.0	0.0	0.375	1234.0
oblique_26_alt1_angular0_forward20.001	35.70577621459961	33.01268005371094	18.964750289916992	-0.4521251618862152	0.0	-0.8919544816017151	1	0	20.000999450683594	19.22567367553711	32.9466552734375	-13.444315910339355	10.125	19.75	30.5	13.444315910339355	32.9466552734375	19.22567367553711	22.58675193786621	99.17752075195312	40.125	50.0	60.5	40.125	50.0	60.5	40.125	50.0	60.5	40.125	50.0	60.5	0.0	0.0	0.0	0.0	0.0	0.0	0.375	1234.0
oblique_26_alt1_angular1_forward19.999	35.70577621459961	33.01268005371094	18.964750289916992	-0.4521251618862152	0.0	-0.8919544816017151	1	1	19.999000549316406	19.22567367553711	32.9466552734375	-13.444315910339355	10.125	19.75	30.5	13.444315910339355	32.9466552734375	19.22567367553711	22.58675193786621	99.17752075195312	40.125	50.0	60.5	40.125	50.0	60.5	40.125	50.0	60.5	40.125	50.0	60.5	0.0	0.0	0.0	0.0	0.0	0.0	0.1130312904715538	0.0
oblique_26_alt1_angular1_forward20.0	35.70577621459961	33.01268005371094	18.964750289916992	-0.4521251618862152	0.0	-0.8919544816017151	1	1	20.0	19.22567367553711	32.9466552734375	-13.444315910339355	10.125	19.75	30.5	13.444315910339355	32.9466552734375	19.22567367553711	22.58675193786621	99.17752075195312	40.125	50.0	60.5	40.125	50.0	60.5	40.125	50.0	60.5	40.125	50.0	60.5	0.0	0.0	0.0	0.0	0.0	0.0	0.375	0.0
oblique_26_alt1_angular1_forward20.001	35.70577621459961	33.01268005371094	18.964750289916992	-0.4521251618862152	0.0	-0.8919544816017151	1	1	20.000999450683594	19.22567367553711	32.9466552734375	-13.444315910339355	10.125	19.75	30.5	13.444315910339355	32.9466552734375	19.22567367553711	22.58675193786621	99.17752075195312	40.125	50.0	60.5	40.125	50.0	60.5	40.125	50.0	60.5	40.125	50.0	60.5	0.0	0.0	0.0	0.0	0.0	0.0	0.375	0.0
gate_14.999_alt0_angular0_forward19.999	-14.99899959564209	0.0	0.0	1.0	0.0	0.0	0	0	19.999000549316406	1.4969000816345215	0.0	0.0	10.125	19.75	30.5	1.4969000816345215	0.0	0.0	1.4969000816345215	44.99699783325195	40.125	50.0	60.5	40.125	50.0	60.5	40.125	50.0	60.5	40.125	50.0	60.5	9.0	9.0	9.0	9.0	7.0	8.0	0.375	1234.0
gate_14.999_alt0_angular0_forward20.0	-14.99899959564209	0.0	0.0	1.0	0.0	0.0	0	0	20.0	1.4969000816345215	0.0	0.0	10.125	19.75	30.5	1.4969000816345215	0.0	0.0	1.4969000816345215	44.99699783325195	40.125	50.0	60.5	40.125	50.0	60.5	40.125	50.0	60.5	40.125	50.0	60.5	9.0	9.0	9.0	9.0	7.0	8.0	0.375	1234.0
gate_14.999_alt0_angular0_forward20.001	-14.99899959564209	0.0	0.0	1.0	0.0	0.0	0	0	20.000999450683594	1.4969000816345215	0.0	0.0	10.125	19.75	30.5	1.4969000816345215	0.0	0.0	1.4969000816345215	44.99699783325195	40.125	50.0	60.5	40.125	50.0	60.5	40.125	50.0	60.5	40.125	50.0	60.5	9.0	9.0	9.0	9.0	7.0	8.0	0.375	1234.0
gate_14.999_alt0_angular1_forward19.999	-14.99899959564209	0.0	0.0	1.0	0.0	0.0	0	1	19.999000549316406	1.4969000816345215	0.0	0.0	10.125	19.75	30.5	1.4969000816345215	0.0	0.0	1.4969000816345215	44.99699783325195	40.125	50.0	60.5	40.125	50.0	60.5	40.125	50.0	60.5	40.125	50.0	60.5	9.0	9.0	9.0	9.0	7.0	8.0	0.0	0.0
gate_14.999_alt0_angular1_forward20.0	-14.99899959564209	0.0	0.0	1.0	0.0	0.0	0	1	20.0	1.4969000816345215	0.0	0.0	10.125	19.75	30.5	1.4969000816345215	0.0	0.0	1.4969000816345215	44.99699783325195	40.125	50.0	60.5	40.125	50.0	60.5	40.125	50.0	60.5	40.125	50.0	60.5	9.0	9.0	9.0	9.0	7.0	8.0	0.0	0.0
gate_14.999_alt0_angular1_forward20.001	-14.99899959564209	0.0	0.0	1.0	0.0	0.0	0	1	20.000999450683594	1.4969000816345215	0.0	0.0	10.125	19.75	30.5	1.4969000816345215	0.0	0.0	1.4969000816345215	44.99699783325195	40.125	50.0	60.5	40.125	50.0	60.5	40.125	50.0	60.5	40.125	50.0	60.5	9.0	9.0	9.0	9.0	7.0	8.0	0.0	0.0
gate_14.999_alt1_angular0_forward19.999	-14.99899959564209	0.0	0.0	1.0	0.0	0.0	1	0	19.999000549316406	1.4969000816345215	0.0	0.0	10.125	19.75	30.5	0.0	0.0	1.4969000816345215	1.4969000816345215	44.99699783325195	40.125	50.0	60.5	40.125	50.0	60.5	40.125	50.0	60.5	40.125	50.0	60.5	0.0	0.0	0.0	0.0	0.0	0.0	0.375	1234.0
gate_14.999_alt1_angular0_forward20.0	-14.99899959564209	0.0	0.0	1.0	0.0	0.0	1	0	20.0	1.4969000816345215	0.0	0.0	10.125	19.75	30.5	0.0	0.0	1.4969000816345215	1.4969000816345215	44.99699783325195	40.125	50.0	60.5	40.125	50.0	60.5	40.125	50.0	60.5	40.125	50.0	60.5	0.0	0.0	0.0	0.0	0.0	0.0	0.375	1234.0
gate_14.999_alt1_angular0_forward20.001	-14.99899959564209	0.0	0.0	1.0	0.0	0.0	1	0	20.000999450683594	1.4969000816345215	0.0	0.0	10.125	19.75	30.5	0.0	0.0	1.4969000816345215	1.4969000816345215	44.99699783325195	40.125	50.0	60.5	40.125	50.0	60.5	40.125	50.0	60.5	40.125	50.0	60.5	0.0	0.0	0.0	0.0	0.0	0.0	0.375	1234.0
gate_14.999_alt1_angular1_forward19.999	-14.99899959564209	0.0	0.0	1.0	0.0	0.0	1	1	19.999000549316406	1.4969000816345215	0.0	0.0	10.125	19.75	30.5	0.0	0.0	1.4969000816345215	1.4969000816345215	44.99699783325195	40.125	50.0	60.5	40.125	50.0	60.5	40.125	50.0	60.5	40.125	50.0	60.5	0.0	0.0	0.0	0.0	0.0	0.0	0.0	0.0
gate_14.999_alt1_angular1_forward20.0	-14.99899959564209	0.0	0.0	1.0	0.0	0.0	1	1	20.0	1.4969000816345215	0.0	0.0	10.125	19.75	30.5	0.0	0.0	1.4969000816345215	1.4969000816345215	44.99699783325195	40.125	50.0	60.5	40.125	50.0	60.5	40.125	50.0	60.5	40.125	50.0	60.5	0.0	0.0	0.0	0.0	0.0	0.0	0.0	0.0
gate_14.999_alt1_angular1_forward20.001	-14.99899959564209	0.0	0.0	1.0	0.0	0.0	1	1	20.000999450683594	1.4969000816345215	0.0	0.0	10.125	19.75	30.5	0.0	0.0	1.4969000816345215	1.4969000816345215	44.99699783325195	40.125	50.0	60.5	40.125	50.0	60.5	40.125	50.0	60.5	40.125	50.0	60.5	0.0	0.0	0.0	0.0	0.0	0.0	0.0	0.0
gate_15.0_alt0_angular0_forward19.999	-15.0	0.0	0.0	1.0	0.0	0.0	0	0	19.999000549316406	1.496999979019165	0.0	0.0	10.125	19.75	30.5	1.496999979019165	0.0	0.0	1.496999979019165	45.0	40.125	50.0	60.5	40.125	50.0	60.5	40.125	50.0	60.5	40.125	50.0	60.5	9.0	9.0	9.0	9.0	7.0	8.0	0.375	1234.0
gate_15.0_alt0_angular0_forward20.0	-15.0	0.0	0.0	1.0	0.0	0.0	0	0	20.0	1.496999979019165	0.0	0.0	10.125	19.75	30.5	1.496999979019165	0.0	0.0	1.496999979019165	45.0	40.125	50.0	60.5	40.125	50.0	60.5	40.125	50.0	60.5	40.125	50.0	60.5	9.0	9.0	9.0	9.0	7.0	8.0	0.375	1234.0
gate_15.0_alt0_angular0_forward20.001	-15.0	0.0	0.0	1.0	0.0	0.0	0	0	20.000999450683594	1.496999979019165	0.0	0.0	10.125	19.75	30.5	1.496999979019165	0.0	0.0	1.496999979019165	45.0	40.125	50.0	60.5	40.125	50.0	60.5	40.125	50.0	60.5	40.125	50.0	60.5	9.0	9.0	9.0	9.0	7.0	8.0	0.375	1234.0
gate_15.0_alt0_angular1_forward19.999	-15.0	0.0	0.0	1.0	0.0	0.0	0	1	19.999000549316406	1.496999979019165	0.0	0.0	10.125	19.75	30.5	1.496999979019165	0.0	0.0	1.496999979019165	45.0	40.125	50.0	60.5	40.125	50.0	60.5	40.125	50.0	60.5	40.125	50.0	60.5	9.0	9.0	9.0	9.0	7.0	8.0	0.0	0.0
gate_15.0_alt0_angular1_forward20.0	-15.0	0.0	0.0	1.0	0.0	0.0	0	1	20.0	1.496999979019165	0.0	0.0	10.125	19.75	30.5	1.496999979019165	0.0	0.0	1.496999979019165	45.0	40.125	50.0	60.5	40.125	50.0	60.5	40.125	50.0	60.5	40.125	50.0	60.5	9.0	9.0	9.0	9.0	7.0	8.0	0.375	0.0
gate_15.0_alt0_angular1_forward20.001	-15.0	0.0	0.0	1.0	0.0	0.0	0	1	20.000999450683594	1.496999979019165	0.0	0.0	10.125	19.75	30.5	1.496999979019165	0.0	0.0	1.496999979019165	45.0	40.125	50.0	60.5	40.125	50.0	60.5	40.125	50.0	60.5	40.125	50.0	60.5	9.0	9.0	9.0	9.0	7.0	8.0	0.375	0.0
gate_15.0_alt1_angular0_forward19.999	-15.0	0.0	0.0	1.0	0.0	0.0	1	0	19.999000549316406	1.496999979019165	0.0	0.0	10.125	19.75	30.5	0.0	0.0	1.496999979019165	1.496999979019165	45.0	40.125	50.0	60.5	40.125	50.0	60.5	40.125	50.0	60.5	40.125	50.0	60.5	0.0	0.0	0.0	0.0	0.0	0.0	0.375	1234.0
gate_15.0_alt1_angular0_forward20.0	-15.0	0.0	0.0	1.0	0.0	0.0	1	0	20.0	1.496999979019165	0.0	0.0	10.125	19.75	30.5	0.0	0.0	1.496999979019165	1.496999979019165	45.0	40.125	50.0	60.5	40.125	50.0	60.5	40.125	50.0	60.5	40.125	50.0	60.5	0.0	0.0	0.0	0.0	0.0	0.0	0.375	1234.0
gate_15.0_alt1_angular0_forward20.001	-15.0	0.0	0.0	1.0	0.0	0.0	1	0	20.000999450683594	1.496999979019165	0.0	0.0	10.125	19.75	30.5	0.0	0.0	1.496999979019165	1.496999979019165	45.0	40.125	50.0	60.5	40.125	50.0	60.5	40.125	50.0	60.5	40.125	50.0	60.5	0.0	0.0	0.0	0.0	0.0	0.0	0.375	1234.0
gate_15.0_alt1_angular1_forward19.999	-15.0	0.0	0.0	1.0	0.0	0.0	1	1	19.999000549316406	1.496999979019165	0.0	0.0	10.125	19.75	30.5	0.0	0.0	1.496999979019165	1.496999979019165	45.0	40.125	50.0	60.5	40.125	50.0	60.5	40.125	50.0	60.5	40.125	50.0	60.5	0.0	0.0	0.0	0.0	0.0	0.0	0.0	0.0
gate_15.0_alt1_angular1_forward20.0	-15.0	0.0	0.0	1.0	0.0	0.0	1	1	20.0	1.496999979019165	0.0	0.0	10.125	19.75	30.5	0.0	0.0	1.496999979019165	1.496999979019165	45.0	40.125	50.0	60.5	40.125	50.0	60.5	40.125	50.0	60.5	40.125	50.0	60.5	0.0	0.0	0.0	0.0	0.0	0.0	0.375	0.0
gate_15.0_alt1_angular1_forward20.001	-15.0	0.0	0.0	1.0	0.0	0.0	1	1	20.000999450683594	1.496999979019165	0.0	0.0	10.125	19.75	30.5	0.0	0.0	1.496999979019165	1.496999979019165	45.0	40.125	50.0	60.5	40.125	50.0	60.5	40.125	50.0	60.5	40.125	50.0	60.5	0.0	0.0	0.0	0.0	0.0	0.0	0.375	0.0
gate_15.001_alt0_angular0_forward19.999	-15.00100040435791	0.0	0.0	1.0	0.0	0.0	0	0	19.999000549316406	1.4970999956130981	0.0	0.0	10.125	19.75	30.5	1.4970999956130981	0.0	0.0	1.4970999956130981	45.00300216674805	40.125	50.0	60.5	40.125	50.0	60.5	40.125	50.0	60.5	40.125	50.0	60.5	9.0	9.0	9.0	9.0	7.0	8.0	0.375	1234.0
gate_15.001_alt0_angular0_forward20.0	-15.00100040435791	0.0	0.0	1.0	0.0	0.0	0	0	20.0	1.4970999956130981	0.0	0.0	10.125	19.75	30.5	1.4970999956130981	0.0	0.0	1.4970999956130981	45.00300216674805	40.125	50.0	60.5	40.125	50.0	60.5	40.125	50.0	60.5	40.125	50.0	60.5	9.0	9.0	9.0	9.0	7.0	8.0	0.375	1234.0
gate_15.001_alt0_angular0_forward20.001	-15.00100040435791	0.0	0.0	1.0	0.0	0.0	0	0	20.000999450683594	1.4970999956130981	0.0	0.0	10.125	19.75	30.5	1.4970999956130981	0.0	0.0	1.4970999956130981	45.00300216674805	40.125	50.0	60.5	40.125	50.0	60.5	40.125	50.0	60.5	40.125	50.0	60.5	9.0	9.0	9.0	9.0	7.0	8.0	0.375	1234.0
gate_15.001_alt0_angular1_forward19.999	-15.00100040435791	0.0	0.0	1.0	0.0	0.0	0	1	19.999000549316406	1.4970999956130981	0.0	0.0	10.125	19.75	30.5	1.4970999956130981	0.0	0.0	1.4970999956130981	45.00300216674805	40.125	50.0	60.5	40.125	50.0	60.5	40.125	50.0	60.5	40.125	50.0	60.5	9.0	9.0	9.0	9.0	7.0	8.0	0.0	0.0
gate_15.001_alt0_angular1_forward20.0	-15.00100040435791	0.0	0.0	1.0	0.0	0.0	0	1	20.0	1.4970999956130981	0.0	0.0	10.125	19.75	30.5	1.4970999956130981	0.0	0.0	1.4970999956130981	45.00300216674805	40.125	50.0	60.5	40.125	50.0	60.5	40.125	50.0	60.5	40.125	50.0	60.5	9.0	9.0	9.0	9.0	7.0	8.0	0.375	0.0
gate_15.001_alt0_angular1_forward20.001	-15.00100040435791	0.0	0.0	1.0	0.0	0.0	0	1	20.000999450683594	1.4970999956130981	0.0	0.0	10.125	19.75	30.5	1.4970999956130981	0.0	0.0	1.4970999956130981	45.00300216674805	40.125	50.0	60.5	40.125	50.0	60.5	40.125	50.0	60.5	40.125	50.0	60.5	9.0	9.0	9.0	9.0	7.0	8.0	0.375	0.0
gate_15.001_alt1_angular0_forward19.999	-15.00100040435791	0.0	0.0	1.0	0.0	0.0	1	0	19.999000549316406	1.4970999956130981	0.0	0.0	10.125	19.75	30.5	0.0	0.0	1.4970999956130981	1.4970999956130981	45.00300216674805	40.125	50.0	60.5	40.125	50.0	60.5	40.125	50.0	60.5	40.125	50.0	60.5	0.0	0.0	0.0	0.0	0.0	0.0	0.375	1234.0
gate_15.001_alt1_angular0_forward20.0	-15.00100040435791	0.0	0.0	1.0	0.0	0.0	1	0	20.0	1.4970999956130981	0.0	0.0	10.125	19.75	30.5	0.0	0.0	1.4970999956130981	1.4970999956130981	45.00300216674805	40.125	50.0	60.5	40.125	50.0	60.5	40.125	50.0	60.5	40.125	50.0	60.5	0.0	0.0	0.0	0.0	0.0	0.0	0.375	1234.0
gate_15.001_alt1_angular0_forward20.001	-15.00100040435791	0.0	0.0	1.0	0.0	0.0	1	0	20.000999450683594	1.4970999956130981	0.0	0.0	10.125	19.75	30.5	0.0	0.0	1.4970999956130981	1.4970999956130981	45.00300216674805	40.125	50.0	60.5	40.125	50.0	60.5	40.125	50.0	60.5	40.125	50.0	60.5	0.0	0.0	0.0	0.0	0.0	0.0	0.375	1234.0
gate_15.001_alt1_angular1_forward19.999	-15.00100040435791	0.0	0.0	1.0	0.0	0.0	1	1	19.999000549316406	1.4970999956130981	0.0	0.0	10.125	19.75	30.5	0.0	0.0	1.4970999956130981	1.4970999956130981	45.00300216674805	40.125	50.0	60.5	40.125	50.0	60.5	40.125	50.0	60.5	40.125	50.0	60.5	0.0	0.0	0.0	0.0	0.0	0.0	0.0	0.0
gate_15.001_alt1_angular1_forward20.0	-15.00100040435791	0.0	0.0	1.0	0.0	0.0	1	1	20.0	1.4970999956130981	0.0	0.0	10.125	19.75	30.5	0.0	0.0	1.4970999956130981	1.4970999956130981	45.00300216674805	40.125	50.0	60.5	40.125	50.0	60.5	40.125	50.0	60.5	40.125	50.0	60.5	0.0	0.0	0.0	0.0	0.0	0.0	0.375	0.0
gate_15.001_alt1_angular1_forward20.001	-15.00100040435791	0.0	0.0	1.0	0.0	0.0	1	1	20.000999450683594	1.4970999956130981	0.0	0.0	10.125	19.75	30.5	0.0	0.0	1.4970999956130981	1.4970999956130981	45.00300216674805	40.125	50.0	60.5	40.125	50.0	60.5	40.125	50.0	60.5	40.125	50.0	60.5	0.0	0.0	0.0	0.0	0.0	0.0	0.375	0.0
quadrant_-0.6_-0.8_alt0_angular0_forward19.999	6.0	0.0	8.0	-0.6000000238418579	0.0	-0.800000011920929	0	0	19.999000549316406	-0.5988004207611084	0.0	-0.7984002232551575	10.125	19.75	30.5	-0.5988004207611084	0.0	-0.7984002232551575	0.9481003284454346	30.0	40.125	50.0	60.5	40.125	50.0	60.5	40.125	50.0	60.5	40.125	50.0	60.5	9.0	9.0	9.0	9.0	7.0	8.0	0.375	1234.0
quadrant_-0.6_-0.8_alt0_angular0_forward20.0	6.0	0.0	8.0	-0.6000000238418579	0.0	-0.800000011920929	0	0	20.0	-0.5988004207611084	0.0	-0.7984002232551575	10.125	19.75	30.5	-0.5988004207611084	0.0	-0.7984002232551575	0.9481003284454346	30.0	40.125	50.0	60.5	40.125	50.0	60.5	40.125	50.0	60.5	40.125	50.0	60.5	9.0	9.0	9.0	9.0	7.0	8.0	0.375	1234.0
quadrant_-0.6_-0.8_alt0_angular0_forward20.001	6.0	0.0	8.0	-0.6000000238418579	0.0	-0.800000011920929	0	0	20.000999450683594	-0.5988004207611084	0.0	-0.7984002232551575	10.125	19.75	30.5	-0.5988004207611084	0.0	-0.7984002232551575	0.9481003284454346	30.0	40.125	50.0	60.5	40.125	50.0	60.5	40.125	50.0	60.5	40.125	50.0	60.5	9.0	9.0	9.0	9.0	7.0	8.0	0.375	1234.0
quadrant_-0.6_-0.8_alt0_angular1_forward19.999	6.0	0.0	8.0	-0.6000000238418579	0.0	-0.800000011920929	0	1	19.999000549316406	-0.5988004207611084	0.0	-0.7984002232551575	10.125	19.75	30.5	-0.5988004207611084	0.0	-0.7984002232551575	0.9481003284454346	30.0	40.125	50.0	60.5	40.125	50.0	60.5	40.125	50.0	60.5	40.125	50.0	60.5	9.0	9.0	9.0	9.0	7.0	8.0	0.15000000596046448	0.0
quadrant_-0.6_-0.8_alt0_angular1_forward20.0	6.0	0.0	8.0	-0.6000000238418579	0.0	-0.800000011920929	0	1	20.0	-0.5988004207611084	0.0	-0.7984002232551575	10.125	19.75	30.5	-0.5988004207611084	0.0	-0.7984002232551575	0.9481003284454346	30.0	40.125	50.0	60.5	40.125	50.0	60.5	40.125	50.0	60.5	40.125	50.0	60.5	9.0	9.0	9.0	9.0	7.0	8.0	0.15000000596046448	0.0
quadrant_-0.6_-0.8_alt0_angular1_forward20.001	6.0	0.0	8.0	-0.6000000238418579	0.0	-0.800000011920929	0	1	20.000999450683594	-0.5988004207611084	0.0	-0.7984002232551575	10.125	19.75	30.5	-0.5988004207611084	0.0	-0.7984002232551575	0.9481003284454346	30.0	40.125	50.0	60.5	40.125	50.0	60.5	40.125	50.0	60.5	40.125	50.0	60.5	9.0	9.0	9.0	9.0	7.0	8.0	0.15000000596046448	0.0
quadrant_-0.6_-0.8_alt1_angular0_forward19.999	6.0	0.0	8.0	-0.6000000238418579	0.0	-0.800000011920929	1	0	19.999000549316406	-0.5988004207611084	0.0	-0.7984002232551575	10.125	19.75	30.5	0.7984002232551575	0.0	-0.5988004207611084	0.9481003284454346	30.0	40.125	50.0	60.5	40.125	50.0	60.5	40.125	50.0	60.5	40.125	50.0	60.5	0.0	0.0	0.0	0.0	0.0	0.0	0.375	1234.0
quadrant_-0.6_-0.8_alt1_angular0_forward20.0	6.0	0.0	8.0	-0.6000000238418579	0.0	-0.800000011920929	1	0	20.0	-0.5988004207611084	0.0	-0.7984002232551575	10.125	19.75	30.5	0.7984002232551575	0.0	-0.5988004207611084	0.9481003284454346	30.0	40.125	50.0	60.5	40.125	50.0	60.5	40.125	50.0	60.5	40.125	50.0	60.5	0.0	0.0	0.0	0.0	0.0	0.0	0.375	1234.0
quadrant_-0.6_-0.8_alt1_angular0_forward20.001	6.0	0.0	8.0	-0.6000000238418579	0.0	-0.800000011920929	1	0	20.000999450683594	-0.5988004207611084	0.0	-0.7984002232551575	10.125	19.75	30.5	0.7984002232551575	0.0	-0.5988004207611084	0.9481003284454346	30.0	40.125	50.0	60.5	40.125	50.0	60.5	40.125	50.0	60.5	40.125	50.0	60.5	0.0	0.0	0.0	0.0	0.0	0.0	0.375	1234.0
quadrant_-0.6_-0.8_alt1_angular1_forward19.999	6.0	0.0	8.0	-0.6000000238418579	0.0	-0.800000011920929	1	1	19.999000549316406	-0.5988004207611084	0.0	-0.7984002232551575	10.125	19.75	30.5	0.7984002232551575	0.0	-0.5988004207611084	0.9481003284454346	30.0	40.125	50.0	60.5	40.125	50.0	60.5	40.125	50.0	60.5	40.125	50.0	60.5	0.0	0.0	0.0	0.0	0.0	0.0	0.15000000596046448	0.0
quadrant_-0.6_-0.8_alt1_angular1_forward20.0	6.0	0.0	8.0	-0.6000000238418579	0.0	-0.800000011920929	1	1	20.0	-0.5988004207611084	0.0	-0.7984002232551575	10.125	19.75	30.5	0.7984002232551575	0.0	-0.5988004207611084	0.9481003284454346	30.0	40.125	50.0	60.5	40.125	50.0	60.5	40.125	50.0	60.5	40.125	50.0	60.5	0.0	0.0	0.0	0.0	0.0	0.0	0.15000000596046448	0.0
quadrant_-0.6_-0.8_alt1_angular1_forward20.001	6.0	0.0	8.0	-0.6000000238418579	0.0	-0.800000011920929	1	1	20.000999450683594	-0.5988004207611084	0.0	-0.7984002232551575	10.125	19.75	30.5	0.7984002232551575	0.0	-0.5988004207611084	0.9481003284454346	30.0	40.125	50.0	60.5	40.125	50.0	60.5	40.125	50.0	60.5	40.125	50.0	60.5	0.0	0.0	0.0	0.0	0.0	0.0	0.15000000596046448	0.0
quadrant_-0.6_0.8_alt0_angular0_forward19.999	6.0	0.0	-8.0	-0.6000000238418579	0.0	0.800000011920929	0	0	19.999000549316406	-0.5988004207611084	0.0	0.7984002232551575	10.125	19.75	30.5	-0.5988004207611084	0.0	0.7984002232551575	0.9481003284454346	30.0	40.125	50.0	60.5	40.125	50.0	60.5	40.125	50.0	60.5	40.125	50.0	60.5	9.0	9.0	9.0	9.0	7.0	8.0	0.375	1234.0
quadrant_-0.6_0.8_alt0_angular0_forward20.0	6.0	0.0	-8.0	-0.6000000238418579	0.0	0.800000011920929	0	0	20.0	-0.5988004207611084	0.0	0.7984002232551575	10.125	19.75	30.5	-0.5988004207611084	0.0	0.7984002232551575	0.9481003284454346	30.0	40.125	50.0	60.5	40.125	50.0	60.5	40.125	50.0	60.5	40.125	50.0	60.5	9.0	9.0	9.0	9.0	7.0	8.0	0.375	1234.0
quadrant_-0.6_0.8_alt0_angular0_forward20.001	6.0	0.0	-8.0	-0.6000000238418579	0.0	0.800000011920929	0	0	20.000999450683594	-0.5988004207611084	0.0	0.7984002232551575	10.125	19.75	30.5	-0.5988004207611084	0.0	0.7984002232551575	0.9481003284454346	30.0	40.125	50.0	60.5	40.125	50.0	60.5	40.125	50.0	60.5	40.125	50.0	60.5	9.0	9.0	9.0	9.0	7.0	8.0	0.375	1234.0
quadrant_-0.6_0.8_alt0_angular1_forward19.999	6.0	0.0	-8.0	-0.6000000238418579	0.0	0.800000011920929	0	1	19.999000549316406	-0.5988004207611084	0.0	0.7984002232551575	10.125	19.75	30.5	-0.5988004207611084	0.0	0.7984002232551575	0.9481003284454346	30.0	40.125	50.0	60.5	40.125	50.0	60.5	40.125	50.0	60.5	40.125	50.0	60.5	9.0	9.0	9.0	9.0	7.0	8.0	-0.15000000596046448	0.0
quadrant_-0.6_0.8_alt0_angular1_forward20.0	6.0	0.0	-8.0	-0.6000000238418579	0.0	0.800000011920929	0	1	20.0	-0.5988004207611084	0.0	0.7984002232551575	10.125	19.75	30.5	-0.5988004207611084	0.0	0.7984002232551575	0.9481003284454346	30.0	40.125	50.0	60.5	40.125	50.0	60.5	40.125	50.0	60.5	40.125	50.0	60.5	9.0	9.0	9.0	9.0	7.0	8.0	-0.15000000596046448	0.0
quadrant_-0.6_0.8_alt0_angular1_forward20.001	6.0	0.0	-8.0	-0.6000000238418579	0.0	0.800000011920929	0	1	20.000999450683594	-0.5988004207611084	0.0	0.7984002232551575	10.125	19.75	30.5	-0.5988004207611084	0.0	0.7984002232551575	0.9481003284454346	30.0	40.125	50.0	60.5	40.125	50.0	60.5	40.125	50.0	60.5	40.125	50.0	60.5	9.0	9.0	9.0	9.0	7.0	8.0	-0.15000000596046448	0.0
quadrant_-0.6_0.8_alt1_angular0_forward19.999	6.0	0.0	-8.0	-0.6000000238418579	0.0	0.800000011920929	1	0	19.999000549316406	-0.5988004207611084	0.0	0.7984002232551575	10.125	19.75	30.5	-0.7984002232551575	0.0	-0.5988004207611084	0.9481003284454346	30.0	40.125	50.0	60.5	40.125	50.0	60.5	40.125	50.0	60.5	40.125	50.0	60.5	0.0	0.0	0.0	0.0	0.0	0.0	0.375	1234.0
quadrant_-0.6_0.8_alt1_angular0_forward20.0	6.0	0.0	-8.0	-0.6000000238418579	0.0	0.800000011920929	1	0	20.0	-0.5988004207611084	0.0	0.7984002232551575	10.125	19.75	30.5	-0.7984002232551575	0.0	-0.5988004207611084	0.9481003284454346	30.0	40.125	50.0	60.5	40.125	50.0	60.5	40.125	50.0	60.5	40.125	50.0	60.5	0.0	0.0	0.0	0.0	0.0	0.0	0.375	1234.0
quadrant_-0.6_0.8_alt1_angular0_forward20.001	6.0	0.0	-8.0	-0.6000000238418579	0.0	0.800000011920929	1	0	20.000999450683594	-0.5988004207611084	0.0	0.7984002232551575	10.125	19.75	30.5	-0.7984002232551575	0.0	-0.5988004207611084	0.9481003284454346	30.0	40.125	50.0	60.5	40.125	50.0	60.5	40.125	50.0	60.5	40.125	50.0	60.5	0.0	0.0	0.0	0.0	0.0	0.0	0.375	1234.0
quadrant_-0.6_0.8_alt1_angular1_forward19.999	6.0	0.0	-8.0	-0.6000000238418579	0.0	0.800000011920929	1	1	19.999000549316406	-0.5988004207611084	0.0	0.7984002232551575	10.125	19.75	30.5	-0.7984002232551575	0.0	-0.5988004207611084	0.9481003284454346	30.0	40.125	50.0	60.5	40.125	50.0	60.5	40.125	50.0	60.5	40.125	50.0	60.5	0.0	0.0	0.0	0.0	0.0	0.0	-0.15000000596046448	0.0
quadrant_-0.6_0.8_alt1_angular1_forward20.0	6.0	0.0	-8.0	-0.6000000238418579	0.0	0.800000011920929	1	1	20.0	-0.5988004207611084	0.0	0.7984002232551575	10.125	19.75	30.5	-0.7984002232551575	0.0	-0.5988004207611084	0.9481003284454346	30.0	40.125	50.0	60.5	40.125	50.0	60.5	40.125	50.0	60.5	40.125	50.0	60.5	0.0	0.0	0.0	0.0	0.0	0.0	-0.15000000596046448	0.0
quadrant_-0.6_0.8_alt1_angular1_forward20.001	6.0	0.0	-8.0	-0.6000000238418579	0.0	0.800000011920929	1	1	20.000999450683594	-0.5988004207611084	0.0	0.7984002232551575	10.125	19.75	30.5	-0.7984002232551575	0.0	-0.5988004207611084	0.9481003284454346	30.0	40.125	50.0	60.5	40.125	50.0	60.5	40.125	50.0	60.5	40.125	50.0	60.5	0.0	0.0	0.0	0.0	0.0	0.0	-0.15000000596046448	0.0
quadrant_0.6_-0.8_alt0_angular0_forward19.999	-6.0	0.0	8.0	0.6000000238418579	0.0	-0.800000011920929	0	0	19.999000549316406	0.5988004207611084	0.0	-0.7984002232551575	10.125	19.75	30.5	0.5988004207611084	0.0	-0.7984002232551575	0.9481003284454346	30.0	40.125	50.0	60.5	40.125	50.0	60.5	40.125	50.0	60.5	40.125	50.0	60.5	9.0	9.0	9.0	9.0	7.0	8.0	0.375	1234.0
quadrant_0.6_-0.8_alt0_angular0_forward20.0	-6.0	0.0	8.0	0.6000000238418579	0.0	-0.800000011920929	0	0	20.0	0.5988004207611084	0.0	-0.7984002232551575	10.125	19.75	30.5	0.5988004207611084	0.0	-0.7984002232551575	0.9481003284454346	30.0	40.125	50.0	60.5	40.125	50.0	60.5	40.125	50.0	60.5	40.125	50.0	60.5	9.0	9.0	9.0	9.0	7.0	8.0	0.375	1234.0
quadrant_0.6_-0.8_alt0_angular0_forward20.001	-6.0	0.0	8.0	0.6000000238418579	0.0	-0.800000011920929	0	0	20.000999450683594	0.5988004207611084	0.0	-0.7984002232551575	10.125	19.75	30.5	0.5988004207611084	0.0	-0.7984002232551575	0.9481003284454346	30.0	40.125	50.0	60.5	40.125	50.0	60.5	40.125	50.0	60.5	40.125	50.0	60.5	9.0	9.0	9.0	9.0	7.0	8.0	0.375	1234.0
quadrant_0.6_-0.8_alt0_angular1_forward19.999	-6.0	0.0	8.0	0.6000000238418579	0.0	-0.800000011920929	0	1	19.999000549316406	0.5988004207611084	0.0	-0.7984002232551575	10.125	19.75	30.5	0.5988004207611084	0.0	-0.7984002232551575	0.9481003284454346	30.0	40.125	50.0	60.5	40.125	50.0	60.5	40.125	50.0	60.5	40.125	50.0	60.5	9.0	9.0	9.0	9.0	7.0	8.0	-0.07500000298023224	0.0
quadrant_0.6_-0.8_alt0_angular1_forward20.0	-6.0	0.0	8.0	0.6000000238418579	0.0	-0.800000011920929	0	1	20.0	0.5988004207611084	0.0	-0.7984002232551575	10.125	19.75	30.5	0.5988004207611084	0.0	-0.7984002232551575	0.9481003284454346	30.0	40.125	50.0	60.5	40.125	50.0	60.5	40.125	50.0	60.5	40.125	50.0	60.5	9.0	9.0	9.0	9.0	7.0	8.0	-0.07500000298023224	0.0
quadrant_0.6_-0.8_alt0_angular1_forward20.001	-6.0	0.0	8.0	0.6000000238418579	0.0	-0.800000011920929	0	1	20.000999450683594	0.5988004207611084	0.0	-0.7984002232551575	10.125	19.75	30.5	0.5988004207611084	0.0	-0.7984002232551575	0.9481003284454346	30.0	40.125	50.0	60.5	40.125	50.0	60.5	40.125	50.0	60.5	40.125	50.0	60.5	9.0	9.0	9.0	9.0	7.0	8.0	-0.07500000298023224	0.0
quadrant_0.6_-0.8_alt1_angular0_forward19.999	-6.0	0.0	8.0	0.6000000238418579	0.0	-0.800000011920929	1	0	19.999000549316406	0.5988004207611084	0.0	-0.7984002232551575	10.125	19.75	30.5	0.7984002232551575	0.0	0.5988004207611084	0.9481003284454346	30.0	40.125	50.0	60.5	40.125	50.0	60.5	40.125	50.0	60.5	40.125	50.0	60.5	0.0	0.0	0.0	0.0	0.0	0.0	0.375	1234.0
quadrant_0.6_-0.8_alt1_angular0_forward20.0	-6.0	0.0	8.0	0.6000000238418579	0.0	-0.800000011920929	1	0	20.0	0.5988004207611084	0.0	-0.7984002232551575	10.125	19.75	30.5	0.7984002232551575	0.0	0.5988004207611084	0.9481003284454346	30.0	40.125	50.0	60.5	40.125	50.0	60.5	40.125	50.0	60.5	40.125	50.0	60.5	0.0	0.0	0.0	0.0	0.0	0.0	0.375	1234.0
quadrant_0.6_-0.8_alt1_angular0_forward20.001	-6.0	0.0	8.0	0.6000000238418579	0.0	-0.800000011920929	1	0	20.000999450683594	0.5988004207611084	0.0	-0.7984002232551575	10.125	19.75	30.5	0.7984002232551575	0.0	0.5988004207611084	0.9481003284454346	30.0	40.125	50.0	60.5	40.125	50.0	60.5	40.125	50.0	60.5	40.125	50.0	60.5	0.0	0.0	0.0	0.0	0.0	0.0	0.375	1234.0
quadrant_0.6_-0.8_alt1_angular1_forward19.999	-6.0	0.0	8.0	0.6000000238418579	0.0	-0.800000011920929	1	1	19.999000549316406	0.5988004207611084	0.0	-0.7984002232551575	10.125	19.75	30.5	0.7984002232551575	0.0	0.5988004207611084	0.9481003284454346	30.0	40.125	50.0	60.5	40.125	50.0	60.5	40.125	50.0	60.5	40.125	50.0	60.5	0.0	0.0	0.0	0.0	0.0	0.0	-0.07500000298023224	0.0
quadrant_0.6_-0.8_alt1_angular1_forward20.0	-6.0	0.0	8.0	0.6000000238418579	0.0	-0.800000011920929	1	1	20.0	0.5988004207611084	0.0	-0.7984002232551575	10.125	19.75	30.5	0.7984002232551575	0.0	0.5988004207611084	0.9481003284454346	30.0	40.125	50.0	60.5	40.125	50.0	60.5	40.125	50.0	60.5	40.125	50.0	60.5	0.0	0.0	0.0	0.0	0.0	0.0	-0.07500000298023224	0.0
quadrant_0.6_-0.8_alt1_angular1_forward20.001	-6.0	0.0	8.0	0.6000000238418579	0.0	-0.800000011920929	1	1	20.000999450683594	0.5988004207611084	0.0	-0.7984002232551575	10.125	19.75	30.5	0.7984002232551575	0.0	0.5988004207611084	0.9481003284454346	30.0	40.125	50.0	60.5	40.125	50.0	60.5	40.125	50.0	60.5	40.125	50.0	60.5	0.0	0.0	0.0	0.0	0.0	0.0	-0.07500000298023224	0.0
quadrant_0.6_0.8_alt0_angular0_forward19.999	-6.0	0.0	-8.0	0.6000000238418579	0.0	0.800000011920929	0	0	19.999000549316406	0.5988004207611084	0.0	0.7984002232551575	10.125	19.75	30.5	0.5988004207611084	0.0	0.7984002232551575	0.9481003284454346	30.0	40.125	50.0	60.5	40.125	50.0	60.5	40.125	50.0	60.5	40.125	50.0	60.5	9.0	9.0	9.0	9.0	7.0	8.0	0.375	1234.0
quadrant_0.6_0.8_alt0_angular0_forward20.0	-6.0	0.0	-8.0	0.6000000238418579	0.0	0.800000011920929	0	0	20.0	0.5988004207611084	0.0	0.7984002232551575	10.125	19.75	30.5	0.5988004207611084	0.0	0.7984002232551575	0.9481003284454346	30.0	40.125	50.0	60.5	40.125	50.0	60.5	40.125	50.0	60.5	40.125	50.0	60.5	9.0	9.0	9.0	9.0	7.0	8.0	0.375	1234.0
quadrant_0.6_0.8_alt0_angular0_forward20.001	-6.0	0.0	-8.0	0.6000000238418579	0.0	0.800000011920929	0	0	20.000999450683594	0.5988004207611084	0.0	0.7984002232551575	10.125	19.75	30.5	0.5988004207611084	0.0	0.7984002232551575	0.9481003284454346	30.0	40.125	50.0	60.5	40.125	50.0	60.5	40.125	50.0	60.5	40.125	50.0	60.5	9.0	9.0	9.0	9.0	7.0	8.0	0.375	1234.0
quadrant_0.6_0.8_alt0_angular1_forward19.999	-6.0	0.0	-8.0	0.6000000238418579	0.0	0.800000011920929	0	1	19.999000549316406	0.5988004207611084	0.0	0.7984002232551575	10.125	19.75	30.5	0.5988004207611084	0.0	0.7984002232551575	0.9481003284454346	30.0	40.125	50.0	60.5	40.125	50.0	60.5	40.125	50.0	60.5	40.125	50.0	60.5	9.0	9.0	9.0	9.0	7.0	8.0	0.07500000298023224	0.0
quadrant_0.6_0.8_alt0_angular1_forward20.0	-6.0	0.0	-8.0	0.6000000238418579	0.0	0.800000011920929	0	1	20.0	0.5988004207611084	0.0	0.7984002232551575	10.125	19.75	30.5	0.5988004207611084	0.0	0.7984002232551575	0.9481003284454346	30.0	40.125	50.0	60.5	40.125	50.0	60.5	40.125	50.0	60.5	40.125	50.0	60.5	9.0	9.0	9.0	9.0	7.0	8.0	0.07500000298023224	0.0
quadrant_0.6_0.8_alt0_angular1_forward20.001	-6.0	0.0	-8.0	0.6000000238418579	0.0	0.800000011920929	0	1	20.000999450683594	0.5988004207611084	0.0	0.7984002232551575	10.125	19.75	30.5	0.5988004207611084	0.0	0.7984002232551575	0.9481003284454346	30.0	40.125	50.0	60.5	40.125	50.0	60.5	40.125	50.0	60.5	40.125	50.0	60.5	9.0	9.0	9.0	9.0	7.0	8.0	0.07500000298023224	0.0
quadrant_0.6_0.8_alt1_angular0_forward19.999	-6.0	0.0	-8.0	0.6000000238418579	0.0	0.800000011920929	1	0	19.999000549316406	0.5988004207611084	0.0	0.7984002232551575	10.125	19.75	30.5	-0.7984002232551575	0.0	0.5988004207611084	0.9481003284454346	30.0	40.125	50.0	60.5	40.125	50.0	60.5	40.125	50.0	60.5	40.125	50.0	60.5	0.0	0.0	0.0	0.0	0.0	0.0	0.375	1234.0
quadrant_0.6_0.8_alt1_angular0_forward20.0	-6.0	0.0	-8.0	0.6000000238418579	0.0	0.800000011920929	1	0	20.0	0.5988004207611084	0.0	0.7984002232551575	10.125	19.75	30.5	-0.7984002232551575	0.0	0.5988004207611084	0.9481003284454346	30.0	40.125	50.0	60.5	40.125	50.0	60.5	40.125	50.0	60.5	40.125	50.0	60.5	0.0	0.0	0.0	0.0	0.0	0.0	0.375	1234.0
quadrant_0.6_0.8_alt1_angular0_forward20.001	-6.0	0.0	-8.0	0.6000000238418579	0.0	0.800000011920929	1	0	20.000999450683594	0.5988004207611084	0.0	0.7984002232551575	10.125	19.75	30.5	-0.7984002232551575	0.0	0.5988004207611084	0.9481003284454346	30.0	40.125	50.0	60.5	40.125	50.0	60.5	40.125	50.0	60.5	40.125	50.0	60.5	0.0	0.0	0.0	0.0	0.0	0.0	0.375	1234.0
quadrant_0.6_0.8_alt1_angular1_forward19.999	-6.0	0.0	-8.0	0.6000000238418579	0.0	0.800000011920929	1	1	19.999000549316406	0.5988004207611084	0.0	0.7984002232551575	10.125	19.75	30.5	-0.7984002232551575	0.0	0.5988004207611084	0.9481003284454346	30.0	40.125	50.0	60.5	40.125	50.0	60.5	40.125	50.0	60.5	40.125	50.0	60.5	0.0	0.0	0.0	0.0	0.0	0.0	0.07500000298023224	0.0
quadrant_0.6_0.8_alt1_angular1_forward20.0	-6.0	0.0	-8.0	0.6000000238418579	0.0	0.800000011920929	1	1	20.0	0.5988004207611084	0.0	0.7984002232551575	10.125	19.75	30.5	-0.7984002232551575	0.0	0.5988004207611084	0.9481003284454346	30.0	40.125	50.0	60.5	40.125	50.0	60.5	40.125	50.0	60.5	40.125	50.0	60.5	0.0	0.0	0.0	0.0	0.0	0.0	0.07500000298023224	0.0
quadrant_0.6_0.8_alt1_angular1_forward20.001	-6.0	0.0	-8.0	0.6000000238418579	0.0	0.800000011920929	1	1	20.000999450683594	0.5988004207611084	0.0	0.7984002232551575	10.125	19.75	30.5	-0.7984002232551575	0.0	0.5988004207611084	0.9481003284454346	30.0	40.125	50.0	60.5	40.125	50.0	60.5	40.125	50.0	60.5	40.125	50.0	60.5	0.0	0.0	0.0	0.0	0.0	0.0	0.07500000298023224	0.0
